elapsed_seconds, cpu_percentage, threads, stack_committed_mb, stack_reserved_mb, heap_used_mb, eden_mb, s0_kb, s1_kb, old_mb, meta_mb, compressed_class_mb, ygc, ygct, fgc, fgct, cgc, cgct, gct
2, 109.2, 24, 1, 25, 0.0, 0, 0.0, 0.0, 0, 0, 0, 0, 0.000, 0, 0.000, 0, 0.000, 0.000
3, 351.4, 26, 1, 25, 26.0, 26, 0.0, 0.0, 0, 21, 2, 0, 0.000, 0, 0.000, 5, 0.000, 0.000
4, 131.5, 31, 1, 30, 26.0, 26, 0.0, 0.0, 0, 21, 2, 0, 0.000, 0, 0.000, 5, 0.000, 0.000
6, 1.1, 31, 1, 30, 26.0, 26, 0.0, 0.0, 0, 21, 2, 0, 0.000, 0, 0.000, 5, 0.000, 0.000
7, 1.1, 31, 1, 30, 26.0, 26, 0.0, 0.0, 0, 21, 2, 0, 0.000, 0, 0.000, 5, 0.000, 0.000
8, 1.1, 31, 1, 30, 26.0, 26, 0.0, 0.0, 0, 21, 2, 0, 0.000, 0, 0.000, 5, 0.000, 0.000
9, 1.1, 30, 1, 29, 26.0, 26, 0.0, 0.0, 0, 21, 2, 0, 0.000, 0, 0.000, 5, 0.000, 0.000
11, 1.1, 30, 1, 29, 26.0, 26, 0.0, 0.0, 0, 21, 2, 0, 0.000, 0, 0.000, 5, 0.000, 0.000
12, 1.1, 30, 1, 29, 26.0, 26, 0.0, 0.0, 0, 21, 2, 0, 0.000, 0, 0.000, 5, 0.000, 0.000
13, 1.1, 30, 1, 29, 26.0, 26, 0.0, 0.0, 0, 21, 2, 0, 0.000, 0, 0.000, 5, 0.000, 0.000
14, 1.3, 30, 1, 29, 26.0, 26, 0.0, 0.0, 0, 21, 2, 0, 0.000, 0, 0.000, 5, 0.000, 0.000
16, 1.1, 30, 1, 29, 26.0, 26, 0.0, 0.0, 0, 21, 2, 0, 0.000, 0, 0.000, 5, 0.000, 0.000
17, 1.0, 30, 1, 29, 26.0, 26, 0.0, 0.0, 0, 21, 2, 0, 0.000, 0, 0.000, 5, 0.000, 0.000
18, 1.1, 30, 1, 29, 26.0, 26, 0.0, 0.0, 0, 21, 2, 0, 0.000, 0, 0.000, 5, 0.000, 0.000
19, 1.1, 30, 1, 29, 26.0, 26, 0.0, 0.0, 0, 21, 2, 0, 0.000, 0, 0.000, 5, 0.000, 0.000
21, 1.1, 30, 1, 29, 26.0, 26, 0.0, 0.0, 0, 21, 2, 0, 0.000, 0, 0.000, 5, 0.000, 0.000
22, 1.1, 30, 1, 29, 26.0, 26, 0.0, 0.0, 0, 21, 2, 0, 0.000, 0, 0.000, 5, 0.000, 0.000
23, 1.1, 30, 1, 29, 26.0, 26, 0.0, 0.0, 0, 21, 2, 0, 0.000, 0, 0.000, 5, 0.000, 0.000
24, 1.2, 30, 1, 29, 26.0, 26, 0.0, 0.0, 0, 21, 2, 0, 0.000, 0, 0.000, 5, 0.000, 0.000
26, 1.1, 30, 1, 29, 26.0, 26, 0.0, 0.0, 0, 21, 2, 0, 0.000, 0, 0.000, 5, 0.000, 0.000
27, 1.1, 30, 1, 29, 26.0, 26, 0.0, 0.0, 0, 21, 2, 0, 0.000, 0, 0.000, 5, 0.000, 0.000
28, 1.1, 30, 1, 29, 26.0, 26, 0.0, 0.0, 0, 21, 2, 0, 0.000, 0, 0.000, 5, 0.000, 0.000
29, 1.1, 30, 1, 29, 26.0, 26, 0.0, 0.0, 0, 21, 2, 0, 0.000, 0, 0.000, 5, 0.000, 0.000
31, 1.2, 30, 1, 29, 26.0, 26, 0.0, 0.0, 0, 21, 2, 0, 0.000, 0, 0.000, 5, 0.000, 0.000
32, 1.1, 30, 1, 29, 26.0, 26, 0.0, 0.0, 0, 21, 2, 0, 0.000, 0, 0.000, 5, 0.000, 0.000
33, 1.1, 30, 1, 29, 26.0, 26, 0.0, 0.0, 0, 21, 2, 0, 0.000, 0, 0.000, 5, 0.000, 0.000
34, 1.2, 30, 1, 29, 26.0, 26, 0.0, 0.0, 0, 21, 2, 0, 0.000, 0, 0.000, 5, 0.000, 0.000
35, 1.1, 30, 1, 29, 26.0, 26, 0.0, 0.0, 0, 21, 2, 0, 0.000, 0, 0.000, 5, 0.000, 0.000
37, 1.1, 30, 1, 29, 26.0, 26, 0.0, 0.0, 0, 21, 2, 0, 0.000, 0, 0.000, 5, 0.000, 0.000
38, 253.0, 37, 2, 36, 26.0, 26, 0.0, 0.0, 0, 21, 2, 0, 0.000, 0, 0.000, 5, 0.000, 0.000
39, 178.8, 37, 2, 36, 26.0, 26, 0.0, 0.0, 0, 21, 2, 0, 0.000, 0, 0.000, 5, 0.000, 0.000
41, 168.3, 37, 2, 36, 26.0, 26, 0.0, 0.0, 0, 21, 2, 0, 0.000, 0, 0.000, 5, 0.000, 0.000
42, 160.0, 37, 2, 36, 26.0, 26, 0.0, 0.0, 0, 21, 2, 0, 0.000, 0, 0.000, 5, 0.000, 0.000
43, 43.1, 36, 2, 35, 26.0, 26, 0.0, 0.0, 0, 21, 2, 0, 0.000, 0, 0.000, 5, 0.000, 0.000
45, 28.3, 36, 2, 35, 26.0, 26, 0.0, 0.0, 0, 21, 2, 0, 0.000, 0, 0.000, 5, 0.000, 0.000
46, 25.1, 36, 2, 35, 26.0, 26, 0.0, 0.0, 0, 21, 2, 0, 0.000, 0, 0.000, 5, 0.000, 0.000
47, 27.1, 36, 2, 35, 26.0, 26, 0.0, 0.0, 0, 21, 2, 0, 0.000, 0, 0.000, 5, 0.000, 0.000
48, 28.3, 36, 2, 35, 26.0, 26, 0.0, 0.0, 0, 21, 2, 0, 0.000, 0, 0.000, 5, 0.000, 0.000
50, 26.5, 36, 2, 35, 26.0, 26, 0.0, 0.0, 0, 21, 2, 0, 0.000, 0, 0.000, 5, 0.000, 0.000
51, 41.0, 36, 2, 35, 26.0, 26, 0.0, 0.0, 0, 21, 2, 0, 0.000, 0, 0.000, 5, 0.000, 0.000
52, 26.1, 36, 2, 35, 26.0, 26, 0.0, 0.0, 0, 21, 2, 0, 0.000, 0, 0.000, 5, 0.000, 0.000
53, 27.3, 36, 2, 35, 26.0, 26, 0.0, 0.0, 0, 21, 2, 0, 0.000, 0, 0.000, 5, 0.000, 0.000
55, 24.0, 36, 2, 35, 368.0, 368, 0.0, 0.0, 0, 32, 4, 0, 0.000, 0, 0.000, 8, 0.000, 0.000
56, 23.4, 36, 2, 35, 66.0, 66, 0.0, 0.0, 0, 32, 4, 0, 0.000, 0, 0.000, 10, 0.000, 0.000
57, 20.6, 36, 2, 35, 66.0, 66, 0.0, 0.0, 0, 32, 4, 0, 0.000, 0, 0.000, 10, 0.000, 0.000
58, 22.5, 36, 2, 35, 66.0, 66, 0.0, 0.0, 0, 32, 4, 0, 0.000, 0, 0.000, 10, 0.000, 0.000
60, 20.2, 36, 2, 35, 66.0, 66, 0.0, 0.0, 0, 32, 4, 0, 0.000, 0, 0.000, 10, 0.000, 0.000
61, 19.7, 36, 2, 35, 66.0, 66, 0.0, 0.0, 0, 32, 4, 0, 0.000, 0, 0.000, 10, 0.000, 0.000
62, 20.7, 36, 2, 35, 66.0, 66, 0.0, 0.0, 0, 32, 4, 0, 0.000, 0, 0.000, 10, 0.000, 0.000
63, 19.6, 36, 2, 35, 66.0, 66, 0.0, 0.0, 0, 32, 4, 0, 0.000, 0, 0.000, 10, 0.000, 0.000
65, 20.3, 36, 2, 35, 66.0, 66, 0.0, 0.0, 0, 32, 4, 0, 0.000, 0, 0.000, 10, 0.000, 0.000
66, 20.3, 36, 2, 35, 66.0, 66, 0.0, 0.0, 0, 32, 4, 0, 0.000, 0, 0.000, 10, 0.000, 0.000
67, 19.6, 36, 2, 35, 66.0, 66, 0.0, 0.0, 0, 32, 4, 0, 0.000, 0, 0.000, 10, 0.000, 0.000
68, 19.2, 36, 2, 35, 66.0, 66, 0.0, 0.0, 0, 32, 4, 0, 0.000, 0, 0.000, 10, 0.000, 0.000
70, 18.7, 36, 2, 35, 66.0, 66, 0.0, 0.0, 0, 32, 4, 0, 0.000, 0, 0.000, 10, 0.000, 0.000
71, 17.8, 36, 2, 35, 66.0, 66, 0.0, 0.0, 0, 32, 4, 0, 0.000, 0, 0.000, 10, 0.000, 0.000
72, 18.5, 36, 2, 35, 66.0, 66, 0.0, 0.0, 0, 32, 4, 0, 0.000, 0, 0.000, 10, 0.000, 0.000
73, 17.4, 36, 2, 35, 66.0, 66, 0.0, 0.0, 0, 32, 4, 0, 0.000, 0, 0.000, 10, 0.000, 0.000
75, 17.6, 36, 2, 35, 66.0, 66, 0.0, 0.0, 0, 32, 4, 0, 0.000, 0, 0.000, 10, 0.000, 0.000
76, 17.4, 36, 2, 35, 66.0, 66, 0.0, 0.0, 0, 32, 4, 0, 0.000, 0, 0.000, 10, 0.000, 0.000
77, 20.0, 36, 2, 35, 66.0, 66, 0.0, 0.0, 0, 32, 4, 0, 0.000, 0, 0.000, 10, 0.000, 0.000
78, 21.0, 36, 2, 35, 66.0, 66, 0.0, 0.0, 0, 32, 4, 0, 0.000, 0, 0.000, 10, 0.000, 0.000
80, 22.4, 36, 2, 35, 66.0, 66, 0.0, 0.0, 0, 32, 4, 0, 0.000, 0, 0.000, 10, 0.000, 0.000
81, 22.1, 36, 2, 35, 66.0, 66, 0.0, 0.0, 0, 32, 4, 0, 0.000, 0, 0.000, 10, 0.000, 0.000
82, 20.3, 36, 2, 35, 66.0, 66, 0.0, 0.0, 0, 32, 4, 0, 0.000, 0, 0.000, 10, 0.000, 0.000
83, 21.2, 36, 2, 35, 66.0, 66, 0.0, 0.0, 0, 32, 4, 0, 0.000, 0, 0.000, 10, 0.000, 0.000
85, 21.0, 36, 2, 35, 66.0, 66, 0.0, 0.0, 0, 32, 4, 0, 0.000, 0, 0.000, 10, 0.000, 0.000
86, 20.7, 36, 2, 35, 66.0, 66, 0.0, 0.0, 0, 32, 4, 0, 0.000, 0, 0.000, 10, 0.000, 0.000
87, 21.4, 36, 2, 35, 66.0, 66, 0.0, 0.0, 0, 32, 4, 0, 0.000, 0, 0.000, 10, 0.000, 0.000
88, 24.0, 36, 2, 35, 66.0, 66, 0.0, 0.0, 0, 32, 4, 0, 0.000, 0, 0.000, 10, 0.000, 0.000
90, 23.5, 36, 2, 35, 66.0, 66, 0.0, 0.0, 0, 32, 4, 0, 0.000, 0, 0.000, 10, 0.000, 0.000
91, 20.2, 36, 2, 35, 66.0, 66, 0.0, 0.0, 0, 32, 4, 0, 0.000, 0, 0.000, 10, 0.000, 0.000
92, 20.0, 36, 2, 35, 66.0, 66, 0.0, 0.0, 0, 32, 4, 0, 0.000, 0, 0.000, 10, 0.000, 0.000
93, 19.8, 36, 2, 35, 66.0, 66, 0.0, 0.0, 0, 32, 4, 0, 0.000, 0, 0.000, 10, 0.000, 0.000
94, 20.5, 36, 2, 35, 66.0, 66, 0.0, 0.0, 0, 32, 4, 0, 0.000, 0, 0.000, 10, 0.000, 0.000
96, 21.3, 36, 2, 35, 66.0, 66, 0.0, 0.0, 0, 32, 4, 0, 0.000, 0, 0.000, 10, 0.000, 0.000
97, 20.1, 36, 2, 35, 66.0, 66, 0.0, 0.0, 0, 32, 4, 0, 0.000, 0, 0.000, 10, 0.000, 0.000
98, 22.0, 36, 2, 35, 66.0, 66, 0.0, 0.0, 0, 32, 4, 0, 0.000, 0, 0.000, 10, 0.000, 0.000
99, 21.5, 36, 2, 35, 56.0, 14, 0.0, 0.0, 42, 32, 4, 0, 0.000, 0, 0.000, 15, 0.000, 0.000
101, 18.0, 36, 2, 35, 56.0, 14, 0.0, 0.0, 42, 32, 4, 0, 0.000, 0, 0.000, 15, 0.000, 0.000
102, 19.7, 36, 2, 35, 56.0, 14, 0.0, 0.0, 42, 32, 4, 0, 0.000, 0, 0.000, 15, 0.000, 0.000
103, 19.6, 36, 2, 35, 56.0, 14, 0.0, 0.0, 42, 32, 4, 0, 0.000, 0, 0.000, 15, 0.000, 0.000
105, 18.8, 36, 2, 35, 56.0, 14, 0.0, 0.0, 42, 32, 4, 0, 0.000, 0, 0.000, 15, 0.000, 0.000
106, 17.4, 36, 2, 35, 56.0, 14, 0.0, 0.0, 42, 32, 4, 0, 0.000, 0, 0.000, 15, 0.000, 0.000
107, 17.4, 36, 2, 35, 56.0, 14, 0.0, 0.0, 42, 32, 4, 0, 0.000, 0, 0.000, 15, 0.000, 0.000
108, 18.3, 36, 2, 35, 56.0, 14, 0.0, 0.0, 42, 32, 4, 0, 0.000, 0, 0.000, 15, 0.000, 0.000
109, 18.5, 36, 2, 35, 56.0, 14, 0.0, 0.0, 42, 32, 4, 0, 0.000, 0, 0.000, 15, 0.000, 0.000
111, 18.0, 36, 2, 35, 56.0, 14, 0.0, 0.0, 42, 32, 4, 0, 0.000, 0, 0.000, 15, 0.000, 0.000
112, 17.6, 36, 2, 35, 56.0, 14, 0.0, 0.0, 42, 32, 4, 0, 0.000, 0, 0.000, 15, 0.000, 0.000
113, 18.1, 36, 2, 35, 56.0, 14, 0.0, 0.0, 42, 32, 4, 0, 0.000, 0, 0.000, 15, 0.000, 0.000
114, 17.8, 36, 2, 35, 56.0, 14, 0.0, 0.0, 42, 32, 4, 0, 0.000, 0, 0.000, 15, 0.000, 0.000
116, 18.7, 36, 2, 35, 56.0, 14, 0.0, 0.0, 42, 32, 4, 0, 0.000, 0, 0.000, 15, 0.000, 0.000
117, 19.0, 36, 2, 35, 56.0, 14, 0.0, 0.0, 42, 32, 4, 0, 0.000, 0, 0.000, 15, 0.000, 0.000
118, 20.1, 36, 2, 35, 56.0, 14, 0.0, 0.0, 42, 32, 4, 0, 0.000, 0, 0.000, 15, 0.000, 0.000
119, 18.8, 36, 2, 35, 56.0, 14, 0.0, 0.0, 42, 32, 4, 0, 0.000, 0, 0.000, 15, 0.000, 0.000
121, 19.1, 36, 2, 35, 56.0, 14, 0.0, 0.0, 42, 32, 4, 0, 0.000, 0, 0.000, 15, 0.000, 0.000
122, 17.8, 36, 2, 35, 56.0, 14, 0.0, 0.0, 42, 32, 4, 0, 0.000, 0, 0.000, 15, 0.000, 0.000
123, 19.3, 36, 2, 35, 56.0, 14, 0.0, 0.0, 42, 32, 4, 0, 0.000, 0, 0.000, 15, 0.000, 0.000
124, 18.7, 36, 2, 35, 56.0, 14, 0.0, 0.0, 42, 32, 4, 0, 0.000, 0, 0.000, 15, 0.000, 0.000
126, 17.1, 36, 2, 35, 56.0, 14, 0.0, 0.0, 42, 32, 4, 0, 0.000, 0, 0.000, 15, 0.000, 0.000
127, 16.9, 36, 2, 35, 56.0, 14, 0.0, 0.0, 42, 32, 4, 0, 0.000, 0, 0.000, 15, 0.000, 0.000
128, 18.9, 36, 2, 35, 56.0, 14, 0.0, 0.0, 42, 32, 4, 0, 0.000, 0, 0.000, 15, 0.000, 0.000
129, 18.5, 36, 2, 35, 56.0, 14, 0.0, 0.0, 42, 32, 4, 0, 0.000, 0, 0.000, 15, 0.000, 0.000
131, 18.6, 36, 2, 35, 56.0, 14, 0.0, 0.0, 42, 32, 4, 0, 0.000, 0, 0.000, 15, 0.000, 0.000
132, 18.1, 36, 2, 35, 56.0, 14, 0.0, 0.0, 42, 32, 4, 0, 0.000, 0, 0.000, 15, 0.000, 0.000
133, 20.4, 36, 2, 35, 56.0, 14, 0.0, 0.0, 42, 32, 4, 0, 0.000, 0, 0.000, 15, 0.000, 0.000
134, 17.2, 36, 2, 35, 56.0, 14, 0.0, 0.0, 42, 32, 4, 0, 0.000, 0, 0.000, 15, 0.000, 0.000
136, 17.1, 36, 2, 35, 56.0, 14, 0.0, 0.0, 42, 32, 4, 0, 0.000, 0, 0.000, 15, 0.000, 0.000
137, 18.4, 36, 2, 35, 56.0, 14, 0.0, 0.0, 42, 32, 4, 0, 0.000, 0, 0.000, 15, 0.000, 0.000
138, 18.7, 36, 2, 35, 56.0, 14, 0.0, 0.0, 42, 32, 4, 0, 0.000, 0, 0.000, 15, 0.000, 0.000
139, 20.0, 36, 2, 35, 56.0, 14, 0.0, 0.0, 42, 32, 4, 0, 0.000, 0, 0.000, 15, 0.000, 0.000
141, 19.1, 36, 2, 35, 56.0, 14, 0.0, 0.0, 42, 32, 4, 0, 0.000, 0, 0.000, 15, 0.000, 0.000
142, 18.6, 36, 2, 35, 56.0, 14, 0.0, 0.0, 42, 32, 4, 0, 0.000, 0, 0.000, 15, 0.000, 0.000
143, 17.6, 36, 2, 35, 56.0, 14, 0.0, 0.0, 42, 32, 4, 0, 0.000, 0, 0.000, 15, 0.000, 0.000
144, 19.3, 36, 2, 35, 56.0, 14, 0.0, 0.0, 42, 32, 4, 0, 0.000, 0, 0.000, 15, 0.000, 0.000
146, 20.5, 36, 2, 35, 56.0, 14, 0.0, 0.0, 42, 32, 4, 0, 0.000, 0, 0.000, 15, 0.000, 0.000
147, 20.0, 36, 2, 35, 56.0, 14, 0.0, 0.0, 42, 32, 4, 0, 0.000, 0, 0.000, 15, 0.000, 0.000
148, 21.3, 36, 2, 35, 56.0, 14, 0.0, 0.0, 42, 32, 4, 0, 0.000, 0, 0.000, 15, 0.000, 0.000
149, 20.8, 36, 2, 35, 56.0, 14, 0.0, 0.0, 42, 32, 4, 0, 0.000, 0, 0.000, 15, 0.000, 0.000
151, 20.4, 36, 2, 35, 56.0, 14, 0.0, 0.0, 42, 32, 4, 0, 0.000, 0, 0.000, 15, 0.000, 0.000
152, 20.5, 36, 2, 35, 56.0, 14, 0.0, 0.0, 42, 32, 4, 0, 0.000, 0, 0.000, 15, 0.000, 0.000
153, 19.8, 36, 2, 35, 56.0, 14, 0.0, 0.0, 42, 32, 4, 0, 0.000, 0, 0.000, 15, 0.000, 0.000
154, 21.5, 36, 2, 35, 56.0, 14, 0.0, 0.0, 42, 32, 4, 0, 0.000, 0, 0.000, 15, 0.000, 0.000
156, 19.5, 36, 2, 35, 56.0, 14, 0.0, 0.0, 42, 32, 4, 0, 0.000, 0, 0.000, 15, 0.000, 0.000
157, 20.7, 36, 2, 36, 56.0, 14, 0.0, 0.0, 42, 32, 4, 0, 0.000, 0, 0.000, 15, 0.000, 0.000
158, 58.8, 36, 2, 36, 56.0, 14, 0.0, 0.0, 42, 32, 4, 0, 0.000, 0, 0.000, 15, 0.000, 0.000
160, 89.1, 36, 2, 35, 416.0, 374, 0.0, 0.0, 42, 32, 4, 0, 0.000, 0, 0.000, 20, 0.000, 0.000
161, 58.7, 36, 2, 35, 416.0, 374, 0.0, 0.0, 42, 32, 4, 0, 0.000, 0, 0.000, 20, 0.000, 0.000
162, 60.7, 36, 2, 35, 416.0, 374, 0.0, 0.0, 42, 32, 4, 0, 0.000, 0, 0.000, 20, 0.000, 0.000
163, 52.6, 36, 2, 35, 416.0, 374, 0.0, 0.0, 42, 32, 4, 0, 0.000, 0, 0.000, 20, 0.000, 0.000
165, 68.5, 36, 2, 35, 416.0, 374, 0.0, 0.0, 42, 32, 4, 0, 0.000, 0, 0.000, 20, 0.000, 0.000
166, 55.9, 36, 2, 35, 416.0, 374, 0.0, 0.0, 42, 32, 4, 0, 0.000, 0, 0.000, 20, 0.000, 0.000
167, 58.0, 36, 2, 35, 416.0, 374, 0.0, 0.0, 42, 32, 4, 0, 0.000, 0, 0.000, 20, 0.000, 0.000
168, 59.8, 36, 2, 35, 416.0, 374, 0.0, 0.0, 42, 32, 4, 0, 0.000, 0, 0.000, 20, 0.000, 0.000
170, 63.9, 36, 2, 35, 416.0, 374, 0.0, 0.0, 42, 32, 4, 0, 0.000, 0, 0.000, 20, 0.000, 0.000
171, 65.9, 36, 2, 35, 416.0, 374, 0.0, 0.0, 42, 32, 4, 0, 0.000, 0, 0.000, 20, 0.000, 0.000
172, 69.1, 36, 2, 35, 416.0, 374, 0.0, 0.0, 42, 32, 4, 0, 0.000, 0, 0.000, 20, 0.000, 0.000
174, 77.3, 36, 2, 35, 416.0, 374, 0.0, 0.0, 42, 32, 4, 0, 0.000, 0, 0.000, 20, 0.000, 0.000
175, 80.7, 36, 2, 35, 416.0, 374, 0.0, 0.0, 42, 32, 4, 0, 0.000, 0, 0.000, 20, 0.000, 0.000
176, 147.8, 36, 2, 35, 1172.0, 1126, 0.0, 0.0, 46, 32, 4, 0, 0.000, 0, 0.000, 25, 0.000, 0.000
177, 86.0, 36, 2, 35, 1172.0, 1126, 0.0, 0.0, 46, 32, 4, 0, 0.000, 0, 0.000, 25, 0.000, 0.000
179, 73.6, 36, 2, 35, 1172.0, 1126, 0.0, 0.0, 46, 32, 4, 0, 0.000, 0, 0.000, 25, 0.000, 0.000
180, 72.7, 36, 2, 35, 1172.0, 1126, 0.0, 0.0, 46, 32, 4, 0, 0.000, 0, 0.000, 25, 0.000, 0.000
181, 73.5, 36, 2, 35, 1172.0, 1126, 0.0, 0.0, 46, 32, 4, 0, 0.000, 0, 0.000, 25, 0.000, 0.000
182, 74.5, 36, 2, 35, 1172.0, 1126, 0.0, 0.0, 46, 32, 4, 0, 0.000, 0, 0.000, 25, 0.000, 0.000
184, 74.1, 36, 2, 35, 1172.0, 1126, 0.0, 0.0, 46, 32, 4, 0, 0.000, 0, 0.000, 25, 0.000, 0.000
185, 75.1, 36, 2, 35, 1172.0, 1126, 0.0, 0.0, 46, 32, 4, 0, 0.000, 0, 0.000, 25, 0.000, 0.000
186, 75.9, 36, 2, 35, 1172.0, 1126, 0.0, 0.0, 46, 32, 4, 0, 0.000, 0, 0.000, 25, 0.000, 0.000
188, 81.5, 36, 2, 35, 1172.0, 1126, 0.0, 0.0, 46, 32, 4, 0, 0.000, 0, 0.000, 25, 0.000, 0.000
189, 84.9, 36, 2, 35, 1172.0, 1126, 0.0, 0.0, 46, 32, 4, 0, 0.000, 0, 0.000, 25, 0.000, 0.000
190, 85.7, 36, 2, 35, 1172.0, 1126, 0.0, 0.0, 46, 32, 4, 0, 0.000, 0, 0.000, 25, 0.000, 0.000
191, 85.8, 36, 2, 35, 1172.0, 1126, 0.0, 0.0, 46, 32, 4, 0, 0.000, 0, 0.000, 25, 0.000, 0.000
193, 85.5, 36, 2, 35, 1172.0, 1126, 0.0, 0.0, 46, 32, 4, 0, 0.000, 0, 0.000, 25, 0.000, 0.000
194, 89.1, 36, 2, 35, 1172.0, 1126, 0.0, 0.0, 46, 32, 4, 0, 0.000, 0, 0.000, 25, 0.000, 0.000
195, 89.5, 36, 2, 35, 1172.0, 1126, 0.0, 0.0, 46, 32, 4, 0, 0.000, 0, 0.000, 25, 0.000, 0.000
197, 90.9, 36, 2, 35, 1172.0, 1126, 0.0, 0.0, 46, 32, 4, 0, 0.000, 0, 0.000, 25, 0.000, 0.000
198, 90.6, 36, 2, 35, 1172.0, 1126, 0.0, 0.0, 46, 32, 4, 0, 0.000, 0, 0.000, 25, 0.000, 0.000
199, 90.2, 36, 2, 35, 1172.0, 1126, 0.0, 0.0, 46, 32, 4, 0, 0.000, 0, 0.000, 25, 0.000, 0.000
200, 90.8, 36, 2, 35, 1172.0, 1126, 0.0, 0.0, 46, 32, 4, 0, 0.000, 0, 0.000, 25, 0.000, 0.000
202, 89.2, 36, 2, 35, 1172.0, 1126, 0.0, 0.0, 46, 32, 4, 0, 0.000, 0, 0.000, 25, 0.000, 0.000
203, 89.0, 36, 2, 35, 1172.0, 1126, 0.0, 0.0, 46, 32, 4, 0, 0.000, 0, 0.000, 25, 0.000, 0.000
204, 90.0, 36, 2, 35, 1172.0, 1126, 0.0, 0.0, 46, 32, 4, 0, 0.000, 0, 0.000, 25, 0.000, 0.000
206, 91.3, 36, 2, 35, 1172.0, 1126, 0.0, 0.0, 46, 32, 4, 0, 0.000, 0, 0.000, 25, 0.000, 0.000
207, 90.2, 36, 2, 35, 1172.0, 1126, 0.0, 0.0, 46, 32, 4, 0, 0.000, 0, 0.000, 25, 0.000, 0.000
208, 90.7, 36, 2, 35, 1172.0, 1126, 0.0, 0.0, 46, 32, 4, 0, 0.000, 0, 0.000, 25, 0.000, 0.000
209, 91.2, 36, 2, 35, 1172.0, 1126, 0.0, 0.0, 46, 32, 4, 0, 0.000, 0, 0.000, 25, 0.000, 0.000
211, 89.9, 36, 2, 35, 1172.0, 1126, 0.0, 0.0, 46, 32, 4, 0, 0.000, 0, 0.000, 25, 0.000, 0.000
212, 91.5, 36, 2, 35, 1172.0, 1126, 0.0, 0.0, 46, 32, 4, 0, 0.000, 0, 0.000, 25, 0.000, 0.000
213, 91.3, 36, 2, 35, 1172.0, 1126, 0.0, 0.0, 46, 32, 4, 0, 0.000, 0, 0.000, 25, 0.000, 0.000
215, 110.7, 36, 2, 35, 7418.0, 7376, 0.0, 0.0, 42, 32, 4, 1, 0.000, 0, 0.000, 25, 0.000, 0.000
216, 125.9, 36, 2, 35, 2918.0, 2876, 0.0, 0.0, 42, 32, 4, 3, 0.000, 0, 0.000, 25, 0.000, 0.000
217, 82.9, 36, 2, 35, 2918.0, 2876, 0.0, 0.0, 42, 32, 4, 3, 0.000, 0, 0.000, 25, 0.000, 0.000
218, 82.3, 36, 2, 35, 2918.0, 2876, 0.0, 0.0, 42, 32, 4, 3, 0.000, 0, 0.000, 25, 0.000, 0.000
220, 81.7, 36, 2, 35, 2918.0, 2876, 0.0, 0.0, 42, 32, 4, 3, 0.000, 0, 0.000, 25, 0.000, 0.000
221, 81.6, 36, 2, 35, 2918.0, 2876, 0.0, 0.0, 42, 32, 4, 3, 0.000, 0, 0.000, 25, 0.000, 0.000
222, 82.2, 36, 2, 35, 2918.0, 2876, 0.0, 0.0, 42, 32, 4, 3, 0.000, 0, 0.000, 25, 0.000, 0.000
224, 80.9, 36, 2, 35, 2918.0, 2876, 0.0, 0.0, 42, 32, 4, 3, 0.000, 0, 0.000, 25, 0.000, 0.000
225, 82.2, 36, 2, 35, 2918.0, 2876, 0.0, 0.0, 42, 32, 4, 3, 0.000, 0, 0.000, 25, 0.000, 0.000
226, 82.0, 36, 2, 35, 2918.0, 2876, 0.0, 0.0, 42, 32, 4, 3, 0.000, 0, 0.000, 25, 0.000, 0.000
227, 81.8, 36, 2, 35, 2918.0, 2876, 0.0, 0.0, 42, 32, 4, 3, 0.000, 0, 0.000, 25, 0.000, 0.000
229, 81.5, 36, 2, 35, 2918.0, 2876, 0.0, 0.0, 42, 32, 4, 3, 0.000, 0, 0.000, 25, 0.000, 0.000
230, 82.4, 36, 2, 35, 2918.0, 2876, 0.0, 0.0, 42, 32, 4, 3, 0.000, 0, 0.000, 25, 0.000, 0.000
231, 171.0, 36, 2, 35, 1396.0, 424, 0.0, 0.0, 972, 32, 4, 3, 0.000, 0, 0.000, 30, 0.000, 0.000
233, 103.4, 36, 2, 35, 1396.0, 424, 0.0, 0.0, 972, 32, 4, 3, 0.000, 0, 0.000, 30, 0.000, 0.000
234, 80.9, 36, 2, 35, 1396.0, 424, 0.0, 0.0, 972, 32, 4, 3, 0.000, 0, 0.000, 30, 0.000, 0.000
235, 81.4, 36, 2, 35, 1396.0, 424, 0.0, 0.0, 972, 32, 4, 3, 0.000, 0, 0.000, 30, 0.000, 0.000
236, 82.6, 36, 2, 35, 1396.0, 424, 0.0, 0.0, 972, 32, 4, 3, 0.000, 0, 0.000, 30, 0.000, 0.000
238, 82.7, 36, 2, 35, 1396.0, 424, 0.0, 0.0, 972, 32, 4, 3, 0.000, 0, 0.000, 30, 0.000, 0.000
239, 82.3, 36, 2, 35, 1396.0, 424, 0.0, 0.0, 972, 32, 4, 3, 0.000, 0, 0.000, 30, 0.000, 0.000
240, 82.9, 36, 2, 35, 1396.0, 424, 0.0, 0.0, 972, 32, 4, 3, 0.000, 0, 0.000, 30, 0.000, 0.000
242, 84.3, 36, 2, 35, 1396.0, 424, 0.0, 0.0, 972, 32, 4, 3, 0.000, 0, 0.000, 30, 0.000, 0.000
243, 83.3, 36, 2, 35, 1396.0, 424, 0.0, 0.0, 972, 32, 4, 3, 0.000, 0, 0.000, 30, 0.000, 0.000
244, 83.1, 36, 2, 35, 1396.0, 424, 0.0, 0.0, 972, 32, 4, 3, 0.000, 0, 0.000, 30, 0.000, 0.000
245, 81.5, 36, 2, 35, 1396.0, 424, 0.0, 0.0, 972, 32, 4, 3, 0.000, 0, 0.000, 30, 0.000, 0.000
247, 81.0, 36, 2, 35, 1396.0, 424, 0.0, 0.0, 972, 32, 4, 3, 0.000, 0, 0.000, 30, 0.000, 0.000
248, 82.0, 36, 2, 35, 1396.0, 424, 0.0, 0.0, 972, 32, 4, 3, 0.000, 0, 0.000, 30, 0.000, 0.000
249, 82.7, 36, 2, 35, 1396.0, 424, 0.0, 0.0, 972, 32, 4, 3, 0.000, 0, 0.000, 30, 0.000, 0.000
251, 82.8, 36, 2, 35, 1396.0, 424, 0.0, 0.0, 972, 32, 4, 3, 0.000, 0, 0.000, 30, 0.000, 0.000
252, 82.5, 36, 2, 35, 1396.0, 424, 0.0, 0.0, 972, 32, 4, 3, 0.000, 0, 0.000, 30, 0.000, 0.000
253, 82.3, 36, 2, 35, 1396.0, 424, 0.0, 0.0, 972, 32, 4, 3, 0.000, 0, 0.000, 30, 0.000, 0.000
254, 82.6, 36, 2, 35, 1396.0, 424, 0.0, 0.0, 972, 32, 4, 3, 0.000, 0, 0.000, 30, 0.000, 0.000
256, 81.9, 36, 2, 35, 1396.0, 424, 0.0, 0.0, 972, 32, 4, 3, 0.000, 0, 0.000, 30, 0.000, 0.000
257, 82.6, 36, 2, 35, 1396.0, 424, 0.0, 0.0, 972, 32, 4, 3, 0.000, 0, 0.000, 30, 0.000, 0.000
258, 91.3, 36, 2, 35, 1396.0, 424, 0.0, 0.0, 972, 32, 4, 3, 0.000, 0, 0.000, 30, 0.000, 0.000
260, 101.7, 36, 2, 35, 1396.0, 424, 0.0, 0.0, 972, 32, 4, 3, 0.000, 0, 0.000, 30, 0.000, 0.000
261, 89.8, 36, 2, 35, 1396.0, 424, 0.0, 0.0, 972, 32, 4, 3, 0.000, 0, 0.000, 30, 0.000, 0.000
262, 92.3, 36, 2, 35, 1396.0, 424, 0.0, 0.0, 972, 32, 4, 3, 0.000, 0, 0.000, 30, 0.000, 0.000
263, 85.8, 36, 2, 35, 1396.0, 424, 0.0, 0.0, 972, 32, 4, 3, 0.000, 0, 0.000, 30, 0.000, 0.000
265, 85.7, 36, 2, 35, 1396.0, 424, 0.0, 0.0, 972, 32, 4, 3, 0.000, 0, 0.000, 30, 0.000, 0.000
266, 85.6, 36, 2, 35, 1396.0, 424, 0.0, 0.0, 972, 32, 4, 3, 0.000, 0, 0.000, 30, 0.000, 0.000
267, 84.3, 36, 2, 35, 1396.0, 424, 0.0, 0.0, 972, 32, 4, 3, 0.000, 0, 0.000, 30, 0.000, 0.000
269, 96.4, 36, 2, 35, 7746.0, 6782, 0.0, 0.0, 964, 32, 4, 4, 0.000, 0, 0.000, 30, 0.000, 0.000
270, 149.2, 36, 2, 35, 3714.0, 2750, 0.0, 0.0, 964, 32, 4, 6, 0.000, 0, 0.000, 30, 0.000, 0.000
271, 85.1, 36, 2, 35, 3714.0, 2750, 0.0, 0.0, 964, 32, 4, 6, 0.000, 0, 0.000, 30, 0.000, 0.000
272, 86.1, 36, 2, 35, 3714.0, 2750, 0.0, 0.0, 964, 32, 4, 6, 0.000, 0, 0.000, 30, 0.000, 0.000
274, 84.2, 36, 2, 35, 3714.0, 2750, 0.0, 0.0, 964, 32, 4, 6, 0.000, 0, 0.000, 30, 0.000, 0.000
275, 84.6, 36, 2, 35, 3714.0, 2750, 0.0, 0.0, 964, 32, 4, 6, 0.000, 0, 0.000, 30, 0.000, 0.000
276, 83.6, 36, 2, 35, 3714.0, 2750, 0.0, 0.0, 964, 32, 4, 6, 0.000, 0, 0.000, 30, 0.000, 0.000
278, 85.8, 36, 2, 35, 3714.0, 2750, 0.0, 0.0, 964, 32, 4, 6, 0.000, 0, 0.000, 30, 0.000, 0.000
279, 84.2, 36, 2, 35, 3714.0, 2750, 0.0, 0.0, 964, 32, 4, 6, 0.000, 0, 0.000, 30, 0.000, 0.000
280, 84.3, 36, 2, 35, 3714.0, 2750, 0.0, 0.0, 964, 32, 4, 6, 0.000, 0, 0.000, 30, 0.000, 0.000
281, 84.1, 36, 2, 35, 3714.0, 2750, 0.0, 0.0, 964, 32, 4, 6, 0.000, 0, 0.000, 30, 0.000, 0.000
283, 85.3, 36, 2, 35, 3714.0, 2750, 0.0, 0.0, 964, 32, 4, 6, 0.000, 0, 0.000, 30, 0.000, 0.000
284, 84.3, 36, 2, 35, 3714.0, 2750, 0.0, 0.0, 964, 32, 4, 6, 0.000, 0, 0.000, 30, 0.000, 0.000
285, 85.8, 36, 2, 35, 4162.0, 3198, 0.0, 0.0, 964, 32, 4, 6, 0.000, 0, 0.000, 31, 0.000, 0.000
287, 183.0, 36, 2, 35, 1462.0, 366, 0.0, 0.0, 1096, 32, 4, 6, 0.000, 0, 0.000, 35, 0.000, 0.000
288, 88.5, 36, 2, 35, 1462.0, 366, 0.0, 0.0, 1096, 32, 4, 6, 0.000, 0, 0.000, 35, 0.000, 0.000
289, 81.8, 36, 2, 35, 1462.0, 366, 0.0, 0.0, 1096, 32, 4, 6, 0.000, 0, 0.000, 35, 0.000, 0.000
290, 81.2, 36, 2, 35, 1462.0, 366, 0.0, 0.0, 1096, 32, 4, 6, 0.000, 0, 0.000, 35, 0.000, 0.000
292, 81.3, 36, 2, 35, 1462.0, 366, 0.0, 0.0, 1096, 32, 4, 6, 0.000, 0, 0.000, 35, 0.000, 0.000
293, 82.8, 36, 2, 35, 1462.0, 366, 0.0, 0.0, 1096, 32, 4, 6, 0.000, 0, 0.000, 35, 0.000, 0.000
294, 83.6, 36, 2, 35, 1462.0, 366, 0.0, 0.0, 1096, 32, 4, 6, 0.000, 0, 0.000, 35, 0.000, 0.000
296, 83.8, 36, 2, 35, 1462.0, 366, 0.0, 0.0, 1096, 32, 4, 6, 0.000, 0, 0.000, 35, 0.000, 0.000
297, 85.8, 36, 2, 35, 1462.0, 366, 0.0, 0.0, 1096, 32, 4, 6, 0.000, 0, 0.000, 35, 0.000, 0.000
298, 84.3, 36, 2, 35, 1462.0, 366, 0.0, 0.0, 1096, 32, 4, 6, 0.000, 0, 0.000, 35, 0.000, 0.000
299, 83.6, 36, 2, 35, 1462.0, 366, 0.0, 0.0, 1096, 32, 4, 6, 0.000, 0, 0.000, 35, 0.000, 0.000
301, 83.5, 36, 2, 35, 1462.0, 366, 0.0, 0.0, 1096, 32, 4, 6, 0.000, 0, 0.000, 35, 0.000, 0.000
302, 83.2, 36, 2, 35, 1462.0, 366, 0.0, 0.0, 1096, 32, 4, 6, 0.000, 0, 0.000, 35, 0.000, 0.000
303, 85.7, 36, 2, 35, 1462.0, 366, 0.0, 0.0, 1096, 32, 4, 6, 0.000, 0, 0.000, 35, 0.000, 0.000
305, 83.9, 36, 2, 35, 1462.0, 366, 0.0, 0.0, 1096, 32, 4, 6, 0.000, 0, 0.000, 35, 0.000, 0.000
306, 84.2, 36, 2, 35, 1462.0, 366, 0.0, 0.0, 1096, 32, 4, 6, 0.000, 0, 0.000, 35, 0.000, 0.000
307, 84.1, 36, 2, 35, 1462.0, 366, 0.0, 0.0, 1096, 32, 4, 6, 0.000, 0, 0.000, 35, 0.000, 0.000
308, 83.5, 36, 2, 35, 1462.0, 366, 0.0, 0.0, 1096, 32, 4, 6, 0.000, 0, 0.000, 35, 0.000, 0.000
310, 83.3, 36, 2, 35, 1462.0, 366, 0.0, 0.0, 1096, 32, 4, 6, 0.000, 0, 0.000, 35, 0.000, 0.000
311, 84.0, 36, 2, 35, 1462.0, 366, 0.0, 0.0, 1096, 32, 4, 6, 0.000, 0, 0.000, 35, 0.000, 0.000
312, 86.0, 36, 2, 35, 1462.0, 366, 0.0, 0.0, 1096, 32, 4, 6, 0.000, 0, 0.000, 35, 0.000, 0.000
314, 83.3, 36, 2, 35, 1462.0, 366, 0.0, 0.0, 1096, 32, 4, 6, 0.000, 0, 0.000, 35, 0.000, 0.000
315, 84.6, 36, 2, 35, 1462.0, 366, 0.0, 0.0, 1096, 32, 4, 6, 0.000, 0, 0.000, 35, 0.000, 0.000
316, 83.9, 36, 2, 35, 1462.0, 366, 0.0, 0.0, 1096, 32, 4, 6, 0.000, 0, 0.000, 35, 0.000, 0.000
317, 83.5, 36, 2, 35, 1462.0, 366, 0.0, 0.0, 1096, 32, 4, 6, 0.000, 0, 0.000, 35, 0.000, 0.000
319, 83.4, 36, 2, 35, 1462.0, 366, 0.0, 0.0, 1096, 32, 4, 6, 0.000, 0, 0.000, 35, 0.000, 0.000
320, 84.6, 36, 2, 35, 1462.0, 366, 0.0, 0.0, 1096, 32, 4, 6, 0.000, 0, 0.000, 35, 0.000, 0.000
321, 86.0, 36, 2, 35, 1462.0, 366, 0.0, 0.0, 1096, 32, 4, 6, 0.000, 0, 0.000, 35, 0.000, 0.000
323, 84.9, 36, 2, 35, 1462.0, 366, 0.0, 0.0, 1096, 32, 4, 6, 0.000, 0, 0.000, 35, 0.000, 0.000
324, 156.9, 36, 2, 35, 2938.0, 1884, 0.0, 0.0, 1054, 32, 4, 9, 0.000, 0, 0.000, 35, 0.000, 0.001
325, 92.9, 36, 2, 35, 2938.0, 1884, 0.0, 0.0, 1054, 32, 4, 9, 0.000, 0, 0.000, 35, 0.000, 0.001
326, 85.2, 36, 2, 35, 2938.0, 1884, 0.0, 0.0, 1054, 32, 4, 9, 0.000, 0, 0.000, 35, 0.000, 0.001
328, 84.1, 36, 2, 35, 2938.0, 1884, 0.0, 0.0, 1054, 32, 4, 9, 0.000, 0, 0.000, 35, 0.000, 0.001
329, 84.7, 36, 2, 35, 2938.0, 1884, 0.0, 0.0, 1054, 32, 4, 9, 0.000, 0, 0.000, 35, 0.000, 0.001
330, 83.9, 36, 2, 35, 2938.0, 1884, 0.0, 0.0, 1054, 32, 4, 9, 0.000, 0, 0.000, 35, 0.000, 0.001
332, 87.0, 36, 2, 35, 2938.0, 1884, 0.0, 0.0, 1054, 32, 4, 9, 0.000, 0, 0.000, 35, 0.000, 0.001
333, 84.3, 36, 2, 35, 2938.0, 1884, 0.0, 0.0, 1054, 32, 4, 9, 0.000, 0, 0.000, 35, 0.000, 0.001
334, 83.3, 36, 2, 35, 2938.0, 1884, 0.0, 0.0, 1054, 32, 4, 9, 0.000, 0, 0.000, 35, 0.000, 0.001
335, 83.2, 36, 2, 35, 2938.0, 1884, 0.0, 0.0, 1054, 32, 4, 9, 0.000, 0, 0.000, 35, 0.000, 0.001
337, 83.8, 36, 2, 35, 2938.0, 1884, 0.0, 0.0, 1054, 32, 4, 9, 0.000, 0, 0.000, 35, 0.000, 0.001
338, 83.3, 36, 2, 35, 2938.0, 1884, 0.0, 0.0, 1054, 32, 4, 9, 0.000, 0, 0.000, 35, 0.000, 0.001
339, 84.3, 36, 2, 35, 2938.0, 1884, 0.0, 0.0, 1054, 32, 4, 9, 0.000, 0, 0.000, 35, 0.000, 0.001
341, 83.7, 36, 2, 35, 2938.0, 1884, 0.0, 0.0, 1054, 32, 4, 9, 0.000, 0, 0.000, 35, 0.000, 0.001
342, 83.7, 36, 2, 35, 2938.0, 1884, 0.0, 0.0, 1054, 32, 4, 9, 0.000, 0, 0.000, 35, 0.000, 0.001
343, 83.4, 36, 2, 35, 2938.0, 1884, 0.0, 0.0, 1054, 32, 4, 9, 0.000, 0, 0.000, 35, 0.000, 0.001
344, 85.4, 36, 2, 35, 2938.0, 1884, 0.0, 0.0, 1054, 32, 4, 9, 0.000, 0, 0.000, 35, 0.000, 0.001
346, 84.1, 36, 2, 35, 2938.0, 1884, 0.0, 0.0, 1054, 32, 4, 9, 0.000, 0, 0.000, 35, 0.000, 0.001
347, 83.7, 36, 2, 35, 2938.0, 1884, 0.0, 0.0, 1054, 32, 4, 9, 0.000, 0, 0.000, 35, 0.000, 0.001
348, 84.4, 36, 2, 35, 2938.0, 1884, 0.0, 0.0, 1054, 32, 4, 9, 0.000, 0, 0.000, 35, 0.000, 0.001
350, 83.9, 36, 2, 35, 2938.0, 1884, 0.0, 0.0, 1054, 32, 4, 9, 0.000, 0, 0.000, 35, 0.000, 0.001
351, 83.9, 36, 2, 35, 2938.0, 1884, 0.0, 0.0, 1054, 32, 4, 9, 0.000, 0, 0.000, 35, 0.000, 0.001
352, 83.9, 36, 2, 35, 2938.0, 1884, 0.0, 0.0, 1054, 32, 4, 9, 0.000, 0, 0.000, 35, 0.000, 0.001
353, 84.9, 36, 2, 35, 2938.0, 1884, 0.0, 0.0, 1054, 32, 4, 9, 0.000, 0, 0.000, 35, 0.000, 0.001
355, 84.2, 36, 2, 35, 2938.0, 1884, 0.0, 0.0, 1054, 32, 4, 9, 0.000, 0, 0.000, 35, 0.000, 0.001
356, 84.1, 36, 2, 35, 2938.0, 1884, 0.0, 0.0, 1054, 32, 4, 9, 0.000, 0, 0.000, 35, 0.000, 0.001
357, 90.9, 36, 2, 35, 2938.0, 1884, 0.0, 0.0, 1054, 32, 4, 9, 0.000, 0, 0.000, 35, 0.000, 0.001
359, 94.7, 36, 2, 35, 2938.0, 1884, 0.0, 0.0, 1054, 32, 4, 9, 0.000, 0, 0.000, 35, 0.000, 0.001
360, 159.7, 36, 2, 35, 1444.0, 378, 0.0, 0.0, 1066, 32, 4, 9, 0.000, 0, 0.000, 39, 0.000, 0.001
361, 141.2, 36, 2, 35, 1460.0, 394, 0.0, 0.0, 1066, 32, 4, 9, 0.000, 0, 0.000, 40, 0.000, 0.001
363, 90.2, 36, 2, 35, 1460.0, 394, 0.0, 0.0, 1066, 32, 4, 9, 0.000, 0, 0.000, 40, 0.000, 0.001
364, 85.5, 36, 2, 35, 1460.0, 394, 0.0, 0.0, 1066, 32, 4, 9, 0.000, 0, 0.000, 40, 0.000, 0.001
365, 88.0, 36, 2, 35, 1460.0, 394, 0.0, 0.0, 1066, 32, 4, 9, 0.000, 0, 0.000, 40, 0.000, 0.001
366, 84.1, 36, 2, 35, 1460.0, 394, 0.0, 0.0, 1066, 32, 4, 9, 0.000, 0, 0.000, 40, 0.000, 0.001
368, 84.0, 36, 2, 35, 1460.0, 394, 0.0, 0.0, 1066, 32, 4, 9, 0.000, 0, 0.000, 40, 0.000, 0.001
369, 88.3, 36, 2, 35, 1460.0, 394, 0.0, 0.0, 1066, 32, 4, 9, 0.000, 0, 0.000, 40, 0.000, 0.001
370, 85.3, 36, 2, 35, 1460.0, 394, 0.0, 0.0, 1066, 32, 4, 9, 0.000, 0, 0.000, 40, 0.000, 0.001
372, 84.6, 36, 2, 35, 1460.0, 394, 0.0, 0.0, 1066, 32, 4, 9, 0.000, 0, 0.000, 40, 0.000, 0.001
373, 86.3, 36, 2, 35, 1460.0, 394, 0.0, 0.0, 1066, 32, 4, 9, 0.000, 0, 0.000, 40, 0.000, 0.001
374, 87.7, 36, 2, 35, 1460.0, 394, 0.0, 0.0, 1066, 32, 4, 9, 0.000, 0, 0.000, 40, 0.000, 0.001
375, 87.7, 36, 2, 35, 1460.0, 394, 0.0, 0.0, 1066, 32, 4, 9, 0.000, 0, 0.000, 40, 0.000, 0.001
377, 86.1, 36, 2, 35, 1460.0, 394, 0.0, 0.0, 1066, 32, 4, 9, 0.000, 0, 0.000, 40, 0.000, 0.001
378, 85.5, 36, 2, 35, 1460.0, 394, 0.0, 0.0, 1066, 32, 4, 9, 0.000, 0, 0.000, 40, 0.000, 0.001
379, 85.3, 36, 2, 35, 1460.0, 394, 0.0, 0.0, 1066, 32, 4, 9, 0.000, 0, 0.000, 40, 0.000, 0.001
381, 88.1, 36, 2, 35, 1460.0, 394, 0.0, 0.0, 1066, 32, 4, 9, 0.000, 0, 0.000, 40, 0.000, 0.001
382, 86.6, 36, 2, 35, 1460.0, 394, 0.0, 0.0, 1066, 32, 4, 9, 0.000, 0, 0.000, 40, 0.000, 0.001
383, 85.5, 36, 2, 35, 1460.0, 394, 0.0, 0.0, 1066, 32, 4, 9, 0.000, 0, 0.000, 40, 0.000, 0.001
384, 87.2, 36, 2, 35, 1460.0, 394, 0.0, 0.0, 1066, 32, 4, 9, 0.000, 0, 0.000, 40, 0.000, 0.001
386, 87.8, 36, 2, 35, 1460.0, 394, 0.0, 0.0, 1066, 32, 4, 9, 0.000, 0, 0.000, 40, 0.000, 0.001
387, 85.8, 36, 2, 35, 1460.0, 394, 0.0, 0.0, 1066, 32, 4, 9, 0.000, 0, 0.000, 40, 0.000, 0.001
388, 85.1, 36, 2, 35, 1460.0, 394, 0.0, 0.0, 1066, 32, 4, 9, 0.000, 0, 0.000, 40, 0.000, 0.001
390, 86.6, 36, 2, 35, 1460.0, 394, 0.0, 0.0, 1066, 32, 4, 9, 0.000, 0, 0.000, 40, 0.000, 0.001
391, 86.1, 36, 2, 35, 1460.0, 394, 0.0, 0.0, 1066, 32, 4, 9, 0.000, 0, 0.000, 40, 0.000, 0.001
392, 85.4, 36, 2, 35, 1460.0, 394, 0.0, 0.0, 1066, 32, 4, 9, 0.000, 0, 0.000, 40, 0.000, 0.001
393, 87.8, 36, 2, 35, 1460.0, 394, 0.0, 0.0, 1066, 32, 4, 9, 0.000, 0, 0.000, 40, 0.000, 0.001
395, 87.0, 36, 2, 35, 1460.0, 394, 0.0, 0.0, 1066, 32, 4, 9, 0.000, 0, 0.000, 40, 0.000, 0.001
396, 92.2, 36, 2, 35, 7752.0, 6830, 0.0, 0.0, 922, 32, 4, 10, 0.000, 0, 0.000, 40, 0.000, 0.001
397, 143.3, 36, 2, 35, 4552.0, 3630, 0.0, 0.0, 922, 32, 4, 12, 0.000, 0, 0.000, 40, 0.000, 0.001
399, 85.3, 36, 2, 35, 4552.0, 3630, 0.0, 0.0, 922, 32, 4, 12, 0.000, 0, 0.000, 40, 0.000, 0.001
400, 85.4, 36, 2, 35, 4552.0, 3630, 0.0, 0.0, 922, 32, 4, 12, 0.000, 0, 0.000, 40, 0.000, 0.001
401, 85.2, 36, 2, 35, 4552.0, 3630, 0.0, 0.0, 922, 32, 4, 12, 0.000, 0, 0.000, 40, 0.000, 0.001
403, 86.8, 36, 2, 35, 4552.0, 3630, 0.0, 0.0, 922, 32, 4, 12, 0.000, 0, 0.000, 40, 0.000, 0.001
404, 85.8, 36, 2, 35, 4552.0, 3630, 0.0, 0.0, 922, 32, 4, 12, 0.000, 0, 0.000, 40, 0.000, 0.001
405, 85.4, 36, 2, 35, 4552.0, 3630, 0.0, 0.0, 922, 32, 4, 12, 0.000, 0, 0.000, 40, 0.000, 0.001
406, 86.2, 36, 2, 35, 4552.0, 3630, 0.0, 0.0, 922, 32, 4, 12, 0.000, 0, 0.000, 40, 0.000, 0.001
408, 86.0, 36, 2, 35, 4552.0, 3630, 0.0, 0.0, 922, 32, 4, 12, 0.000, 0, 0.000, 40, 0.000, 0.001
409, 85.5, 36, 2, 35, 4552.0, 3630, 0.0, 0.0, 922, 32, 4, 12, 0.000, 0, 0.000, 40, 0.000, 0.001
410, 85.7, 36, 2, 35, 4552.0, 3630, 0.0, 0.0, 922, 32, 4, 12, 0.000, 0, 0.000, 40, 0.000, 0.001
412, 86.4, 36, 2, 35, 4552.0, 3630, 0.0, 0.0, 922, 32, 4, 12, 0.000, 0, 0.000, 40, 0.000, 0.001
413, 86.3, 36, 2, 35, 4552.0, 3630, 0.0, 0.0, 922, 32, 4, 12, 0.000, 0, 0.000, 40, 0.000, 0.001
414, 85.8, 36, 2, 35, 4552.0, 3630, 0.0, 0.0, 922, 32, 4, 12, 0.000, 0, 0.000, 40, 0.000, 0.001
415, 85.8, 36, 2, 35, 4552.0, 3630, 0.0, 0.0, 922, 32, 4, 12, 0.000, 0, 0.000, 40, 0.000, 0.001
417, 85.2, 36, 2, 35, 4552.0, 3630, 0.0, 0.0, 922, 32, 4, 12, 0.000, 0, 0.000, 40, 0.000, 0.001
418, 85.9, 36, 2, 35, 4552.0, 3630, 0.0, 0.0, 922, 32, 4, 12, 0.000, 0, 0.000, 40, 0.000, 0.001
419, 85.3, 36, 2, 35, 4552.0, 3630, 0.0, 0.0, 922, 32, 4, 12, 0.000, 0, 0.000, 40, 0.000, 0.001
421, 85.5, 36, 2, 35, 4552.0, 3630, 0.0, 0.0, 922, 32, 4, 12, 0.000, 0, 0.000, 40, 0.000, 0.001
422, 86.0, 36, 2, 35, 4552.0, 3630, 0.0, 0.0, 922, 32, 4, 12, 0.000, 0, 0.000, 40, 0.000, 0.001
423, 86.1, 36, 2, 35, 4552.0, 3630, 0.0, 0.0, 922, 32, 4, 12, 0.000, 0, 0.000, 40, 0.000, 0.001
424, 86.4, 36, 2, 35, 4552.0, 3630, 0.0, 0.0, 922, 32, 4, 12, 0.000, 0, 0.000, 40, 0.000, 0.001
426, 88.0, 36, 2, 35, 4552.0, 3630, 0.0, 0.0, 922, 32, 4, 12, 0.000, 0, 0.000, 40, 0.000, 0.001
427, 88.4, 36, 2, 35, 4552.0, 3630, 0.0, 0.0, 922, 32, 4, 12, 0.000, 0, 0.000, 40, 0.000, 0.001
428, 85.3, 36, 2, 35, 4552.0, 3630, 0.0, 0.0, 922, 32, 4, 12, 0.000, 0, 0.000, 40, 0.000, 0.001
430, 86.7, 36, 2, 35, 4552.0, 3630, 0.0, 0.0, 922, 32, 4, 12, 0.000, 0, 0.000, 40, 0.000, 0.001
431, 86.3, 36, 2, 35, 4552.0, 3630, 0.0, 0.0, 922, 32, 4, 12, 0.000, 0, 0.000, 40, 0.000, 0.001
432, 86.1, 36, 2, 35, 4552.0, 3630, 0.0, 0.0, 922, 32, 4, 12, 0.000, 0, 0.000, 40, 0.000, 0.001
433, 155.5, 36, 2, 35, 2568.0, 1646, 0.0, 0.0, 922, 32, 4, 15, 0.000, 0, 0.000, 40, 0.000, 0.001
435, 94.0, 36, 2, 35, 2568.0, 1646, 0.0, 0.0, 922, 32, 4, 15, 0.000, 0, 0.000, 40, 0.000, 0.001
436, 84.0, 36, 2, 35, 2568.0, 1646, 0.0, 0.0, 922, 32, 4, 15, 0.000, 0, 0.000, 40, 0.000, 0.001
437, 83.3, 36, 2, 35, 2568.0, 1646, 0.0, 0.0, 922, 32, 4, 15, 0.000, 0, 0.000, 40, 0.000, 0.001
439, 85.3, 36, 2, 35, 2568.0, 1646, 0.0, 0.0, 922, 32, 4, 15, 0.000, 0, 0.000, 40, 0.000, 0.001
440, 193.3, 36, 2, 35, 1450.0, 288, 0.0, 0.0, 1162, 32, 4, 15, 0.000, 0, 0.000, 45, 0.001, 0.001
441, 105.5, 36, 2, 35, 1450.0, 288, 0.0, 0.0, 1162, 32, 4, 15, 0.000, 0, 0.000, 45, 0.001, 0.001
442, 86.6, 36, 2, 35, 1450.0, 288, 0.0, 0.0, 1162, 32, 4, 15, 0.000, 0, 0.000, 45, 0.001, 0.001
444, 85.0, 36, 2, 35, 1450.0, 288, 0.0, 0.0, 1162, 32, 4, 15, 0.000, 0, 0.000, 45, 0.001, 0.001
445, 83.6, 36, 2, 35, 1450.0, 288, 0.0, 0.0, 1162, 32, 4, 15, 0.000, 0, 0.000, 45, 0.001, 0.001
446, 84.2, 36, 2, 35, 1450.0, 288, 0.0, 0.0, 1162, 32, 4, 15, 0.000, 0, 0.000, 45, 0.001, 0.001
448, 84.6, 36, 2, 35, 1450.0, 288, 0.0, 0.0, 1162, 32, 4, 15, 0.000, 0, 0.000, 45, 0.001, 0.001
449, 85.4, 36, 2, 35, 1450.0, 288, 0.0, 0.0, 1162, 32, 4, 15, 0.000, 0, 0.000, 45, 0.001, 0.001
450, 85.6, 36, 2, 35, 1450.0, 288, 0.0, 0.0, 1162, 32, 4, 15, 0.000, 0, 0.000, 45, 0.001, 0.001
451, 85.5, 36, 2, 35, 1450.0, 288, 0.0, 0.0, 1162, 32, 4, 15, 0.000, 0, 0.000, 45, 0.001, 0.001
453, 84.9, 36, 2, 35, 1450.0, 288, 0.0, 0.0, 1162, 32, 4, 15, 0.000, 0, 0.000, 45, 0.001, 0.001
454, 85.6, 36, 2, 35, 1450.0, 288, 0.0, 0.0, 1162, 32, 4, 15, 0.000, 0, 0.000, 45, 0.001, 0.001
455, 85.1, 36, 2, 35, 1450.0, 288, 0.0, 0.0, 1162, 32, 4, 15, 0.000, 0, 0.000, 45, 0.001, 0.001
457, 85.6, 36, 2, 35, 1450.0, 288, 0.0, 0.0, 1162, 32, 4, 15, 0.000, 0, 0.000, 45, 0.001, 0.001
458, 94.4, 36, 2, 35, 1450.0, 288, 0.0, 0.0, 1162, 32, 4, 15, 0.000, 0, 0.000, 45, 0.001, 0.001
459, 96.0, 36, 2, 35, 1450.0, 288, 0.0, 0.0, 1162, 32, 4, 15, 0.000, 0, 0.000, 45, 0.001, 0.001
460, 94.6, 36, 2, 35, 1450.0, 288, 0.0, 0.0, 1162, 32, 4, 15, 0.000, 0, 0.000, 45, 0.001, 0.001
462, 93.1, 36, 2, 35, 1450.0, 288, 0.0, 0.0, 1162, 32, 4, 15, 0.000, 0, 0.000, 45, 0.001, 0.001
463, 91.8, 36, 2, 35, 1450.0, 288, 0.0, 0.0, 1162, 32, 4, 15, 0.000, 0, 0.000, 45, 0.001, 0.001
464, 87.7, 36, 2, 35, 1450.0, 288, 0.0, 0.0, 1162, 32, 4, 15, 0.000, 0, 0.000, 45, 0.001, 0.001
466, 90.2, 36, 2, 35, 1450.0, 288, 0.0, 0.0, 1162, 32, 4, 15, 0.000, 0, 0.000, 45, 0.001, 0.001
467, 88.1, 36, 2, 35, 1450.0, 288, 0.0, 0.0, 1162, 32, 4, 15, 0.000, 0, 0.000, 45, 0.001, 0.001
468, 86.6, 36, 2, 35, 1450.0, 288, 0.0, 0.0, 1162, 32, 4, 15, 0.000, 0, 0.000, 45, 0.001, 0.001
469, 90.0, 36, 2, 35, 1450.0, 288, 0.0, 0.0, 1162, 32, 4, 15, 0.000, 0, 0.000, 45, 0.001, 0.001
471, 86.7, 36, 2, 35, 1450.0, 288, 0.0, 0.0, 1162, 32, 4, 15, 0.000, 0, 0.000, 45, 0.001, 0.001
472, 90.6, 36, 2, 35, 1450.0, 288, 0.0, 0.0, 1162, 32, 4, 15, 0.000, 0, 0.000, 45, 0.001, 0.001
473, 86.3, 36, 2, 35, 1450.0, 288, 0.0, 0.0, 1162, 32, 4, 15, 0.000, 0, 0.000, 45, 0.001, 0.001
475, 86.5, 36, 2, 35, 1450.0, 288, 0.0, 0.0, 1162, 32, 4, 15, 0.000, 0, 0.000, 45, 0.001, 0.001
476, 160.1, 36, 2, 35, 4486.0, 3406, 0.0, 0.0, 1080, 32, 4, 18, 0.000, 0, 0.000, 45, 0.001, 0.001
477, 98.4, 36, 2, 35, 4486.0, 3406, 0.0, 0.0, 1080, 32, 4, 18, 0.000, 0, 0.000, 45, 0.001, 0.001
478, 85.1, 36, 2, 35, 4486.0, 3406, 0.0, 0.0, 1080, 32, 4, 18, 0.000, 0, 0.000, 45, 0.001, 0.001
480, 84.6, 36, 2, 35, 4486.0, 3406, 0.0, 0.0, 1080, 32, 4, 18, 0.000, 0, 0.000, 45, 0.001, 0.001
481, 87.2, 36, 2, 35, 4486.0, 3406, 0.0, 0.0, 1080, 32, 4, 18, 0.000, 0, 0.000, 45, 0.001, 0.001
482, 86.3, 36, 2, 35, 4486.0, 3406, 0.0, 0.0, 1080, 32, 4, 18, 0.000, 0, 0.000, 45, 0.001, 0.001
484, 85.5, 36, 2, 35, 4486.0, 3406, 0.0, 0.0, 1080, 32, 4, 18, 0.000, 0, 0.000, 45, 0.001, 0.001
485, 85.4, 36, 2, 35, 4486.0, 3406, 0.0, 0.0, 1080, 32, 4, 18, 0.000, 0, 0.000, 45, 0.001, 0.001
486, 85.3, 36, 2, 35, 4486.0, 3406, 0.0, 0.0, 1080, 32, 4, 18, 0.000, 0, 0.000, 45, 0.001, 0.001
487, 85.4, 36, 2, 35, 4486.0, 3406, 0.0, 0.0, 1080, 32, 4, 18, 0.000, 0, 0.000, 45, 0.001, 0.001
489, 84.9, 36, 2, 35, 4486.0, 3406, 0.0, 0.0, 1080, 32, 4, 18, 0.000, 0, 0.000, 45, 0.001, 0.001
490, 87.1, 36, 2, 35, 4486.0, 3406, 0.0, 0.0, 1080, 32, 4, 18, 0.000, 0, 0.000, 45, 0.001, 0.001
491, 84.9, 36, 2, 35, 4486.0, 3406, 0.0, 0.0, 1080, 32, 4, 18, 0.000, 0, 0.000, 45, 0.001, 0.001
493, 86.1, 36, 2, 35, 4486.0, 3406, 0.0, 0.0, 1080, 32, 4, 18, 0.000, 0, 0.000, 45, 0.001, 0.001
494, 87.5, 36, 2, 35, 4486.0, 3406, 0.0, 0.0, 1080, 32, 4, 18, 0.000, 0, 0.000, 45, 0.001, 0.001
495, 85.7, 36, 2, 35, 4486.0, 3406, 0.0, 0.0, 1080, 32, 4, 18, 0.000, 0, 0.000, 45, 0.001, 0.001
496, 85.1, 36, 2, 35, 4486.0, 3406, 0.0, 0.0, 1080, 32, 4, 18, 0.000, 0, 0.000, 45, 0.001, 0.001
498, 85.1, 36, 2, 35, 4486.0, 3406, 0.0, 0.0, 1080, 32, 4, 18, 0.000, 0, 0.000, 45, 0.001, 0.001
499, 84.7, 36, 2, 35, 4486.0, 3406, 0.0, 0.0, 1080, 32, 4, 18, 0.000, 0, 0.000, 45, 0.001, 0.001
500, 84.9, 36, 2, 35, 4486.0, 3406, 0.0, 0.0, 1080, 32, 4, 18, 0.000, 0, 0.000, 45, 0.001, 0.001
502, 85.7, 36, 2, 35, 4486.0, 3406, 0.0, 0.0, 1080, 32, 4, 18, 0.000, 0, 0.000, 45, 0.001, 0.001
503, 84.9, 36, 2, 35, 4486.0, 3406, 0.0, 0.0, 1080, 32, 4, 18, 0.000, 0, 0.000, 45, 0.001, 0.001
504, 163.1, 36, 2, 35, 1576.0, 496, 0.0, 0.0, 1080, 32, 4, 18, 0.000, 0, 0.000, 50, 0.001, 0.001
505, 134.3, 36, 2, 35, 1576.0, 496, 0.0, 0.0, 1080, 32, 4, 18, 0.000, 0, 0.000, 50, 0.001, 0.001
507, 84.6, 36, 2, 35, 1576.0, 496, 0.0, 0.0, 1080, 32, 4, 18, 0.000, 0, 0.000, 50, 0.001, 0.001
508, 83.3, 36, 2, 35, 1576.0, 496, 0.0, 0.0, 1080, 32, 4, 18, 0.000, 0, 0.000, 50, 0.001, 0.001
509, 83.3, 36, 2, 35, 1576.0, 496, 0.0, 0.0, 1080, 32, 4, 18, 0.000, 0, 0.000, 50, 0.001, 0.001
511, 85.4, 36, 2, 35, 1576.0, 496, 0.0, 0.0, 1080, 32, 4, 18, 0.000, 0, 0.000, 50, 0.001, 0.001
512, 87.9, 36, 2, 35, 1576.0, 496, 0.0, 0.0, 1080, 32, 4, 18, 0.000, 0, 0.000, 50, 0.001, 0.001
513, 84.6, 36, 2, 35, 1576.0, 496, 0.0, 0.0, 1080, 32, 4, 18, 0.000, 0, 0.000, 50, 0.001, 0.001
514, 85.2, 36, 2, 35, 1576.0, 496, 0.0, 0.0, 1080, 32, 4, 18, 0.000, 0, 0.000, 50, 0.001, 0.001
516, 85.4, 36, 2, 35, 1576.0, 496, 0.0, 0.0, 1080, 32, 4, 18, 0.000, 0, 0.000, 50, 0.001, 0.001
517, 84.8, 36, 2, 35, 1576.0, 496, 0.0, 0.0, 1080, 32, 4, 18, 0.000, 0, 0.000, 50, 0.001, 0.001
518, 84.4, 36, 2, 35, 1576.0, 496, 0.0, 0.0, 1080, 32, 4, 18, 0.000, 0, 0.000, 50, 0.001, 0.001
520, 85.7, 36, 2, 35, 1576.0, 496, 0.0, 0.0, 1080, 32, 4, 18, 0.000, 0, 0.000, 50, 0.001, 0.001
521, 84.9, 36, 2, 35, 1576.0, 496, 0.0, 0.0, 1080, 32, 4, 18, 0.000, 0, 0.000, 50, 0.001, 0.001
522, 85.8, 36, 2, 35, 1576.0, 496, 0.0, 0.0, 1080, 32, 4, 18, 0.000, 0, 0.000, 50, 0.001, 0.001
523, 86.0, 36, 2, 35, 1576.0, 496, 0.0, 0.0, 1080, 32, 4, 18, 0.000, 0, 0.000, 50, 0.001, 0.001
525, 86.6, 36, 2, 35, 1576.0, 496, 0.0, 0.0, 1080, 32, 4, 18, 0.000, 0, 0.000, 50, 0.001, 0.001
526, 88.5, 36, 2, 35, 1576.0, 496, 0.0, 0.0, 1080, 32, 4, 18, 0.000, 0, 0.000, 50, 0.001, 0.001
527, 86.3, 36, 2, 35, 1576.0, 496, 0.0, 0.0, 1080, 32, 4, 18, 0.000, 0, 0.000, 50, 0.001, 0.001
529, 85.8, 36, 2, 35, 1576.0, 496, 0.0, 0.0, 1080, 32, 4, 18, 0.000, 0, 0.000, 50, 0.001, 0.001
530, 85.1, 36, 2, 35, 1576.0, 496, 0.0, 0.0, 1080, 32, 4, 18, 0.000, 0, 0.000, 50, 0.001, 0.001
531, 85.5, 36, 2, 35, 1576.0, 496, 0.0, 0.0, 1080, 32, 4, 18, 0.000, 0, 0.000, 50, 0.001, 0.001
532, 85.9, 36, 2, 35, 1576.0, 496, 0.0, 0.0, 1080, 32, 4, 18, 0.000, 0, 0.000, 50, 0.001, 0.001
534, 85.8, 36, 2, 35, 1576.0, 496, 0.0, 0.0, 1080, 32, 4, 18, 0.000, 0, 0.000, 50, 0.001, 0.001
535, 86.2, 36, 2, 35, 1576.0, 496, 0.0, 0.0, 1080, 32, 4, 18, 0.000, 0, 0.000, 50, 0.001, 0.001
536, 85.7, 36, 2, 35, 1576.0, 496, 0.0, 0.0, 1080, 32, 4, 18, 0.000, 0, 0.000, 50, 0.001, 0.001
538, 85.2, 36, 2, 35, 1576.0, 496, 0.0, 0.0, 1080, 32, 4, 18, 0.000, 0, 0.000, 50, 0.001, 0.001
539, 86.6, 36, 2, 35, 1576.0, 496, 0.0, 0.0, 1080, 32, 4, 18, 0.000, 0, 0.000, 50, 0.001, 0.001
540, 130.3, 36, 2, 35, 2838.0, 1946, 0.0, 0.0, 892, 32, 4, 21, 0.000, 0, 0.000, 50, 0.001, 0.001
542, 112.3, 36, 2, 35, 2838.0, 1946, 0.0, 0.0, 892, 32, 4, 21, 0.000, 0, 0.000, 50, 0.001, 0.001
543, 85.6, 36, 2, 35, 2838.0, 1946, 0.0, 0.0, 892, 32, 4, 21, 0.000, 0, 0.000, 50, 0.001, 0.001
544, 86.5, 36, 2, 35, 2838.0, 1946, 0.0, 0.0, 892, 32, 4, 21, 0.000, 0, 0.000, 50, 0.001, 0.001
545, 84.6, 36, 2, 35, 2838.0, 1946, 0.0, 0.0, 892, 32, 4, 21, 0.000, 0, 0.000, 50, 0.001, 0.001
547, 85.2, 36, 2, 35, 2838.0, 1946, 0.0, 0.0, 892, 32, 4, 21, 0.000, 0, 0.000, 50, 0.001, 0.001
548, 85.9, 36, 2, 35, 2838.0, 1946, 0.0, 0.0, 892, 32, 4, 21, 0.000, 0, 0.000, 50, 0.001, 0.001
549, 85.8, 36, 2, 35, 2838.0, 1946, 0.0, 0.0, 892, 32, 4, 21, 0.000, 0, 0.000, 50, 0.001, 0.001
551, 87.0, 36, 2, 35, 2838.0, 1946, 0.0, 0.0, 892, 32, 4, 21, 0.000, 0, 0.000, 50, 0.001, 0.001
552, 86.0, 36, 2, 35, 2838.0, 1946, 0.0, 0.0, 892, 32, 4, 21, 0.000, 0, 0.000, 50, 0.001, 0.001
553, 85.8, 36, 2, 35, 2838.0, 1946, 0.0, 0.0, 892, 32, 4, 21, 0.000, 0, 0.000, 50, 0.001, 0.001
554, 85.5, 36, 2, 35, 2838.0, 1946, 0.0, 0.0, 892, 32, 4, 21, 0.000, 0, 0.000, 50, 0.001, 0.001
556, 87.5, 36, 2, 35, 2838.0, 1946, 0.0, 0.0, 892, 32, 4, 21, 0.000, 0, 0.000, 50, 0.001, 0.001
557, 87.4, 36, 2, 35, 2838.0, 1946, 0.0, 0.0, 892, 32, 4, 21, 0.000, 0, 0.000, 50, 0.001, 0.001
558, 96.9, 36, 2, 35, 2838.0, 1946, 0.0, 0.0, 892, 32, 4, 21, 0.000, 0, 0.000, 50, 0.001, 0.001
560, 96.9, 36, 2, 35, 2838.0, 1946, 0.0, 0.0, 892, 32, 4, 21, 0.000, 0, 0.000, 50, 0.001, 0.001
561, 97.1, 36, 2, 35, 2838.0, 1946, 0.0, 0.0, 892, 32, 4, 21, 0.000, 0, 0.000, 50, 0.001, 0.001
562, 96.6, 36, 2, 35, 2838.0, 1946, 0.0, 0.0, 892, 32, 4, 21, 0.000, 0, 0.000, 50, 0.001, 0.001
563, 91.0, 36, 2, 35, 2838.0, 1946, 0.0, 0.0, 892, 32, 4, 21, 0.000, 0, 0.000, 50, 0.001, 0.001
565, 90.5, 36, 2, 35, 2838.0, 1946, 0.0, 0.0, 892, 32, 4, 21, 0.000, 0, 0.000, 50, 0.001, 0.001
566, 88.8, 36, 2, 35, 5990.0, 5098, 0.0, 0.0, 892, 32, 4, 21, 0.000, 0, 0.000, 51, 0.001, 0.001
567, 199.9, 36, 2, 35, 1468.0, 556, 0.0, 0.0, 912, 32, 4, 21, 0.000, 0, 0.000, 55, 0.001, 0.001
569, 102.2, 36, 2, 35, 1468.0, 556, 0.0, 0.0, 912, 32, 4, 21, 0.000, 0, 0.000, 55, 0.001, 0.001
570, 86.1, 36, 2, 35, 1468.0, 556, 0.0, 0.0, 912, 32, 4, 21, 0.000, 0, 0.000, 55, 0.001, 0.001
571, 85.5, 36, 2, 35, 1468.0, 556, 0.0, 0.0, 912, 32, 4, 21, 0.000, 0, 0.000, 55, 0.001, 0.001
572, 88.1, 36, 2, 35, 1468.0, 556, 0.0, 0.0, 912, 32, 4, 21, 0.000, 0, 0.000, 55, 0.001, 0.001
574, 86.1, 36, 2, 35, 1468.0, 556, 0.0, 0.0, 912, 32, 4, 21, 0.000, 0, 0.000, 55, 0.001, 0.001
575, 85.8, 36, 2, 35, 1468.0, 556, 0.0, 0.0, 912, 32, 4, 21, 0.000, 0, 0.000, 55, 0.001, 0.001
576, 84.4, 36, 2, 35, 1468.0, 556, 0.0, 0.0, 912, 32, 4, 21, 0.000, 0, 0.000, 55, 0.001, 0.001
578, 87.5, 36, 2, 35, 1468.0, 556, 0.0, 0.0, 912, 32, 4, 21, 0.000, 0, 0.000, 55, 0.001, 0.001
579, 84.6, 36, 2, 35, 1468.0, 556, 0.0, 0.0, 912, 32, 4, 21, 0.000, 0, 0.000, 55, 0.001, 0.001
580, 84.7, 36, 2, 35, 1468.0, 556, 0.0, 0.0, 912, 32, 4, 21, 0.000, 0, 0.000, 55, 0.001, 0.001
581, 85.2, 36, 2, 35, 1468.0, 556, 0.0, 0.0, 912, 32, 4, 21, 0.000, 0, 0.000, 55, 0.001, 0.001
583, 86.3, 36, 2, 35, 1468.0, 556, 0.0, 0.0, 912, 32, 4, 21, 0.000, 0, 0.000, 55, 0.001, 0.001
584, 86.4, 36, 2, 35, 1468.0, 556, 0.0, 0.0, 912, 32, 4, 21, 0.000, 0, 0.000, 55, 0.001, 0.001
585, 85.6, 36, 2, 35, 1468.0, 556, 0.0, 0.0, 912, 32, 4, 21, 0.000, 0, 0.000, 55, 0.001, 0.001
587, 84.6, 36, 2, 35, 1468.0, 556, 0.0, 0.0, 912, 32, 4, 21, 0.000, 0, 0.000, 55, 0.001, 0.001
588, 86.0, 36, 2, 35, 1468.0, 556, 0.0, 0.0, 912, 32, 4, 21, 0.000, 0, 0.000, 55, 0.001, 0.001
589, 85.3, 36, 2, 35, 1468.0, 556, 0.0, 0.0, 912, 32, 4, 21, 0.000, 0, 0.000, 55, 0.001, 0.001
591, 84.7, 36, 2, 35, 1468.0, 556, 0.0, 0.0, 912, 32, 4, 21, 0.000, 0, 0.000, 55, 0.001, 0.001
592, 86.1, 36, 2, 35, 1468.0, 556, 0.0, 0.0, 912, 32, 4, 21, 0.000, 0, 0.000, 55, 0.001, 0.001
593, 86.5, 36, 2, 35, 1468.0, 556, 0.0, 0.0, 912, 32, 4, 21, 0.000, 0, 0.000, 55, 0.001, 0.001
594, 86.4, 36, 2, 35, 1468.0, 556, 0.0, 0.0, 912, 32, 4, 21, 0.000, 0, 0.000, 55, 0.001, 0.001
596, 87.1, 36, 2, 35, 1468.0, 556, 0.0, 0.0, 912, 32, 4, 21, 0.000, 0, 0.000, 55, 0.001, 0.001
597, 87.9, 36, 2, 35, 1468.0, 556, 0.0, 0.0, 912, 32, 4, 21, 0.000, 0, 0.000, 55, 0.001, 0.001
598, 85.5, 36, 2, 35, 1468.0, 556, 0.0, 0.0, 912, 32, 4, 21, 0.000, 0, 0.000, 55, 0.001, 0.001
600, 85.0, 36, 2, 35, 1468.0, 556, 0.0, 0.0, 912, 32, 4, 21, 0.000, 0, 0.000, 55, 0.001, 0.001
601, 84.0, 36, 2, 35, 7750.0, 6916, 0.0, 0.0, 834, 32, 4, 22, 0.000, 0, 0.000, 55, 0.001, 0.001
602, 169.3, 36, 2, 35, 4426.0, 3522, 0.0, 0.0, 904, 32, 4, 24, 0.000, 0, 0.000, 55, 0.001, 0.001
603, 85.9, 36, 2, 35, 4426.0, 3522, 0.0, 0.0, 904, 32, 4, 24, 0.000, 0, 0.000, 55, 0.001, 0.001
605, 85.2, 36, 2, 35, 4426.0, 3522, 0.0, 0.0, 904, 32, 4, 24, 0.000, 0, 0.000, 55, 0.001, 0.001
606, 85.1, 36, 2, 35, 4426.0, 3522, 0.0, 0.0, 904, 32, 4, 24, 0.000, 0, 0.000, 55, 0.001, 0.001
607, 85.6, 36, 2, 35, 4426.0, 3522, 0.0, 0.0, 904, 32, 4, 24, 0.000, 0, 0.000, 55, 0.001, 0.001
609, 84.4, 36, 2, 35, 4426.0, 3522, 0.0, 0.0, 904, 32, 4, 24, 0.000, 0, 0.000, 55, 0.001, 0.001
610, 84.0, 36, 2, 35, 4426.0, 3522, 0.0, 0.0, 904, 32, 4, 24, 0.000, 0, 0.000, 55, 0.001, 0.001
611, 85.7, 36, 2, 35, 4426.0, 3522, 0.0, 0.0, 904, 32, 4, 24, 0.000, 0, 0.000, 55, 0.001, 0.001
612, 85.9, 36, 2, 35, 4426.0, 3522, 0.0, 0.0, 904, 32, 4, 24, 0.000, 0, 0.000, 55, 0.001, 0.001
614, 85.1, 36, 2, 35, 4426.0, 3522, 0.0, 0.0, 904, 32, 4, 24, 0.000, 0, 0.000, 55, 0.001, 0.001
615, 84.7, 36, 2, 35, 4426.0, 3522, 0.0, 0.0, 904, 32, 4, 24, 0.000, 0, 0.000, 55, 0.001, 0.001
616, 84.7, 36, 2, 35, 4426.0, 3522, 0.0, 0.0, 904, 32, 4, 24, 0.000, 0, 0.000, 55, 0.001, 0.001
618, 84.7, 36, 2, 35, 4426.0, 3522, 0.0, 0.0, 904, 32, 4, 24, 0.000, 0, 0.000, 55, 0.001, 0.001
619, 83.8, 36, 2, 35, 4426.0, 3522, 0.0, 0.0, 904, 32, 4, 24, 0.000, 0, 0.000, 55, 0.001, 0.001
620, 84.8, 36, 2, 35, 4426.0, 3522, 0.0, 0.0, 904, 32, 4, 24, 0.000, 0, 0.000, 55, 0.001, 0.001
621, 85.1, 36, 2, 35, 4426.0, 3522, 0.0, 0.0, 904, 32, 4, 24, 0.000, 0, 0.000, 55, 0.001, 0.001
623, 85.9, 36, 2, 35, 4426.0, 3522, 0.0, 0.0, 904, 32, 4, 24, 0.000, 0, 0.000, 55, 0.001, 0.001
624, 85.8, 36, 2, 35, 4426.0, 3522, 0.0, 0.0, 904, 32, 4, 24, 0.000, 0, 0.000, 55, 0.001, 0.001
625, 87.0, 36, 2, 35, 4426.0, 3522, 0.0, 0.0, 904, 32, 4, 24, 0.000, 0, 0.000, 55, 0.001, 0.001
627, 87.2, 36, 2, 35, 4426.0, 3522, 0.0, 0.0, 904, 32, 4, 24, 0.000, 0, 0.000, 55, 0.001, 0.001
628, 86.1, 36, 2, 35, 4426.0, 3522, 0.0, 0.0, 904, 32, 4, 24, 0.000, 0, 0.000, 55, 0.001, 0.001
629, 87.3, 36, 2, 35, 4426.0, 3522, 0.0, 0.0, 904, 32, 4, 24, 0.000, 0, 0.000, 55, 0.001, 0.001
631, 85.6, 36, 2, 35, 4426.0, 3522, 0.0, 0.0, 904, 32, 4, 24, 0.000, 0, 0.000, 55, 0.001, 0.001
632, 85.6, 36, 2, 35, 4426.0, 3522, 0.0, 0.0, 904, 32, 4, 24, 0.000, 0, 0.000, 55, 0.001, 0.001
633, 84.7, 36, 2, 35, 7294.0, 6380, 0.0, 0.0, 914, 32, 4, 24, 0.000, 0, 0.000, 56, 0.001, 0.001
634, 206.3, 36, 2, 35, 1636.0, 722, 0.0, 0.0, 914, 32, 4, 24, 0.000, 0, 0.000, 60, 0.001, 0.001
636, 98.3, 36, 2, 35, 1636.0, 722, 0.0, 0.0, 914, 32, 4, 24, 0.000, 0, 0.000, 60, 0.001, 0.001
637, 86.6, 36, 2, 35, 1636.0, 722, 0.0, 0.0, 914, 32, 4, 24, 0.000, 0, 0.000, 60, 0.001, 0.001
638, 87.6, 36, 2, 35, 1636.0, 722, 0.0, 0.0, 914, 32, 4, 24, 0.000, 0, 0.000, 60, 0.001, 0.001
640, 86.8, 36, 2, 35, 1636.0, 722, 0.0, 0.0, 914, 32, 4, 24, 0.000, 0, 0.000, 60, 0.001, 0.001
641, 85.1, 36, 2, 35, 1636.0, 722, 0.0, 0.0, 914, 32, 4, 24, 0.000, 0, 0.000, 60, 0.001, 0.001
642, 84.2, 36, 2, 35, 1636.0, 722, 0.0, 0.0, 914, 32, 4, 24, 0.000, 0, 0.000, 60, 0.001, 0.001
643, 83.8, 36, 2, 35, 1636.0, 722, 0.0, 0.0, 914, 32, 4, 24, 0.000, 0, 0.000, 60, 0.001, 0.001
645, 84.4, 36, 2, 35, 1636.0, 722, 0.0, 0.0, 914, 32, 4, 24, 0.000, 0, 0.000, 60, 0.001, 0.001
646, 85.1, 36, 2, 35, 1636.0, 722, 0.0, 0.0, 914, 32, 4, 24, 0.000, 0, 0.000, 60, 0.001, 0.001
647, 85.7, 36, 2, 35, 1636.0, 722, 0.0, 0.0, 914, 32, 4, 24, 0.000, 0, 0.000, 60, 0.001, 0.001
649, 84.1, 36, 2, 35, 1636.0, 722, 0.0, 0.0, 914, 32, 4, 24, 0.000, 0, 0.000, 60, 0.001, 0.001
650, 87.3, 36, 2, 35, 1636.0, 722, 0.0, 0.0, 914, 32, 4, 24, 0.000, 0, 0.000, 60, 0.001, 0.001
651, 87.1, 36, 2, 35, 1636.0, 722, 0.0, 0.0, 914, 32, 4, 24, 0.000, 0, 0.000, 60, 0.001, 0.001
652, 84.0, 36, 2, 35, 1636.0, 722, 0.0, 0.0, 914, 32, 4, 24, 0.000, 0, 0.000, 60, 0.001, 0.001
654, 84.5, 36, 2, 35, 1636.0, 722, 0.0, 0.0, 914, 32, 4, 24, 0.000, 0, 0.000, 60, 0.001, 0.001
655, 84.8, 36, 2, 35, 1636.0, 722, 0.0, 0.0, 914, 32, 4, 24, 0.000, 0, 0.000, 60, 0.001, 0.001
656, 84.2, 36, 2, 35, 1636.0, 722, 0.0, 0.0, 914, 32, 4, 24, 0.000, 0, 0.000, 60, 0.001, 0.001
658, 91.0, 36, 2, 35, 1636.0, 722, 0.0, 0.0, 914, 32, 4, 24, 0.000, 0, 0.000, 60, 0.001, 0.001
659, 95.1, 36, 2, 35, 1636.0, 722, 0.0, 0.0, 914, 32, 4, 24, 0.000, 0, 0.000, 60, 0.001, 0.001
660, 94.3, 36, 2, 35, 1636.0, 722, 0.0, 0.0, 914, 32, 4, 24, 0.000, 0, 0.000, 60, 0.001, 0.001
661, 91.1, 36, 2, 35, 1636.0, 722, 0.0, 0.0, 914, 32, 4, 24, 0.000, 0, 0.000, 60, 0.001, 0.001
663, 94.0, 36, 2, 35, 1636.0, 722, 0.0, 0.0, 914, 32, 4, 24, 0.000, 0, 0.000, 60, 0.001, 0.001
664, 89.3, 36, 2, 35, 1636.0, 722, 0.0, 0.0, 914, 32, 4, 24, 0.000, 0, 0.000, 60, 0.001, 0.001
665, 141.2, 36, 2, 35, 4792.0, 4046, 0.0, 0.0, 746, 32, 4, 27, 0.000, 0, 0.000, 60, 0.001, 0.001
667, 116.0, 36, 2, 35, 4792.0, 4046, 0.0, 0.0, 746, 32, 4, 27, 0.000, 0, 0.000, 60, 0.001, 0.001
668, 87.7, 36, 2, 35, 4792.0, 4046, 0.0, 0.0, 746, 32, 4, 27, 0.000, 0, 0.000, 60, 0.001, 0.001
669, 88.4, 36, 2, 35, 4792.0, 4046, 0.0, 0.0, 746, 32, 4, 27, 0.000, 0, 0.000, 60, 0.001, 0.001
671, 85.7, 36, 2, 35, 4792.0, 4046, 0.0, 0.0, 746, 32, 4, 27, 0.000, 0, 0.000, 60, 0.001, 0.001
672, 85.3, 36, 2, 35, 4792.0, 4046, 0.0, 0.0, 746, 32, 4, 27, 0.000, 0, 0.000, 60, 0.001, 0.001
673, 85.3, 36, 2, 35, 4792.0, 4046, 0.0, 0.0, 746, 32, 4, 27, 0.000, 0, 0.000, 60, 0.001, 0.001
675, 85.0, 36, 2, 35, 4792.0, 4046, 0.0, 0.0, 746, 32, 4, 27, 0.000, 0, 0.000, 60, 0.001, 0.001
676, 85.0, 36, 2, 35, 4792.0, 4046, 0.0, 0.0, 746, 32, 4, 27, 0.000, 0, 0.000, 60, 0.001, 0.001
677, 85.0, 36, 2, 35, 4792.0, 4046, 0.0, 0.0, 746, 32, 4, 27, 0.000, 0, 0.000, 60, 0.001, 0.001
678, 84.9, 36, 2, 35, 4792.0, 4046, 0.0, 0.0, 746, 32, 4, 27, 0.000, 0, 0.000, 60, 0.001, 0.001
680, 85.7, 36, 2, 35, 4792.0, 4046, 0.0, 0.0, 746, 32, 4, 27, 0.000, 0, 0.000, 60, 0.001, 0.001
681, 85.9, 36, 2, 35, 4792.0, 4046, 0.0, 0.0, 746, 32, 4, 27, 0.000, 0, 0.000, 60, 0.001, 0.001
682, 86.8, 36, 2, 35, 4792.0, 4046, 0.0, 0.0, 746, 32, 4, 27, 0.000, 0, 0.000, 60, 0.001, 0.001
684, 85.4, 36, 2, 35, 4792.0, 4046, 0.0, 0.0, 746, 32, 4, 27, 0.000, 0, 0.000, 60, 0.001, 0.001
685, 85.9, 36, 2, 35, 4792.0, 4046, 0.0, 0.0, 746, 32, 4, 27, 0.000, 0, 0.000, 60, 0.001, 0.001
686, 87.0, 36, 2, 35, 4792.0, 4046, 0.0, 0.0, 746, 32, 4, 27, 0.000, 0, 0.000, 60, 0.001, 0.001
687, 87.2, 36, 2, 35, 4792.0, 4046, 0.0, 0.0, 746, 32, 4, 27, 0.000, 0, 0.000, 60, 0.001, 0.001
689, 85.2, 36, 2, 35, 4792.0, 4046, 0.0, 0.0, 746, 32, 4, 27, 0.000, 0, 0.000, 60, 0.001, 0.001
690, 87.3, 36, 2, 35, 4792.0, 4046, 0.0, 0.0, 746, 32, 4, 27, 0.000, 0, 0.000, 60, 0.001, 0.001
691, 84.5, 36, 2, 35, 4792.0, 4046, 0.0, 0.0, 746, 32, 4, 27, 0.000, 0, 0.000, 60, 0.001, 0.001
693, 84.1, 36, 2, 35, 4792.0, 4046, 0.0, 0.0, 746, 32, 4, 27, 0.000, 0, 0.000, 60, 0.001, 0.001
694, 86.8, 36, 2, 35, 4792.0, 4046, 0.0, 0.0, 746, 32, 4, 27, 0.000, 0, 0.000, 60, 0.001, 0.001
695, 85.9, 36, 2, 35, 4792.0, 4046, 0.0, 0.0, 746, 32, 4, 27, 0.000, 0, 0.000, 60, 0.001, 0.001
696, 85.8, 36, 2, 35, 4792.0, 4046, 0.0, 0.0, 746, 32, 4, 27, 0.000, 0, 0.000, 60, 0.001, 0.001
698, 84.3, 36, 2, 35, 4792.0, 4046, 0.0, 0.0, 746, 32, 4, 27, 0.000, 0, 0.000, 60, 0.001, 0.001
699, 108.9, 36, 2, 35, 7718.0, 6884, 0.0, 0.0, 834, 32, 4, 28, 0.000, 0, 0.000, 60, 0.001, 0.001
700, 137.9, 36, 2, 35, 4966.0, 4132, 0.0, 0.0, 834, 32, 4, 30, 0.000, 0, 0.000, 60, 0.001, 0.001
702, 83.8, 36, 2, 35, 4966.0, 4132, 0.0, 0.0, 834, 32, 4, 30, 0.000, 0, 0.000, 60, 0.001, 0.001
703, 85.2, 36, 2, 35, 2284.0, 1450, 0.0, 0.0, 834, 32, 4, 30, 0.000, 0, 0.000, 61, 0.001, 0.001
704, 186.3, 36, 2, 35, 1692.0, 858, 0.0, 0.0, 834, 32, 4, 30, 0.000, 0, 0.000, 65, 0.001, 0.001
706, 90.9, 36, 2, 35, 1692.0, 858, 0.0, 0.0, 834, 32, 4, 30, 0.000, 0, 0.000, 65, 0.001, 0.001
707, 84.0, 36, 2, 35, 1692.0, 858, 0.0, 0.0, 834, 32, 4, 30, 0.000, 0, 0.000, 65, 0.001, 0.001
708, 84.2, 36, 2, 35, 1692.0, 858, 0.0, 0.0, 834, 32, 4, 30, 0.000, 0, 0.000, 65, 0.001, 0.001
709, 85.0, 36, 2, 35, 1692.0, 858, 0.0, 0.0, 834, 32, 4, 30, 0.000, 0, 0.000, 65, 0.001, 0.001
711, 86.4, 36, 2, 35, 1692.0, 858, 0.0, 0.0, 834, 32, 4, 30, 0.000, 0, 0.000, 65, 0.001, 0.001
712, 85.9, 36, 2, 35, 1692.0, 858, 0.0, 0.0, 834, 32, 4, 30, 0.000, 0, 0.000, 65, 0.001, 0.001
713, 84.5, 36, 2, 35, 1692.0, 858, 0.0, 0.0, 834, 32, 4, 30, 0.000, 0, 0.000, 65, 0.001, 0.001
715, 84.9, 36, 2, 35, 1692.0, 858, 0.0, 0.0, 834, 32, 4, 30, 0.000, 0, 0.000, 65, 0.001, 0.001
716, 84.0, 36, 2, 35, 1692.0, 858, 0.0, 0.0, 834, 32, 4, 30, 0.000, 0, 0.000, 65, 0.001, 0.001
717, 84.9, 36, 2, 35, 1692.0, 858, 0.0, 0.0, 834, 32, 4, 30, 0.000, 0, 0.000, 65, 0.001, 0.001
718, 84.7, 36, 2, 35, 1692.0, 858, 0.0, 0.0, 834, 32, 4, 30, 0.000, 0, 0.000, 65, 0.001, 0.001
720, 85.9, 36, 2, 35, 1692.0, 858, 0.0, 0.0, 834, 32, 4, 30, 0.000, 0, 0.000, 65, 0.001, 0.001
721, 85.7, 36, 2, 35, 1692.0, 858, 0.0, 0.0, 834, 32, 4, 30, 0.000, 0, 0.000, 65, 0.001, 0.001
722, 85.0, 36, 2, 35, 1692.0, 858, 0.0, 0.0, 834, 32, 4, 30, 0.000, 0, 0.000, 65, 0.001, 0.001
724, 85.2, 36, 2, 35, 1692.0, 858, 0.0, 0.0, 834, 32, 4, 30, 0.000, 0, 0.000, 65, 0.001, 0.001
725, 86.1, 36, 2, 35, 1692.0, 858, 0.0, 0.0, 834, 32, 4, 30, 0.000, 0, 0.000, 65, 0.001, 0.001
726, 88.5, 36, 2, 35, 1692.0, 858, 0.0, 0.0, 834, 32, 4, 30, 0.000, 0, 0.000, 65, 0.001, 0.001
727, 86.3, 36, 2, 35, 1692.0, 858, 0.0, 0.0, 834, 32, 4, 30, 0.000, 0, 0.000, 65, 0.001, 0.001
729, 86.5, 36, 2, 35, 1692.0, 858, 0.0, 0.0, 834, 32, 4, 30, 0.000, 0, 0.000, 65, 0.001, 0.001
730, 85.9, 36, 2, 35, 1692.0, 858, 0.0, 0.0, 834, 32, 4, 30, 0.000, 0, 0.000, 65, 0.001, 0.001
731, 85.7, 36, 2, 35, 1692.0, 858, 0.0, 0.0, 834, 32, 4, 30, 0.000, 0, 0.000, 65, 0.001, 0.001
733, 86.5, 36, 2, 35, 1692.0, 858, 0.0, 0.0, 834, 32, 4, 30, 0.000, 0, 0.000, 65, 0.001, 0.001
734, 86.7, 36, 2, 35, 1692.0, 858, 0.0, 0.0, 834, 32, 4, 30, 0.000, 0, 0.000, 65, 0.001, 0.001
735, 87.5, 36, 2, 35, 1692.0, 858, 0.0, 0.0, 834, 32, 4, 30, 0.000, 0, 0.000, 65, 0.001, 0.001
736, 87.4, 36, 2, 35, 1692.0, 858, 0.0, 0.0, 834, 32, 4, 30, 0.000, 0, 0.000, 65, 0.001, 0.001
738, 86.8, 36, 2, 35, 1692.0, 858, 0.0, 0.0, 834, 32, 4, 30, 0.000, 0, 0.000, 65, 0.001, 0.001
739, 85.9, 36, 2, 35, 1692.0, 858, 0.0, 0.0, 834, 32, 4, 30, 0.000, 0, 0.000, 65, 0.001, 0.001
740, 173.8, 36, 2, 35, 2734.0, 1662, 0.0, 0.0, 1072, 32, 4, 33, 0.000, 0, 0.000, 65, 0.001, 0.001
742, 92.8, 36, 2, 35, 2734.0, 1662, 0.0, 0.0, 1072, 32, 4, 33, 0.000, 0, 0.000, 65, 0.001, 0.001
743, 86.2, 36, 2, 35, 2734.0, 1662, 0.0, 0.0, 1072, 32, 4, 33, 0.000, 0, 0.000, 65, 0.001, 0.001
744, 86.1, 36, 2, 35, 2734.0, 1662, 0.0, 0.0, 1072, 32, 4, 33, 0.000, 0, 0.000, 65, 0.001, 0.001
745, 85.9, 36, 2, 35, 2734.0, 1662, 0.0, 0.0, 1072, 32, 4, 33, 0.000, 0, 0.000, 65, 0.001, 0.001
747, 85.4, 36, 2, 35, 2734.0, 1662, 0.0, 0.0, 1072, 32, 4, 33, 0.000, 0, 0.000, 65, 0.001, 0.001
748, 85.5, 36, 2, 35, 2734.0, 1662, 0.0, 0.0, 1072, 32, 4, 33, 0.000, 0, 0.000, 65, 0.001, 0.001
749, 85.6, 36, 2, 35, 2734.0, 1662, 0.0, 0.0, 1072, 32, 4, 33, 0.000, 0, 0.000, 65, 0.001, 0.001
751, 85.4, 36, 2, 35, 2734.0, 1662, 0.0, 0.0, 1072, 32, 4, 33, 0.000, 0, 0.000, 65, 0.001, 0.001
752, 85.6, 36, 2, 35, 2734.0, 1662, 0.0, 0.0, 1072, 32, 4, 33, 0.000, 0, 0.000, 65, 0.001, 0.001
753, 86.8, 36, 2, 35, 2734.0, 1662, 0.0, 0.0, 1072, 32, 4, 33, 0.000, 0, 0.000, 65, 0.001, 0.001
754, 86.1, 36, 2, 35, 2734.0, 1662, 0.0, 0.0, 1072, 32, 4, 33, 0.000, 0, 0.000, 65, 0.001, 0.001
756, 86.1, 36, 2, 35, 2734.0, 1662, 0.0, 0.0, 1072, 32, 4, 33, 0.000, 0, 0.000, 65, 0.001, 0.001
757, 84.9, 36, 2, 35, 2734.0, 1662, 0.0, 0.0, 1072, 32, 4, 33, 0.000, 0, 0.000, 65, 0.001, 0.001
758, 79.2, 36, 2, 35, 2734.0, 1662, 0.0, 0.0, 1072, 32, 4, 33, 0.000, 0, 0.000, 65, 0.001, 0.001
760, 60.4, 36, 2, 35, 2734.0, 1662, 0.0, 0.0, 1072, 32, 4, 33, 0.000, 0, 0.000, 65, 0.001, 0.001
761, 88.4, 36, 2, 35, 2734.0, 1662, 0.0, 0.0, 1072, 32, 4, 33, 0.000, 0, 0.000, 65, 0.001, 0.001
762, 103.8, 36, 2, 35, 2734.0, 1662, 0.0, 0.0, 1072, 32, 4, 33, 0.000, 0, 0.000, 65, 0.001, 0.001
764, 115.2, 36, 2, 35, 2734.0, 1662, 0.0, 0.0, 1072, 32, 4, 33, 0.000, 0, 0.000, 65, 0.001, 0.001
765, 175.9, 36, 2, 35, 2386.0, 1298, 0.0, 0.0, 1088, 32, 4, 33, 0.000, 0, 0.000, 69, 0.001, 0.001
766, 164.5, 36, 2, 35, 2380.0, 1326, 0.0, 0.0, 1054, 32, 4, 33, 0.000, 0, 0.000, 70, 0.001, 0.001
768, 130.5, 36, 2, 35, 2380.0, 1326, 0.0, 0.0, 1054, 32, 4, 33, 0.000, 0, 0.000, 70, 0.001, 0.001
769, 133.6, 36, 2, 35, 2380.0, 1326, 0.0, 0.0, 1054, 32, 4, 33, 0.000, 0, 0.000, 70, 0.001, 0.001
770, 134.1, 36, 2, 35, 2380.0, 1326, 0.0, 0.0, 1054, 32, 4, 33, 0.000, 0, 0.000, 70, 0.001, 0.001
772, 135.3, 36, 2, 35, 2380.0, 1326, 0.0, 0.0, 1054, 32, 4, 33, 0.000, 0, 0.000, 70, 0.001, 0.001
773, 137.5, 36, 2, 35, 2380.0, 1326, 0.0, 0.0, 1054, 32, 4, 33, 0.000, 0, 0.000, 70, 0.001, 0.001
774, 139.6, 36, 2, 35, 2380.0, 1326, 0.0, 0.0, 1054, 32, 4, 33, 0.000, 0, 0.000, 70, 0.001, 0.001
776, 139.8, 36, 2, 35, 2380.0, 1326, 0.0, 0.0, 1054, 32, 4, 33, 0.000, 0, 0.000, 70, 0.001, 0.001
777, 137.2, 36, 2, 35, 2380.0, 1326, 0.0, 0.0, 1054, 32, 4, 33, 0.000, 0, 0.000, 70, 0.001, 0.001
778, 141.5, 36, 2, 35, 7130.0, 6742, 0.0, 0.0, 388, 32, 4, 34, 0.000, 0, 0.000, 70, 0.001, 0.001
780, 218.8, 36, 2, 35, 5728.0, 5340, 0.0, 0.0, 388, 32, 4, 36, 0.000, 0, 0.000, 70, 0.001, 0.001
781, 137.8, 36, 2, 35, 5728.0, 5340, 0.0, 0.0, 388, 32, 4, 36, 0.000, 0, 0.000, 70, 0.001, 0.001
782, 134.1, 36, 2, 35, 5728.0, 5340, 0.0, 0.0, 388, 32, 4, 36, 0.000, 0, 0.000, 70, 0.001, 0.001
784, 133.8, 36, 2, 35, 5728.0, 5340, 0.0, 0.0, 388, 32, 4, 36, 0.000, 0, 0.000, 70, 0.001, 0.001
785, 135.5, 36, 2, 35, 5728.0, 5340, 0.0, 0.0, 388, 32, 4, 36, 0.000, 0, 0.000, 70, 0.001, 0.001
786, 140.2, 36, 2, 35, 5728.0, 5340, 0.0, 0.0, 388, 32, 4, 36, 0.000, 0, 0.000, 70, 0.001, 0.001
788, 140.2, 36, 2, 35, 5728.0, 5340, 0.0, 0.0, 388, 32, 4, 36, 0.000, 0, 0.000, 70, 0.001, 0.001
789, 140.0, 36, 2, 35, 5728.0, 5340, 0.0, 0.0, 388, 32, 4, 36, 0.000, 0, 0.000, 70, 0.001, 0.001
790, 142.9, 36, 2, 35, 5728.0, 5340, 0.0, 0.0, 388, 32, 4, 36, 0.000, 0, 0.000, 70, 0.001, 0.001
792, 139.8, 36, 2, 35, 5728.0, 5340, 0.0, 0.0, 388, 32, 4, 36, 0.000, 0, 0.000, 70, 0.001, 0.001
793, 201.8, 36, 2, 35, 5364.0, 4976, 0.0, 0.0, 388, 32, 4, 39, 0.000, 0, 0.000, 70, 0.001, 0.001
795, 145.5, 36, 2, 35, 5364.0, 4976, 0.0, 0.0, 388, 32, 4, 39, 0.000, 0, 0.000, 70, 0.001, 0.001
796, 134.9, 36, 2, 35, 5364.0, 4976, 0.0, 0.0, 388, 32, 4, 39, 0.000, 0, 0.000, 70, 0.001, 0.001
797, 141.4, 36, 2, 35, 5364.0, 4976, 0.0, 0.0, 388, 32, 4, 39, 0.000, 0, 0.000, 70, 0.001, 0.001
799, 140.6, 36, 2, 35, 5364.0, 4976, 0.0, 0.0, 388, 32, 4, 39, 0.000, 0, 0.000, 70, 0.001, 0.001
800, 137.8, 36, 2, 35, 5364.0, 4976, 0.0, 0.0, 388, 32, 4, 39, 0.000, 0, 0.000, 70, 0.001, 0.001
801, 143.5, 36, 2, 35, 5364.0, 4976, 0.0, 0.0, 388, 32, 4, 39, 0.000, 0, 0.000, 70, 0.001, 0.001
803, 144.6, 36, 2, 35, 5364.0, 4976, 0.0, 0.0, 388, 32, 4, 39, 0.000, 0, 0.000, 70, 0.001, 0.001
804, 141.5, 36, 2, 35, 5364.0, 4976, 0.0, 0.0, 388, 32, 4, 39, 0.000, 0, 0.000, 70, 0.001, 0.001
805, 145.4, 36, 2, 35, 7062.0, 6674, 0.0, 0.0, 388, 32, 4, 40, 0.001, 0, 0.000, 70, 0.001, 0.001
807, 228.5, 36, 2, 35, 5720.0, 5332, 0.0, 0.0, 388, 32, 4, 42, 0.001, 0, 0.000, 70, 0.001, 0.001
808, 154.0, 36, 2, 35, 5720.0, 5332, 0.0, 0.0, 388, 32, 4, 42, 0.001, 0, 0.000, 70, 0.001, 0.001
810, 154.9, 36, 2, 35, 5720.0, 5332, 0.0, 0.0, 388, 32, 4, 42, 0.001, 0, 0.000, 70, 0.001, 0.001
811, 150.7, 36, 2, 35, 5720.0, 5332, 0.0, 0.0, 388, 32, 4, 42, 0.001, 0, 0.000, 70, 0.001, 0.001
812, 155.1, 36, 2, 35, 5720.0, 5332, 0.0, 0.0, 388, 32, 4, 42, 0.001, 0, 0.000, 70, 0.001, 0.001
814, 150.7, 36, 2, 35, 5720.0, 5332, 0.0, 0.0, 388, 32, 4, 42, 0.001, 0, 0.000, 70, 0.001, 0.001
815, 147.4, 36, 2, 35, 5720.0, 5332, 0.0, 0.0, 388, 32, 4, 42, 0.001, 0, 0.000, 70, 0.001, 0.001
816, 146.0, 36, 2, 35, 5720.0, 5332, 0.0, 0.0, 388, 32, 4, 42, 0.001, 0, 0.000, 70, 0.001, 0.001
818, 144.0, 36, 2, 35, 5720.0, 5332, 0.0, 0.0, 388, 32, 4, 42, 0.001, 0, 0.000, 70, 0.001, 0.001
819, 144.0, 36, 2, 35, 7160.0, 6772, 0.0, 0.0, 388, 32, 4, 43, 0.001, 0, 0.000, 70, 0.001, 0.001
820, 251.5, 36, 2, 35, 6868.0, 6480, 0.0, 0.0, 388, 32, 4, 45, 0.001, 0, 0.000, 70, 0.001, 0.001
822, 143.6, 36, 2, 35, 6868.0, 6480, 0.0, 0.0, 388, 32, 4, 45, 0.001, 0, 0.000, 70, 0.001, 0.001
823, 144.5, 36, 2, 35, 6868.0, 6480, 0.0, 0.0, 388, 32, 4, 45, 0.001, 0, 0.000, 70, 0.001, 0.001
824, 142.1, 36, 2, 35, 6868.0, 6480, 0.0, 0.0, 388, 32, 4, 45, 0.001, 0, 0.000, 70, 0.001, 0.001
826, 145.8, 36, 2, 35, 6868.0, 6480, 0.0, 0.0, 388, 32, 4, 45, 0.001, 0, 0.000, 70, 0.001, 0.001
827, 144.2, 36, 2, 35, 6868.0, 6480, 0.0, 0.0, 388, 32, 4, 45, 0.001, 0, 0.000, 70, 0.001, 0.001
828, 143.2, 36, 2, 35, 6868.0, 6480, 0.0, 0.0, 388, 32, 4, 45, 0.001, 0, 0.000, 70, 0.001, 0.001
830, 144.6, 36, 2, 35, 6868.0, 6480, 0.0, 0.0, 388, 32, 4, 45, 0.001, 0, 0.000, 70, 0.001, 0.001
831, 141.9, 36, 2, 35, 6868.0, 6480, 0.0, 0.0, 388, 32, 4, 45, 0.001, 0, 0.000, 70, 0.001, 0.001
832, 143.3, 36, 2, 35, 6868.0, 6480, 0.0, 0.0, 388, 32, 4, 45, 0.001, 0, 0.000, 70, 0.001, 0.001
834, 178.2, 36, 2, 35, 5404.0, 5016, 0.0, 0.0, 388, 32, 4, 48, 0.001, 0, 0.000, 70, 0.001, 0.001
835, 209.2, 36, 2, 35, 5404.0, 5016, 0.0, 0.0, 388, 32, 4, 48, 0.001, 0, 0.000, 70, 0.001, 0.001
836, 141.6, 36, 2, 35, 5404.0, 5016, 0.0, 0.0, 388, 32, 4, 48, 0.001, 0, 0.000, 70, 0.001, 0.001
838, 139.1, 36, 2, 35, 5404.0, 5016, 0.0, 0.0, 388, 32, 4, 48, 0.001, 0, 0.000, 70, 0.001, 0.001
839, 145.2, 36, 2, 35, 5404.0, 5016, 0.0, 0.0, 388, 32, 4, 48, 0.001, 0, 0.000, 70, 0.001, 0.001
841, 245.2, 36, 2, 35, 2124.0, 1734, 0.0, 0.0, 390, 32, 4, 48, 0.001, 0, 0.000, 75, 0.001, 0.002
842, 167.2, 36, 2, 35, 2124.0, 1734, 0.0, 0.0, 390, 32, 4, 48, 0.001, 0, 0.000, 75, 0.001, 0.002
843, 144.3, 36, 2, 35, 2124.0, 1734, 0.0, 0.0, 390, 32, 4, 48, 0.001, 0, 0.000, 75, 0.001, 0.002
845, 145.7, 36, 2, 35, 2124.0, 1734, 0.0, 0.0, 390, 32, 4, 48, 0.001, 0, 0.000, 75, 0.001, 0.002
846, 142.2, 36, 2, 35, 2124.0, 1734, 0.0, 0.0, 390, 32, 4, 48, 0.001, 0, 0.000, 75, 0.001, 0.002
847, 140.8, 36, 2, 35, 2124.0, 1734, 0.0, 0.0, 390, 32, 4, 48, 0.001, 0, 0.000, 75, 0.001, 0.002
849, 144.1, 36, 2, 35, 2124.0, 1734, 0.0, 0.0, 390, 32, 4, 48, 0.001, 0, 0.000, 75, 0.001, 0.002
850, 142.6, 36, 2, 35, 2124.0, 1734, 0.0, 0.0, 390, 32, 4, 48, 0.001, 0, 0.000, 75, 0.001, 0.002
851, 142.0, 36, 2, 35, 2124.0, 1734, 0.0, 0.0, 390, 32, 4, 48, 0.001, 0, 0.000, 75, 0.001, 0.002
853, 142.7, 36, 2, 35, 2124.0, 1734, 0.0, 0.0, 390, 32, 4, 48, 0.001, 0, 0.000, 75, 0.001, 0.002
854, 178.4, 36, 2, 35, 5200.0, 4980, 0.0, 0.0, 220, 32, 4, 51, 0.001, 0, 0.000, 75, 0.001, 0.002
856, 196.6, 36, 2, 35, 5200.0, 4980, 0.0, 0.0, 220, 32, 4, 51, 0.001, 0, 0.000, 75, 0.001, 0.002
857, 143.9, 36, 2, 35, 5200.0, 4980, 0.0, 0.0, 220, 32, 4, 51, 0.001, 0, 0.000, 75, 0.001, 0.002
858, 154.1, 36, 2, 35, 5200.0, 4980, 0.0, 0.0, 220, 32, 4, 51, 0.001, 0, 0.000, 75, 0.001, 0.002
860, 157.4, 36, 2, 35, 5200.0, 4980, 0.0, 0.0, 220, 32, 4, 51, 0.001, 0, 0.000, 75, 0.001, 0.002
861, 155.1, 36, 2, 35, 5200.0, 4980, 0.0, 0.0, 220, 32, 4, 51, 0.001, 0, 0.000, 75, 0.001, 0.002
862, 159.4, 36, 2, 35, 5200.0, 4980, 0.0, 0.0, 220, 32, 4, 51, 0.001, 0, 0.000, 75, 0.001, 0.002
864, 152.1, 36, 2, 35, 5200.0, 4980, 0.0, 0.0, 220, 32, 4, 51, 0.001, 0, 0.000, 75, 0.001, 0.002
865, 149.2, 36, 2, 35, 5200.0, 4980, 0.0, 0.0, 220, 32, 4, 51, 0.001, 0, 0.000, 75, 0.001, 0.002
866, 148.7, 36, 2, 35, 5200.0, 4980, 0.0, 0.0, 220, 32, 4, 51, 0.001, 0, 0.000, 75, 0.001, 0.002
868, 143.5, 36, 2, 35, 5200.0, 4980, 0.0, 0.0, 220, 32, 4, 51, 0.001, 0, 0.000, 75, 0.001, 0.002
869, 286.9, 36, 2, 35, 6872.0, 6644, 0.0, 0.0, 228, 32, 4, 54, 0.001, 0, 0.000, 75, 0.001, 0.002
870, 149.8, 36, 2, 35, 6872.0, 6644, 0.0, 0.0, 228, 32, 4, 54, 0.001, 0, 0.000, 75, 0.001, 0.002
872, 144.2, 36, 2, 35, 6872.0, 6644, 0.0, 0.0, 228, 32, 4, 54, 0.001, 0, 0.000, 75, 0.001, 0.002
873, 145.6, 36, 2, 35, 6872.0, 6644, 0.0, 0.0, 228, 32, 4, 54, 0.001, 0, 0.000, 75, 0.001, 0.002
874, 146.5, 36, 2, 35, 6872.0, 6644, 0.0, 0.0, 228, 32, 4, 54, 0.001, 0, 0.000, 75, 0.001, 0.002
876, 144.8, 36, 2, 35, 6872.0, 6644, 0.0, 0.0, 228, 32, 4, 54, 0.001, 0, 0.000, 75, 0.001, 0.002
877, 145.2, 36, 2, 35, 6872.0, 6644, 0.0, 0.0, 228, 32, 4, 54, 0.001, 0, 0.000, 75, 0.001, 0.002
878, 144.9, 36, 2, 35, 6872.0, 6644, 0.0, 0.0, 228, 32, 4, 54, 0.001, 0, 0.000, 75, 0.001, 0.002
880, 143.5, 36, 2, 35, 6872.0, 6644, 0.0, 0.0, 228, 32, 4, 54, 0.001, 0, 0.000, 75, 0.001, 0.002
881, 143.2, 36, 2, 35, 6872.0, 6644, 0.0, 0.0, 228, 32, 4, 54, 0.001, 0, 0.000, 75, 0.001, 0.002
882, 156.5, 36, 2, 35, 7224.0, 6994, 0.0, 0.0, 230, 32, 4, 55, 0.001, 0, 0.000, 75, 0.001, 0.002
884, 221.3, 36, 2, 35, 5784.0, 5550, 0.0, 0.0, 234, 32, 4, 57, 0.001, 0, 0.000, 75, 0.001, 0.002
885, 143.9, 36, 2, 35, 5784.0, 5550, 0.0, 0.0, 234, 32, 4, 57, 0.001, 0, 0.000, 75, 0.001, 0.002
887, 145.9, 36, 2, 35, 5784.0, 5550, 0.0, 0.0, 234, 32, 4, 57, 0.001, 0, 0.000, 75, 0.001, 0.002
888, 145.3, 36, 2, 35, 5784.0, 5550, 0.0, 0.0, 234, 32, 4, 57, 0.001, 0, 0.000, 75, 0.001, 0.002
889, 148.1, 36, 2, 35, 5784.0, 5550, 0.0, 0.0, 234, 32, 4, 57, 0.001, 0, 0.000, 75, 0.001, 0.002
891, 146.0, 36, 2, 35, 5784.0, 5550, 0.0, 0.0, 234, 32, 4, 57, 0.001, 0, 0.000, 75, 0.001, 0.002
892, 145.4, 36, 2, 35, 5784.0, 5550, 0.0, 0.0, 234, 32, 4, 57, 0.001, 0, 0.000, 75, 0.001, 0.002
893, 145.1, 36, 2, 35, 5784.0, 5550, 0.0, 0.0, 234, 32, 4, 57, 0.001, 0, 0.000, 75, 0.001, 0.002
895, 149.8, 36, 2, 35, 5784.0, 5550, 0.0, 0.0, 234, 32, 4, 57, 0.001, 0, 0.000, 75, 0.001, 0.002
896, 147.8, 36, 2, 35, 5784.0, 5550, 0.0, 0.0, 234, 32, 4, 57, 0.001, 0, 0.000, 75, 0.001, 0.002
897, 224.5, 36, 2, 35, 5264.0, 5026, 0.0, 0.0, 238, 32, 4, 60, 0.001, 0, 0.000, 75, 0.001, 0.002
899, 150.2, 36, 2, 35, 5264.0, 5026, 0.0, 0.0, 238, 32, 4, 60, 0.001, 0, 0.000, 75, 0.001, 0.002
900, 147.1, 36, 2, 35, 5264.0, 5026, 0.0, 0.0, 238, 32, 4, 60, 0.001, 0, 0.000, 75, 0.001, 0.002
901, 142.7, 36, 2, 35, 5264.0, 5026, 0.0, 0.0, 238, 32, 4, 60, 0.001, 0, 0.000, 75, 0.001, 0.002
903, 142.0, 36, 2, 35, 5264.0, 5026, 0.0, 0.0, 238, 32, 4, 60, 0.001, 0, 0.000, 75, 0.001, 0.002
904, 145.5, 36, 2, 35, 5264.0, 5026, 0.0, 0.0, 238, 32, 4, 60, 0.001, 0, 0.000, 75, 0.001, 0.002
905, 144.0, 36, 2, 35, 5264.0, 5026, 0.0, 0.0, 238, 32, 4, 60, 0.001, 0, 0.000, 75, 0.001, 0.002
907, 143.9, 36, 2, 35, 5264.0, 5026, 0.0, 0.0, 238, 32, 4, 60, 0.001, 0, 0.000, 75, 0.001, 0.002
908, 145.9, 36, 2, 35, 5264.0, 5026, 0.0, 0.0, 238, 32, 4, 60, 0.001, 0, 0.000, 75, 0.001, 0.002
910, 159.4, 36, 2, 35, 5264.0, 5026, 0.0, 0.0, 238, 32, 4, 60, 0.001, 0, 0.000, 75, 0.001, 0.002
911, 234.5, 36, 2, 35, 5556.0, 5316, 0.0, 0.0, 240, 32, 4, 63, 0.001, 0, 0.000, 75, 0.001, 0.002
912, 159.1, 36, 2, 35, 5556.0, 5316, 0.0, 0.0, 240, 32, 4, 63, 0.001, 0, 0.000, 75, 0.001, 0.002
914, 151.1, 36, 2, 35, 5556.0, 5316, 0.0, 0.0, 240, 32, 4, 63, 0.001, 0, 0.000, 75, 0.001, 0.002
915, 152.7, 36, 2, 35, 5556.0, 5316, 0.0, 0.0, 240, 32, 4, 63, 0.001, 0, 0.000, 75, 0.001, 0.002
917, 151.0, 36, 2, 35, 4680.0, 4436, 0.0, 0.0, 244, 32, 4, 63, 0.001, 0, 0.000, 76, 0.001, 0.002
918, 276.1, 36, 2, 35, 1916.0, 1682, 0.0, 0.0, 234, 32, 4, 63, 0.001, 0, 0.000, 80, 0.001, 0.002
919, 150.0, 36, 2, 35, 1916.0, 1682, 0.0, 0.0, 234, 32, 4, 63, 0.001, 0, 0.000, 80, 0.001, 0.002
921, 142.7, 36, 2, 35, 1916.0, 1682, 0.0, 0.0, 234, 32, 4, 63, 0.001, 0, 0.000, 80, 0.001, 0.002
922, 142.0, 36, 2, 35, 1916.0, 1682, 0.0, 0.0, 234, 32, 4, 63, 0.001, 0, 0.000, 80, 0.001, 0.002
923, 148.4, 36, 2, 35, 1916.0, 1682, 0.0, 0.0, 234, 32, 4, 63, 0.001, 0, 0.000, 80, 0.001, 0.002
925, 148.4, 36, 2, 35, 1916.0, 1682, 0.0, 0.0, 234, 32, 4, 63, 0.001, 0, 0.000, 80, 0.001, 0.002
926, 149.5, 36, 2, 35, 1916.0, 1682, 0.0, 0.0, 234, 32, 4, 63, 0.001, 0, 0.000, 80, 0.001, 0.002
927, 146.2, 36, 2, 35, 1916.0, 1682, 0.0, 0.0, 234, 32, 4, 63, 0.001, 0, 0.000, 80, 0.001, 0.002
929, 144.9, 36, 2, 35, 1916.0, 1682, 0.0, 0.0, 234, 32, 4, 63, 0.001, 0, 0.000, 80, 0.001, 0.002
930, 197.4, 36, 2, 35, 6050.0, 5826, 0.0, 0.0, 224, 32, 4, 66, 0.001, 0, 0.000, 80, 0.001, 0.002
932, 163.9, 36, 2, 35, 6050.0, 5826, 0.0, 0.0, 224, 32, 4, 66, 0.001, 0, 0.000, 80, 0.001, 0.002
933, 142.5, 36, 2, 35, 6050.0, 5826, 0.0, 0.0, 224, 32, 4, 66, 0.001, 0, 0.000, 80, 0.001, 0.002
934, 142.9, 36, 2, 35, 6050.0, 5826, 0.0, 0.0, 224, 32, 4, 66, 0.001, 0, 0.000, 80, 0.001, 0.002
936, 140.2, 36, 2, 35, 6050.0, 5826, 0.0, 0.0, 224, 32, 4, 66, 0.001, 0, 0.000, 80, 0.001, 0.002
937, 144.5, 36, 2, 35, 6050.0, 5826, 0.0, 0.0, 224, 32, 4, 66, 0.001, 0, 0.000, 80, 0.001, 0.002
938, 144.7, 36, 2, 35, 6050.0, 5826, 0.0, 0.0, 224, 32, 4, 66, 0.001, 0, 0.000, 80, 0.001, 0.002
940, 145.6, 36, 2, 35, 6050.0, 5826, 0.0, 0.0, 224, 32, 4, 66, 0.001, 0, 0.000, 80, 0.001, 0.002
941, 144.3, 36, 2, 35, 6050.0, 5826, 0.0, 0.0, 224, 32, 4, 66, 0.001, 0, 0.000, 80, 0.001, 0.002
942, 146.7, 36, 2, 35, 6050.0, 5826, 0.0, 0.0, 224, 32, 4, 66, 0.001, 0, 0.000, 80, 0.001, 0.002
944, 166.3, 36, 2, 35, 5384.0, 5150, 0.0, 0.0, 234, 32, 4, 69, 0.001, 0, 0.000, 80, 0.001, 0.002
945, 218.2, 36, 2, 35, 5384.0, 5150, 0.0, 0.0, 234, 32, 4, 69, 0.001, 0, 0.000, 80, 0.001, 0.002
947, 142.5, 36, 2, 35, 5384.0, 5150, 0.0, 0.0, 234, 32, 4, 69, 0.001, 0, 0.000, 80, 0.001, 0.002
948, 144.6, 36, 2, 35, 5384.0, 5150, 0.0, 0.0, 234, 32, 4, 69, 0.001, 0, 0.000, 80, 0.001, 0.002
949, 144.2, 36, 2, 35, 5384.0, 5150, 0.0, 0.0, 234, 32, 4, 69, 0.001, 0, 0.000, 80, 0.001, 0.002
951, 145.8, 36, 2, 35, 5384.0, 5150, 0.0, 0.0, 234, 32, 4, 69, 0.001, 0, 0.000, 80, 0.001, 0.002
952, 142.6, 36, 2, 35, 5384.0, 5150, 0.0, 0.0, 234, 32, 4, 69, 0.001, 0, 0.000, 80, 0.001, 0.002
953, 144.4, 36, 2, 35, 5384.0, 5150, 0.0, 0.0, 234, 32, 4, 69, 0.001, 0, 0.000, 80, 0.001, 0.002
955, 148.4, 36, 2, 35, 5384.0, 5150, 0.0, 0.0, 234, 32, 4, 69, 0.001, 0, 0.000, 80, 0.001, 0.002
956, 145.8, 36, 2, 35, 5384.0, 5150, 0.0, 0.0, 234, 32, 4, 69, 0.001, 0, 0.000, 80, 0.001, 0.002
957, 197.8, 36, 2, 35, 5492.0, 5256, 0.0, 0.0, 236, 32, 4, 72, 0.001, 0, 0.000, 80, 0.001, 0.002
959, 179.6, 36, 2, 35, 5492.0, 5256, 0.0, 0.0, 236, 32, 4, 72, 0.001, 0, 0.000, 80, 0.001, 0.002
960, 162.0, 36, 2, 35, 5492.0, 5256, 0.0, 0.0, 236, 32, 4, 72, 0.001, 0, 0.000, 80, 0.001, 0.002
962, 157.6, 36, 2, 35, 5492.0, 5256, 0.0, 0.0, 236, 32, 4, 72, 0.001, 0, 0.000, 80, 0.001, 0.002
963, 157.8, 36, 2, 35, 5492.0, 5256, 0.0, 0.0, 236, 32, 4, 72, 0.001, 0, 0.000, 80, 0.001, 0.002
964, 156.4, 36, 2, 35, 5492.0, 5256, 0.0, 0.0, 236, 32, 4, 72, 0.001, 0, 0.000, 80, 0.001, 0.002
966, 150.1, 36, 2, 35, 5492.0, 5256, 0.0, 0.0, 236, 32, 4, 72, 0.001, 0, 0.000, 80, 0.001, 0.002
967, 148.8, 36, 2, 35, 5492.0, 5256, 0.0, 0.0, 236, 32, 4, 72, 0.001, 0, 0.000, 80, 0.001, 0.002
968, 160.9, 36, 2, 35, 6884.0, 6648, 0.0, 0.0, 236, 32, 4, 73, 0.001, 0, 0.000, 80, 0.001, 0.002
970, 232.1, 36, 2, 35, 7192.0, 6952, 0.0, 0.0, 240, 32, 4, 75, 0.001, 0, 0.000, 80, 0.001, 0.002
971, 142.4, 36, 2, 35, 7192.0, 6952, 0.0, 0.0, 240, 32, 4, 75, 0.001, 0, 0.000, 80, 0.001, 0.002
973, 143.6, 36, 2, 35, 7192.0, 6952, 0.0, 0.0, 240, 32, 4, 75, 0.001, 0, 0.000, 80, 0.001, 0.002
974, 147.3, 36, 2, 35, 7192.0, 6952, 0.0, 0.0, 240, 32, 4, 75, 0.001, 0, 0.000, 80, 0.001, 0.002
975, 152.3, 36, 2, 35, 7192.0, 6952, 0.0, 0.0, 240, 32, 4, 75, 0.001, 0, 0.000, 80, 0.001, 0.002
977, 152.4, 36, 2, 35, 7192.0, 6952, 0.0, 0.0, 240, 32, 4, 75, 0.001, 0, 0.000, 80, 0.001, 0.002
978, 153.9, 36, 2, 35, 7192.0, 6952, 0.0, 0.0, 240, 32, 4, 75, 0.001, 0, 0.000, 80, 0.001, 0.002
979, 156.9, 36, 2, 35, 7002.0, 6760, 0.0, 0.0, 242, 32, 4, 76, 0.001, 0, 0.000, 80, 0.001, 0.002
981, 285.4, 36, 2, 35, 6366.0, 6122, 0.0, 0.0, 244, 32, 4, 78, 0.001, 0, 0.000, 80, 0.001, 0.002
982, 158.1, 36, 2, 35, 6366.0, 6122, 0.0, 0.0, 244, 32, 4, 78, 0.001, 0, 0.000, 80, 0.001, 0.002
983, 151.8, 36, 2, 35, 6366.0, 6122, 0.0, 0.0, 244, 32, 4, 78, 0.001, 0, 0.000, 80, 0.001, 0.002
985, 158.1, 36, 2, 35, 6366.0, 6122, 0.0, 0.0, 244, 32, 4, 78, 0.001, 0, 0.000, 80, 0.001, 0.002
986, 159.9, 36, 2, 35, 6366.0, 6122, 0.0, 0.0, 244, 32, 4, 78, 0.001, 0, 0.000, 80, 0.001, 0.002
988, 158.3, 36, 2, 35, 6366.0, 6122, 0.0, 0.0, 244, 32, 4, 78, 0.001, 0, 0.000, 80, 0.001, 0.002
989, 157.9, 36, 2, 35, 6366.0, 6122, 0.0, 0.0, 244, 32, 4, 78, 0.001, 0, 0.000, 80, 0.001, 0.002
990, 180.9, 36, 2, 35, 6754.0, 6508, 0.0, 0.0, 246, 32, 4, 78, 0.001, 0, 0.000, 81, 0.001, 0.002
992, 282.1, 36, 2, 35, 2116.0, 1878, 0.0, 0.0, 238, 32, 4, 78, 0.001, 0, 0.000, 85, 0.001, 0.002
993, 155.7, 36, 2, 35, 2116.0, 1878, 0.0, 0.0, 238, 32, 4, 78, 0.001, 0, 0.000, 85, 0.001, 0.002
994, 154.9, 36, 2, 35, 2116.0, 1878, 0.0, 0.0, 238, 32, 4, 78, 0.001, 0, 0.000, 85, 0.001, 0.002
996, 155.7, 36, 2, 35, 2116.0, 1878, 0.0, 0.0, 238, 32, 4, 78, 0.001, 0, 0.000, 85, 0.001, 0.002
997, 152.5, 36, 2, 35, 2116.0, 1878, 0.0, 0.0, 238, 32, 4, 78, 0.001, 0, 0.000, 85, 0.001, 0.002
998, 156.8, 36, 2, 35, 2116.0, 1878, 0.0, 0.0, 238, 32, 4, 78, 0.001, 0, 0.000, 85, 0.001, 0.002
1000, 159.8, 36, 2, 35, 2116.0, 1878, 0.0, 0.0, 238, 32, 4, 78, 0.001, 0, 0.000, 85, 0.001, 0.002
1001, 294.0, 36, 2, 35, 5260.0, 5050, 0.0, 0.0, 210, 32, 4, 81, 0.001, 0, 0.000, 85, 0.001, 0.002
1003, 159.1, 36, 2, 35, 5260.0, 5050, 0.0, 0.0, 210, 32, 4, 81, 0.001, 0, 0.000, 85, 0.001, 0.002
1004, 154.1, 36, 2, 35, 5260.0, 5050, 0.0, 0.0, 210, 32, 4, 81, 0.001, 0, 0.000, 85, 0.001, 0.002
1005, 157.8, 36, 2, 35, 5260.0, 5050, 0.0, 0.0, 210, 32, 4, 81, 0.001, 0, 0.000, 85, 0.001, 0.002
1007, 154.0, 36, 2, 35, 5260.0, 5050, 0.0, 0.0, 210, 32, 4, 81, 0.001, 0, 0.000, 85, 0.001, 0.002
1008, 155.0, 36, 2, 35, 5260.0, 5050, 0.0, 0.0, 210, 32, 4, 81, 0.001, 0, 0.000, 85, 0.001, 0.002
1009, 163.3, 36, 2, 35, 5260.0, 5050, 0.0, 0.0, 210, 32, 4, 81, 0.001, 0, 0.000, 85, 0.001, 0.002
1011, 168.7, 36, 2, 35, 5260.0, 5050, 0.0, 0.0, 210, 32, 4, 81, 0.001, 0, 0.000, 85, 0.001, 0.002
1012, 244.5, 36, 2, 35, 5662.0, 5448, 0.0, 0.0, 214, 32, 4, 84, 0.001, 0, 0.000, 85, 0.001, 0.002
1014, 178.6, 36, 2, 35, 5662.0, 5448, 0.0, 0.0, 214, 32, 4, 84, 0.001, 0, 0.000, 85, 0.001, 0.002
1015, 167.4, 36, 2, 35, 5662.0, 5448, 0.0, 0.0, 214, 32, 4, 84, 0.001, 0, 0.000, 85, 0.001, 0.002
1016, 158.3, 36, 2, 35, 5662.0, 5448, 0.0, 0.0, 214, 32, 4, 84, 0.001, 0, 0.000, 85, 0.001, 0.002
1018, 156.1, 36, 2, 35, 5662.0, 5448, 0.0, 0.0, 214, 32, 4, 84, 0.001, 0, 0.000, 85, 0.001, 0.002
1019, 157.8, 36, 2, 35, 5662.0, 5448, 0.0, 0.0, 214, 32, 4, 84, 0.001, 0, 0.000, 85, 0.001, 0.002
1021, 156.0, 36, 2, 35, 5662.0, 5448, 0.0, 0.0, 214, 32, 4, 84, 0.001, 0, 0.000, 85, 0.001, 0.002
1022, 172.6, 36, 2, 35, 6462.0, 6248, 0.0, 0.0, 214, 32, 4, 85, 0.001, 0, 0.000, 85, 0.001, 0.002
1023, 247.5, 36, 2, 35, 6696.0, 6480, 0.0, 0.0, 216, 32, 4, 87, 0.001, 0, 0.000, 85, 0.001, 0.002
1025, 162.5, 36, 2, 35, 6696.0, 6480, 0.0, 0.0, 216, 32, 4, 87, 0.001, 0, 0.000, 85, 0.001, 0.002
1026, 158.0, 36, 2, 35, 6696.0, 6480, 0.0, 0.0, 216, 32, 4, 87, 0.001, 0, 0.000, 85, 0.001, 0.002
1027, 156.7, 36, 2, 35, 6696.0, 6480, 0.0, 0.0, 216, 32, 4, 87, 0.001, 0, 0.000, 85, 0.001, 0.002
1029, 157.2, 36, 2, 35, 6696.0, 6480, 0.0, 0.0, 216, 32, 4, 87, 0.001, 0, 0.000, 85, 0.001, 0.002
1030, 152.7, 36, 2, 35, 6696.0, 6480, 0.0, 0.0, 216, 32, 4, 87, 0.001, 0, 0.000, 85, 0.001, 0.002
1032, 158.3, 36, 2, 35, 6696.0, 6480, 0.0, 0.0, 216, 32, 4, 87, 0.001, 0, 0.000, 85, 0.001, 0.002
1033, 223.7, 36, 2, 35, 6006.0, 5784, 0.0, 0.0, 222, 32, 4, 90, 0.001, 0, 0.000, 85, 0.001, 0.002
1034, 191.5, 36, 2, 35, 6006.0, 5784, 0.0, 0.0, 222, 32, 4, 90, 0.001, 0, 0.000, 85, 0.001, 0.002
1036, 157.4, 36, 2, 35, 6006.0, 5784, 0.0, 0.0, 222, 32, 4, 90, 0.001, 0, 0.000, 85, 0.001, 0.002
1037, 155.1, 36, 2, 35, 6006.0, 5784, 0.0, 0.0, 222, 32, 4, 90, 0.001, 0, 0.000, 85, 0.001, 0.002
1038, 153.4, 36, 2, 35, 6006.0, 5784, 0.0, 0.0, 222, 32, 4, 90, 0.001, 0, 0.000, 85, 0.001, 0.002
1040, 157.0, 36, 2, 35, 6006.0, 5784, 0.0, 0.0, 222, 32, 4, 90, 0.001, 0, 0.000, 85, 0.001, 0.002
1041, 156.1, 36, 2, 35, 6006.0, 5784, 0.0, 0.0, 222, 32, 4, 90, 0.001, 0, 0.000, 85, 0.001, 0.002
1043, 157.8, 36, 2, 35, 6006.0, 5784, 0.0, 0.0, 222, 32, 4, 90, 0.001, 0, 0.000, 85, 0.001, 0.002
1044, 154.5, 36, 2, 35, 6006.0, 5784, 0.0, 0.0, 222, 32, 4, 90, 0.001, 0, 0.000, 85, 0.001, 0.002
1045, 271.9, 36, 2, 35, 5166.0, 4942, 0.0, 0.0, 224, 32, 4, 93, 0.001, 0, 0.000, 85, 0.001, 0.002
1047, 160.4, 36, 2, 35, 5166.0, 4942, 0.0, 0.0, 224, 32, 4, 93, 0.001, 0, 0.000, 85, 0.001, 0.002
1048, 155.2, 36, 2, 35, 5166.0, 4942, 0.0, 0.0, 224, 32, 4, 93, 0.001, 0, 0.000, 85, 0.001, 0.002
1049, 153.2, 36, 2, 35, 5166.0, 4942, 0.0, 0.0, 224, 32, 4, 93, 0.001, 0, 0.000, 85, 0.001, 0.002
1051, 151.8, 36, 2, 35, 5166.0, 4942, 0.0, 0.0, 224, 32, 4, 93, 0.001, 0, 0.000, 85, 0.001, 0.002
1052, 155.1, 36, 2, 35, 5166.0, 4942, 0.0, 0.0, 224, 32, 4, 93, 0.001, 0, 0.000, 85, 0.001, 0.002
1053, 156.7, 36, 2, 35, 5166.0, 4942, 0.0, 0.0, 224, 32, 4, 93, 0.001, 0, 0.000, 85, 0.001, 0.002
1055, 156.7, 36, 2, 35, 5166.0, 4942, 0.0, 0.0, 224, 32, 4, 93, 0.001, 0, 0.000, 85, 0.001, 0.002
1056, 155.1, 36, 2, 35, 5166.0, 4942, 0.0, 0.0, 224, 32, 4, 93, 0.001, 0, 0.000, 85, 0.001, 0.002
1058, 298.1, 36, 2, 35, 5222.0, 4990, 0.0, 0.0, 232, 32, 4, 96, 0.001, 0, 0.000, 85, 0.001, 0.002
1059, 159.0, 36, 2, 35, 5222.0, 4990, 0.0, 0.0, 232, 32, 4, 96, 0.001, 0, 0.000, 85, 0.001, 0.002
1060, 167.9, 36, 2, 35, 5222.0, 4990, 0.0, 0.0, 232, 32, 4, 96, 0.001, 0, 0.000, 85, 0.001, 0.002
1062, 173.3, 36, 2, 35, 5222.0, 4990, 0.0, 0.0, 232, 32, 4, 96, 0.001, 0, 0.000, 85, 0.001, 0.002
1063, 166.5, 36, 2, 35, 5222.0, 4990, 0.0, 0.0, 232, 32, 4, 96, 0.001, 0, 0.000, 85, 0.001, 0.002
1064, 168.2, 36, 2, 35, 5222.0, 4990, 0.0, 0.0, 232, 32, 4, 96, 0.001, 0, 0.000, 85, 0.001, 0.002
1066, 162.0, 36, 2, 35, 5222.0, 4990, 0.0, 0.0, 232, 32, 4, 96, 0.001, 0, 0.000, 85, 0.001, 0.002
1067, 158.2, 36, 2, 35, 5222.0, 4990, 0.0, 0.0, 232, 32, 4, 96, 0.001, 0, 0.000, 85, 0.001, 0.002
1068, 265.8, 36, 2, 35, 2238.0, 2022, 0.0, 0.0, 216, 32, 4, 96, 0.001, 0, 0.000, 90, 0.001, 0.002
1070, 186.9, 36, 2, 35, 2238.0, 2022, 0.0, 0.0, 216, 32, 4, 96, 0.001, 0, 0.000, 90, 0.001, 0.002
1071, 158.1, 36, 2, 35, 2238.0, 2022, 0.0, 0.0, 216, 32, 4, 96, 0.001, 0, 0.000, 90, 0.001, 0.002
1073, 151.8, 36, 2, 35, 2238.0, 2022, 0.0, 0.0, 216, 32, 4, 96, 0.001, 0, 0.000, 90, 0.001, 0.002
1074, 152.4, 36, 2, 35, 2238.0, 2022, 0.0, 0.0, 216, 32, 4, 96, 0.001, 0, 0.000, 90, 0.001, 0.002
1075, 161.7, 36, 2, 35, 2238.0, 2022, 0.0, 0.0, 216, 32, 4, 96, 0.001, 0, 0.000, 90, 0.001, 0.002
1077, 160.5, 36, 2, 35, 2238.0, 2022, 0.0, 0.0, 216, 32, 4, 96, 0.001, 0, 0.000, 90, 0.001, 0.002
1078, 185.5, 36, 2, 35, 7034.0, 6838, 0.0, 0.0, 196, 32, 4, 98, 0.001, 0, 0.000, 90, 0.001, 0.002
1080, 241.4, 36, 2, 35, 6548.0, 6348, 0.0, 0.0, 200, 32, 4, 99, 0.001, 0, 0.000, 90, 0.001, 0.002
1081, 152.5, 36, 2, 35, 6548.0, 6348, 0.0, 0.0, 200, 32, 4, 99, 0.001, 0, 0.000, 90, 0.001, 0.002
1082, 154.5, 36, 2, 35, 6548.0, 6348, 0.0, 0.0, 200, 32, 4, 99, 0.001, 0, 0.000, 90, 0.001, 0.002
1084, 154.3, 36, 2, 35, 6548.0, 6348, 0.0, 0.0, 200, 32, 4, 99, 0.001, 0, 0.000, 90, 0.001, 0.002
1085, 153.7, 36, 2, 35, 6548.0, 6348, 0.0, 0.0, 200, 32, 4, 99, 0.001, 0, 0.000, 90, 0.001, 0.002
1086, 154.9, 36, 2, 35, 6548.0, 6348, 0.0, 0.0, 200, 32, 4, 99, 0.001, 0, 0.000, 90, 0.001, 0.002
1088, 157.5, 36, 2, 35, 6548.0, 6348, 0.0, 0.0, 200, 32, 4, 99, 0.001, 0, 0.000, 90, 0.001, 0.002
1089, 158.3, 36, 2, 35, 6700.0, 6494, 0.0, 0.0, 206, 32, 4, 100, 0.001, 0, 0.000, 90, 0.001, 0.002
1091, 258.9, 36, 2, 35, 5688.0, 5480, 0.0, 0.0, 208, 32, 4, 102, 0.001, 0, 0.000, 90, 0.001, 0.002
1092, 155.6, 36, 2, 35, 5688.0, 5480, 0.0, 0.0, 208, 32, 4, 102, 0.001, 0, 0.000, 90, 0.001, 0.002
1093, 154.6, 36, 2, 35, 5688.0, 5480, 0.0, 0.0, 208, 32, 4, 102, 0.001, 0, 0.000, 90, 0.001, 0.002
1095, 159.5, 36, 2, 35, 5688.0, 5480, 0.0, 0.0, 208, 32, 4, 102, 0.001, 0, 0.000, 90, 0.001, 0.002
1096, 155.8, 36, 2, 35, 5688.0, 5480, 0.0, 0.0, 208, 32, 4, 102, 0.001, 0, 0.000, 90, 0.001, 0.002
1097, 153.9, 36, 2, 35, 5688.0, 5480, 0.0, 0.0, 208, 32, 4, 102, 0.001, 0, 0.000, 90, 0.001, 0.002
1099, 154.5, 36, 2, 35, 5688.0, 5480, 0.0, 0.0, 208, 32, 4, 102, 0.001, 0, 0.000, 90, 0.001, 0.002
1100, 153.2, 36, 2, 35, 5688.0, 5480, 0.0, 0.0, 208, 32, 4, 102, 0.001, 0, 0.000, 90, 0.001, 0.002
1101, 289.3, 36, 2, 35, 5694.0, 5482, 0.0, 0.0, 212, 32, 4, 105, 0.001, 0, 0.000, 90, 0.001, 0.002
1103, 162.3, 36, 2, 35, 5694.0, 5482, 0.0, 0.0, 212, 32, 4, 105, 0.001, 0, 0.000, 90, 0.001, 0.002
1104, 154.6, 36, 2, 35, 5694.0, 5482, 0.0, 0.0, 212, 32, 4, 105, 0.001, 0, 0.000, 90, 0.001, 0.002
1105, 156.0, 36, 2, 35, 5694.0, 5482, 0.0, 0.0, 212, 32, 4, 105, 0.001, 0, 0.000, 90, 0.001, 0.002
1107, 156.2, 36, 2, 35, 5694.0, 5482, 0.0, 0.0, 212, 32, 4, 105, 0.001, 0, 0.000, 90, 0.001, 0.002
1108, 156.7, 36, 2, 35, 5694.0, 5482, 0.0, 0.0, 212, 32, 4, 105, 0.001, 0, 0.000, 90, 0.001, 0.002
1109, 155.7, 36, 2, 35, 5694.0, 5482, 0.0, 0.0, 212, 32, 4, 105, 0.001, 0, 0.000, 90, 0.001, 0.002
1111, 170.0, 36, 2, 35, 5694.0, 5482, 0.0, 0.0, 212, 32, 4, 105, 0.001, 0, 0.000, 90, 0.001, 0.002
1112, 224.9, 36, 2, 35, 5694.0, 5480, 0.0, 0.0, 214, 32, 4, 108, 0.001, 0, 0.000, 90, 0.001, 0.002
1114, 173.4, 36, 2, 35, 5694.0, 5480, 0.0, 0.0, 214, 32, 4, 108, 0.001, 0, 0.000, 90, 0.001, 0.002
1115, 162.3, 36, 2, 35, 5694.0, 5480, 0.0, 0.0, 214, 32, 4, 108, 0.001, 0, 0.000, 90, 0.001, 0.002
1117, 161.7, 36, 2, 35, 5694.0, 5480, 0.0, 0.0, 214, 32, 4, 108, 0.001, 0, 0.000, 90, 0.001, 0.002
1118, 163.4, 36, 2, 35, 5694.0, 5480, 0.0, 0.0, 214, 32, 4, 108, 0.001, 0, 0.000, 90, 0.001, 0.002
1119, 155.8, 36, 2, 35, 5694.0, 5480, 0.0, 0.0, 214, 32, 4, 108, 0.001, 0, 0.000, 90, 0.001, 0.002
1121, 155.2, 36, 2, 35, 5694.0, 5480, 0.0, 0.0, 214, 32, 4, 108, 0.001, 0, 0.000, 90, 0.001, 0.002
1122, 157.7, 36, 2, 35, 5694.0, 5480, 0.0, 0.0, 214, 32, 4, 108, 0.001, 0, 0.000, 90, 0.001, 0.002
1123, 243.6, 36, 2, 35, 6830.0, 6614, 0.0, 0.0, 216, 32, 4, 111, 0.001, 0, 0.000, 90, 0.001, 0.003
1125, 164.2, 36, 2, 35, 6830.0, 6614, 0.0, 0.0, 216, 32, 4, 111, 0.001, 0, 0.000, 90, 0.001, 0.003
1126, 158.8, 36, 2, 35, 6830.0, 6614, 0.0, 0.0, 216, 32, 4, 111, 0.001, 0, 0.000, 90, 0.001, 0.003
1128, 155.5, 36, 2, 35, 6830.0, 6614, 0.0, 0.0, 216, 32, 4, 111, 0.001, 0, 0.000, 90, 0.001, 0.003
1129, 153.5, 36, 2, 35, 6830.0, 6614, 0.0, 0.0, 216, 32, 4, 111, 0.001, 0, 0.000, 90, 0.001, 0.003
1130, 155.3, 36, 2, 35, 6830.0, 6614, 0.0, 0.0, 216, 32, 4, 111, 0.001, 0, 0.000, 90, 0.001, 0.003
1132, 152.8, 36, 2, 35, 6830.0, 6614, 0.0, 0.0, 216, 32, 4, 111, 0.001, 0, 0.000, 90, 0.001, 0.003
1133, 156.1, 36, 2, 35, 6830.0, 6614, 0.0, 0.0, 216, 32, 4, 111, 0.001, 0, 0.000, 90, 0.001, 0.003
1134, 222.3, 36, 2, 35, 5954.0, 5732, 0.0, 0.0, 222, 32, 4, 114, 0.001, 0, 0.000, 90, 0.001, 0.003
1136, 174.8, 36, 2, 35, 5954.0, 5732, 0.0, 0.0, 222, 32, 4, 114, 0.001, 0, 0.000, 90, 0.001, 0.003
1138, 157.1, 36, 2, 35, 5954.0, 5732, 0.0, 0.0, 222, 32, 4, 114, 0.001, 0, 0.000, 90, 0.001, 0.003
1139, 155.6, 36, 2, 35, 5954.0, 5732, 0.0, 0.0, 222, 32, 4, 114, 0.001, 0, 0.000, 90, 0.001, 0.003
1140, 158.5, 36, 2, 35, 5954.0, 5732, 0.0, 0.0, 222, 32, 4, 114, 0.001, 0, 0.000, 90, 0.001, 0.003
1142, 158.3, 36, 2, 35, 5954.0, 5732, 0.0, 0.0, 222, 32, 4, 114, 0.001, 0, 0.000, 90, 0.001, 0.003
1143, 191.5, 36, 2, 35, 7022.0, 6798, 0.0, 0.0, 224, 32, 4, 116, 0.001, 0, 0.000, 90, 0.001, 0.003
1144, 226.3, 36, 2, 35, 6368.0, 6144, 0.0, 0.0, 224, 32, 4, 117, 0.001, 0, 0.000, 90, 0.001, 0.003
1146, 153.9, 36, 2, 35, 6368.0, 6144, 0.0, 0.0, 224, 32, 4, 117, 0.001, 0, 0.000, 90, 0.001, 0.003
1147, 153.0, 36, 2, 35, 6368.0, 6144, 0.0, 0.0, 224, 32, 4, 117, 0.001, 0, 0.000, 90, 0.001, 0.003
1149, 157.6, 36, 2, 35, 6368.0, 6144, 0.0, 0.0, 224, 32, 4, 117, 0.001, 0, 0.000, 90, 0.001, 0.003
1150, 154.7, 36, 2, 35, 6368.0, 6144, 0.0, 0.0, 224, 32, 4, 117, 0.001, 0, 0.000, 90, 0.001, 0.003
1151, 159.9, 36, 2, 35, 6304.0, 6080, 0.0, 0.0, 224, 32, 4, 118, 0.001, 0, 0.000, 90, 0.001, 0.003
1153, 277.9, 36, 2, 35, 5742.0, 5514, 0.0, 0.0, 228, 32, 4, 120, 0.002, 0, 0.000, 90, 0.001, 0.003
1154, 150.5, 36, 2, 35, 3042.0, 2812, 0.0, 0.0, 230, 32, 4, 120, 0.002, 0, 0.000, 91, 0.001, 0.003
1155, 277.9, 36, 2, 35, 1966.0, 1748, 0.0, 0.0, 218, 32, 4, 120, 0.002, 0, 0.000, 95, 0.001, 0.003
1157, 153.3, 36, 2, 35, 1966.0, 1748, 0.0, 0.0, 218, 32, 4, 120, 0.002, 0, 0.000, 95, 0.001, 0.003
1158, 159.7, 36, 2, 35, 1966.0, 1748, 0.0, 0.0, 218, 32, 4, 120, 0.002, 0, 0.000, 95, 0.001, 0.003
1160, 157.2, 36, 2, 35, 1966.0, 1748, 0.0, 0.0, 218, 32, 4, 120, 0.002, 0, 0.000, 95, 0.001, 0.003
1161, 159.4, 36, 2, 35, 1966.0, 1748, 0.0, 0.0, 218, 32, 4, 120, 0.002, 0, 0.000, 95, 0.001, 0.003
1162, 171.4, 36, 2, 35, 1966.0, 1748, 0.0, 0.0, 218, 32, 4, 120, 0.002, 0, 0.000, 95, 0.001, 0.003
1164, 167.1, 36, 2, 35, 6560.0, 6360, 0.0, 0.0, 200, 32, 4, 121, 0.002, 0, 0.000, 95, 0.001, 0.003
1165, 319.9, 36, 2, 35, 6004.0, 5792, 0.0, 0.0, 212, 32, 4, 123, 0.002, 0, 0.000, 95, 0.001, 0.003
1166, 162.4, 36, 2, 35, 6004.0, 5792, 0.0, 0.0, 212, 32, 4, 123, 0.002, 0, 0.000, 95, 0.001, 0.003
1168, 162.1, 36, 2, 35, 6004.0, 5792, 0.0, 0.0, 212, 32, 4, 123, 0.002, 0, 0.000, 95, 0.001, 0.003
1169, 161.7, 36, 2, 35, 6004.0, 5792, 0.0, 0.0, 212, 32, 4, 123, 0.002, 0, 0.000, 95, 0.001, 0.003
1170, 160.9, 36, 2, 35, 6004.0, 5792, 0.0, 0.0, 212, 32, 4, 123, 0.002, 0, 0.000, 95, 0.001, 0.003
1172, 158.7, 36, 2, 35, 6004.0, 5792, 0.0, 0.0, 212, 32, 4, 123, 0.002, 0, 0.000, 95, 0.001, 0.003
1173, 158.2, 36, 2, 35, 6004.0, 5792, 0.0, 0.0, 212, 32, 4, 123, 0.002, 0, 0.000, 95, 0.001, 0.003
1175, 223.6, 36, 2, 35, 6924.0, 6668, 0.0, 0.0, 256, 32, 4, 126, 0.002, 0, 0.000, 95, 0.001, 0.003
1176, 164.5, 36, 2, 35, 6924.0, 6668, 0.0, 0.0, 256, 32, 4, 126, 0.002, 0, 0.000, 95, 0.001, 0.003
1178, 160.2, 36, 2, 35, 6924.0, 6668, 0.0, 0.0, 256, 32, 4, 126, 0.002, 0, 0.000, 95, 0.001, 0.003
1179, 158.3, 36, 2, 35, 6924.0, 6668, 0.0, 0.0, 256, 32, 4, 126, 0.002, 0, 0.000, 95, 0.001, 0.003
1180, 153.1, 36, 2, 35, 6924.0, 6668, 0.0, 0.0, 256, 32, 4, 126, 0.002, 0, 0.000, 95, 0.001, 0.003
1182, 153.4, 36, 2, 35, 6924.0, 6668, 0.0, 0.0, 256, 32, 4, 126, 0.002, 0, 0.000, 95, 0.001, 0.003
1183, 157.0, 36, 2, 35, 6924.0, 6668, 0.0, 0.0, 256, 32, 4, 126, 0.002, 0, 0.000, 95, 0.001, 0.003
1184, 157.9, 36, 2, 35, 6924.0, 6668, 0.0, 0.0, 256, 32, 4, 126, 0.002, 0, 0.000, 95, 0.001, 0.003
1186, 304.1, 36, 2, 35, 6180.0, 5924, 0.0, 0.0, 256, 32, 4, 129, 0.002, 0, 0.000, 95, 0.001, 0.003
1187, 160.8, 36, 2, 35, 6180.0, 5924, 0.0, 0.0, 256, 32, 4, 129, 0.002, 0, 0.000, 95, 0.001, 0.003
1188, 154.5, 36, 2, 35, 6180.0, 5924, 0.0, 0.0, 256, 32, 4, 129, 0.002, 0, 0.000, 95, 0.001, 0.003
1190, 158.1, 36, 2, 35, 6180.0, 5924, 0.0, 0.0, 256, 32, 4, 129, 0.002, 0, 0.000, 95, 0.001, 0.003
1191, 157.4, 36, 2, 35, 6180.0, 5924, 0.0, 0.0, 256, 32, 4, 129, 0.002, 0, 0.000, 95, 0.001, 0.003
1192, 156.4, 36, 2, 35, 6180.0, 5924, 0.0, 0.0, 256, 32, 4, 129, 0.002, 0, 0.000, 95, 0.001, 0.003
1194, 162.4, 36, 2, 35, 6180.0, 5924, 0.0, 0.0, 256, 32, 4, 129, 0.002, 0, 0.000, 95, 0.001, 0.003
1195, 157.3, 36, 2, 35, 6784.0, 6528, 0.0, 0.0, 256, 32, 4, 130, 0.002, 0, 0.000, 95, 0.001, 0.003
1197, 254.1, 36, 2, 35, 6098.0, 5842, 0.0, 0.0, 256, 32, 4, 132, 0.002, 0, 0.000, 95, 0.001, 0.003
1198, 151.9, 36, 2, 35, 6098.0, 5842, 0.0, 0.0, 256, 32, 4, 132, 0.002, 0, 0.000, 95, 0.001, 0.003
1199, 153.3, 36, 2, 35, 6098.0, 5842, 0.0, 0.0, 256, 32, 4, 132, 0.002, 0, 0.000, 95, 0.001, 0.003
1201, 153.2, 36, 2, 35, 6098.0, 5842, 0.0, 0.0, 256, 32, 4, 132, 0.002, 0, 0.000, 95, 0.001, 0.003
1202, 153.4, 36, 2, 35, 6098.0, 5842, 0.0, 0.0, 256, 32, 4, 132, 0.002, 0, 0.000, 95, 0.001, 0.003
1203, 155.5, 36, 2, 35, 6098.0, 5842, 0.0, 0.0, 256, 32, 4, 132, 0.002, 0, 0.000, 95, 0.001, 0.003
1205, 154.2, 36, 2, 35, 6098.0, 5842, 0.0, 0.0, 256, 32, 4, 132, 0.002, 0, 0.000, 95, 0.001, 0.003
1206, 156.4, 36, 2, 35, 6098.0, 5842, 0.0, 0.0, 256, 32, 4, 132, 0.002, 0, 0.000, 95, 0.001, 0.003
1207, 218.0, 36, 2, 35, 5018.0, 4758, 0.0, 0.0, 260, 32, 4, 135, 0.002, 0, 0.000, 95, 0.001, 0.003
1209, 165.8, 36, 2, 35, 5018.0, 4758, 0.0, 0.0, 260, 32, 4, 135, 0.002, 0, 0.000, 95, 0.001, 0.003
1210, 157.4, 36, 2, 35, 5018.0, 4758, 0.0, 0.0, 260, 32, 4, 135, 0.002, 0, 0.000, 95, 0.001, 0.003
1212, 164.5, 36, 2, 35, 5018.0, 4758, 0.0, 0.0, 260, 32, 4, 135, 0.002, 0, 0.000, 95, 0.001, 0.003
1213, 172.0, 36, 2, 35, 5018.0, 4758, 0.0, 0.0, 260, 32, 4, 135, 0.002, 0, 0.000, 95, 0.001, 0.003
1215, 164.4, 36, 2, 35, 5018.0, 4758, 0.0, 0.0, 260, 32, 4, 135, 0.002, 0, 0.000, 95, 0.001, 0.003
1216, 167.1, 36, 2, 35, 5018.0, 4758, 0.0, 0.0, 260, 32, 4, 135, 0.002, 0, 0.000, 95, 0.001, 0.003
1217, 182.7, 36, 2, 35, 6638.0, 6376, 0.0, 0.0, 262, 32, 4, 136, 0.002, 0, 0.000, 95, 0.001, 0.003
1219, 259.9, 36, 2, 35, 6508.0, 6246, 0.0, 0.0, 262, 32, 4, 138, 0.002, 0, 0.000, 95, 0.001, 0.003
1220, 159.3, 36, 2, 35, 6508.0, 6246, 0.0, 0.0, 262, 32, 4, 138, 0.002, 0, 0.000, 95, 0.001, 0.003
1222, 151.8, 36, 2, 35, 6508.0, 6246, 0.0, 0.0, 262, 32, 4, 138, 0.002, 0, 0.000, 95, 0.001, 0.003
1223, 155.7, 36, 2, 35, 6508.0, 6246, 0.0, 0.0, 262, 32, 4, 138, 0.002, 0, 0.000, 95, 0.001, 0.003
1224, 157.3, 36, 2, 35, 6508.0, 6246, 0.0, 0.0, 262, 32, 4, 138, 0.002, 0, 0.000, 95, 0.001, 0.003
1226, 156.5, 36, 2, 35, 6508.0, 6246, 0.0, 0.0, 262, 32, 4, 138, 0.002, 0, 0.000, 95, 0.001, 0.003
1227, 158.9, 36, 2, 35, 6508.0, 6246, 0.0, 0.0, 262, 32, 4, 138, 0.002, 0, 0.000, 95, 0.001, 0.003
1228, 157.9, 36, 2, 35, 6612.0, 6350, 0.0, 0.0, 262, 32, 4, 139, 0.002, 0, 0.000, 95, 0.001, 0.003
1230, 278.6, 36, 2, 35, 6618.0, 6344, 0.0, 0.0, 274, 32, 4, 141, 0.002, 0, 0.000, 95, 0.001, 0.003
1231, 153.9, 36, 2, 35, 6618.0, 6344, 0.0, 0.0, 274, 32, 4, 141, 0.002, 0, 0.000, 95, 0.001, 0.003
1232, 224.7, 36, 2, 35, 2178.0, 1900, 0.0, 0.0, 278, 32, 4, 141, 0.002, 0, 0.000, 100, 0.001, 0.003
1234, 178.7, 36, 2, 35, 2214.0, 1978, 0.0, 0.0, 236, 32, 4, 141, 0.002, 0, 0.000, 100, 0.001, 0.003
1235, 152.7, 36, 2, 35, 2214.0, 1978, 0.0, 0.0, 236, 32, 4, 141, 0.002, 0, 0.000, 100, 0.001, 0.003
1237, 153.5, 36, 2, 35, 2214.0, 1978, 0.0, 0.0, 236, 32, 4, 141, 0.002, 0, 0.000, 100, 0.001, 0.003
1238, 154.3, 36, 2, 35, 2214.0, 1978, 0.0, 0.0, 236, 32, 4, 141, 0.002, 0, 0.000, 100, 0.001, 0.003
1239, 152.9, 36, 2, 35, 2214.0, 1978, 0.0, 0.0, 236, 32, 4, 141, 0.002, 0, 0.000, 100, 0.001, 0.003
1241, 155.4, 36, 2, 35, 2214.0, 1978, 0.0, 0.0, 236, 32, 4, 141, 0.002, 0, 0.000, 100, 0.001, 0.003
1242, 151.4, 36, 2, 35, 6570.0, 6368, 0.0, 0.0, 202, 32, 4, 142, 0.002, 0, 0.000, 100, 0.001, 0.003
1244, 271.6, 36, 2, 35, 5884.0, 5674, 0.0, 0.0, 210, 32, 4, 144, 0.002, 0, 0.000, 100, 0.001, 0.003
1245, 158.6, 36, 2, 35, 5884.0, 5674, 0.0, 0.0, 210, 32, 4, 144, 0.002, 0, 0.000, 100, 0.001, 0.003
1246, 157.6, 36, 2, 35, 5884.0, 5674, 0.0, 0.0, 210, 32, 4, 144, 0.002, 0, 0.000, 100, 0.001, 0.003
1248, 154.9, 36, 2, 35, 5884.0, 5674, 0.0, 0.0, 210, 32, 4, 144, 0.002, 0, 0.000, 100, 0.001, 0.003
1249, 153.8, 36, 2, 35, 5884.0, 5674, 0.0, 0.0, 210, 32, 4, 144, 0.002, 0, 0.000, 100, 0.001, 0.003
1251, 156.1, 36, 2, 35, 5884.0, 5674, 0.0, 0.0, 210, 32, 4, 144, 0.002, 0, 0.000, 100, 0.001, 0.003
1252, 158.2, 36, 2, 35, 5884.0, 5674, 0.0, 0.0, 210, 32, 4, 144, 0.002, 0, 0.000, 100, 0.001, 0.003
1253, 153.6, 36, 2, 35, 5884.0, 5674, 0.0, 0.0, 210, 32, 4, 144, 0.002, 0, 0.000, 100, 0.001, 0.003
1255, 234.3, 36, 2, 35, 5344.0, 5088, 0.0, 0.0, 256, 32, 4, 147, 0.002, 0, 0.000, 100, 0.001, 0.003
1256, 157.6, 36, 2, 35, 5344.0, 5088, 0.0, 0.0, 256, 32, 4, 147, 0.002, 0, 0.000, 100, 0.001, 0.003
1257, 156.7, 36, 2, 35, 5344.0, 5088, 0.0, 0.0, 256, 32, 4, 147, 0.002, 0, 0.000, 100, 0.001, 0.003
1259, 151.2, 36, 2, 35, 5344.0, 5088, 0.0, 0.0, 256, 32, 4, 147, 0.002, 0, 0.000, 100, 0.001, 0.003
1260, 152.8, 36, 2, 35, 5344.0, 5088, 0.0, 0.0, 256, 32, 4, 147, 0.002, 0, 0.000, 100, 0.001, 0.003
1261, 153.5, 36, 2, 35, 5344.0, 5088, 0.0, 0.0, 256, 32, 4, 147, 0.002, 0, 0.000, 100, 0.001, 0.003
1263, 173.3, 36, 2, 35, 5344.0, 5088, 0.0, 0.0, 256, 32, 4, 147, 0.002, 0, 0.000, 100, 0.001, 0.003
1264, 171.8, 36, 2, 35, 5344.0, 5088, 0.0, 0.0, 256, 32, 4, 147, 0.002, 0, 0.000, 100, 0.001, 0.003
1266, 216.4, 36, 2, 35, 6260.0, 6002, 0.0, 0.0, 258, 32, 4, 150, 0.002, 0, 0.000, 100, 0.001, 0.003
1267, 183.4, 36, 2, 35, 6260.0, 6002, 0.0, 0.0, 258, 32, 4, 150, 0.002, 0, 0.000, 100, 0.001, 0.003
1269, 161.3, 36, 2, 35, 6260.0, 6002, 0.0, 0.0, 258, 32, 4, 150, 0.002, 0, 0.000, 100, 0.001, 0.003
1270, 159.9, 36, 2, 35, 6260.0, 6002, 0.0, 0.0, 258, 32, 4, 150, 0.002, 0, 0.000, 100, 0.001, 0.003
1271, 158.2, 36, 2, 35, 6260.0, 6002, 0.0, 0.0, 258, 32, 4, 150, 0.002, 0, 0.000, 100, 0.001, 0.003
1273, 155.5, 36, 2, 35, 6260.0, 6002, 0.0, 0.0, 258, 32, 4, 150, 0.002, 0, 0.000, 100, 0.001, 0.003
1274, 157.4, 36, 2, 35, 6260.0, 6002, 0.0, 0.0, 258, 32, 4, 150, 0.002, 0, 0.000, 100, 0.001, 0.003
1275, 155.1, 36, 2, 35, 6260.0, 6002, 0.0, 0.0, 258, 32, 4, 150, 0.002, 0, 0.000, 100, 0.001, 0.003
1277, 155.7, 36, 2, 35, 6444.0, 6168, 0.0, 0.0, 276, 32, 4, 151, 0.002, 0, 0.000, 100, 0.001, 0.003
1278, 271.4, 36, 2, 35, 6376.0, 6100, 0.0, 0.0, 276, 32, 4, 153, 0.002, 0, 0.000, 100, 0.001, 0.003
1280, 153.3, 36, 2, 35, 6376.0, 6100, 0.0, 0.0, 276, 32, 4, 153, 0.002, 0, 0.000, 100, 0.001, 0.003
1281, 151.7, 36, 2, 35, 6376.0, 6100, 0.0, 0.0, 276, 32, 4, 153, 0.002, 0, 0.000, 100, 0.001, 0.003
1282, 152.3, 36, 2, 35, 6376.0, 6100, 0.0, 0.0, 276, 32, 4, 153, 0.002, 0, 0.000, 100, 0.001, 0.003
1284, 153.7, 36, 2, 35, 6376.0, 6100, 0.0, 0.0, 276, 32, 4, 153, 0.002, 0, 0.000, 100, 0.001, 0.003
1285, 152.5, 36, 2, 35, 6376.0, 6100, 0.0, 0.0, 276, 32, 4, 153, 0.002, 0, 0.000, 100, 0.001, 0.003
1286, 151.6, 36, 2, 35, 6376.0, 6100, 0.0, 0.0, 276, 32, 4, 153, 0.002, 0, 0.000, 100, 0.001, 0.003
1288, 155.2, 36, 2, 35, 6376.0, 6100, 0.0, 0.0, 276, 32, 4, 153, 0.002, 0, 0.000, 100, 0.001, 0.003
1289, 156.4, 36, 2, 35, 6834.0, 6558, 0.0, 0.0, 276, 32, 4, 154, 0.002, 0, 0.000, 100, 0.001, 0.003
1291, 261.3, 36, 2, 35, 5636.0, 5360, 0.0, 0.0, 276, 32, 4, 156, 0.002, 0, 0.000, 100, 0.001, 0.003
1292, 152.9, 36, 2, 35, 5636.0, 5360, 0.0, 0.0, 276, 32, 4, 156, 0.002, 0, 0.000, 100, 0.001, 0.003
1293, 153.7, 36, 2, 35, 5636.0, 5360, 0.0, 0.0, 276, 32, 4, 156, 0.002, 0, 0.000, 100, 0.001, 0.003
1295, 156.3, 36, 2, 35, 5636.0, 5360, 0.0, 0.0, 276, 32, 4, 156, 0.002, 0, 0.000, 100, 0.001, 0.003
1296, 155.9, 36, 2, 35, 5636.0, 5360, 0.0, 0.0, 276, 32, 4, 156, 0.002, 0, 0.000, 100, 0.001, 0.003
1297, 152.3, 36, 2, 35, 5636.0, 5360, 0.0, 0.0, 276, 32, 4, 156, 0.002, 0, 0.000, 100, 0.001, 0.003
1299, 158.2, 36, 2, 35, 5636.0, 5360, 0.0, 0.0, 276, 32, 4, 156, 0.002, 0, 0.000, 100, 0.001, 0.003
1300, 154.1, 36, 2, 35, 6744.0, 6468, 0.0, 0.0, 276, 32, 4, 157, 0.002, 0, 0.000, 100, 0.001, 0.003
1302, 240.5, 36, 2, 35, 5916.0, 5640, 0.0, 0.0, 276, 32, 4, 159, 0.002, 0, 0.000, 100, 0.001, 0.003
1303, 157.9, 36, 2, 35, 5916.0, 5640, 0.0, 0.0, 276, 32, 4, 159, 0.002, 0, 0.000, 100, 0.001, 0.003
1304, 221.2, 36, 2, 35, 3434.0, 3154, 0.0, 0.0, 280, 32, 4, 159, 0.002, 0, 0.000, 103, 0.001, 0.003
1306, 200.7, 36, 2, 35, 2282.0, 2014, 0.0, 0.0, 268, 32, 4, 159, 0.002, 0, 0.000, 105, 0.001, 0.003
1307, 153.3, 36, 2, 35, 2282.0, 2014, 0.0, 0.0, 268, 32, 4, 159, 0.002, 0, 0.000, 105, 0.001, 0.003
1309, 152.7, 36, 2, 35, 2282.0, 2014, 0.0, 0.0, 268, 32, 4, 159, 0.002, 0, 0.000, 105, 0.001, 0.003
1310, 153.1, 36, 2, 35, 2282.0, 2014, 0.0, 0.0, 268, 32, 4, 159, 0.002, 0, 0.000, 105, 0.001, 0.003
1311, 155.2, 36, 2, 35, 2282.0, 2014, 0.0, 0.0, 268, 32, 4, 159, 0.002, 0, 0.000, 105, 0.001, 0.003
1313, 169.0, 36, 2, 35, 2282.0, 2014, 0.0, 0.0, 268, 32, 4, 159, 0.002, 0, 0.000, 105, 0.001, 0.003
1314, 171.8, 36, 2, 35, 2282.0, 2014, 0.0, 0.0, 268, 32, 4, 159, 0.002, 0, 0.000, 105, 0.001, 0.003
1315, 236.9, 36, 2, 35, 5808.0, 5598, 0.0, 0.0, 210, 32, 4, 162, 0.002, 0, 0.000, 105, 0.001, 0.003
1317, 189.7, 36, 2, 35, 5808.0, 5598, 0.0, 0.0, 210, 32, 4, 162, 0.002, 0, 0.000, 105, 0.001, 0.003
1318, 164.1, 36, 2, 35, 5808.0, 5598, 0.0, 0.0, 210, 32, 4, 162, 0.002, 0, 0.000, 105, 0.001, 0.003
1320, 161.6, 36, 2, 35, 5808.0, 5598, 0.0, 0.0, 210, 32, 4, 162, 0.002, 0, 0.000, 105, 0.001, 0.003
1321, 163.3, 36, 2, 35, 5808.0, 5598, 0.0, 0.0, 210, 32, 4, 162, 0.002, 0, 0.000, 105, 0.001, 0.003
1322, 159.4, 36, 2, 35, 5808.0, 5598, 0.0, 0.0, 210, 32, 4, 162, 0.002, 0, 0.000, 105, 0.001, 0.003
1324, 157.7, 36, 2, 35, 5808.0, 5598, 0.0, 0.0, 210, 32, 4, 162, 0.002, 0, 0.000, 105, 0.001, 0.003
1325, 184.8, 36, 2, 35, 6798.0, 6566, 0.0, 0.0, 232, 32, 4, 165, 0.002, 0, 0.000, 105, 0.001, 0.003
1327, 227.0, 36, 2, 35, 6798.0, 6566, 0.0, 0.0, 232, 32, 4, 165, 0.002, 0, 0.000, 105, 0.001, 0.003
1328, 159.0, 36, 2, 35, 6798.0, 6566, 0.0, 0.0, 232, 32, 4, 165, 0.002, 0, 0.000, 105, 0.001, 0.003
1330, 157.0, 36, 2, 35, 6798.0, 6566, 0.0, 0.0, 232, 32, 4, 165, 0.002, 0, 0.000, 105, 0.001, 0.003
1331, 153.0, 36, 2, 35, 6798.0, 6566, 0.0, 0.0, 232, 32, 4, 165, 0.002, 0, 0.000, 105, 0.001, 0.003
1332, 157.6, 36, 2, 35, 6798.0, 6566, 0.0, 0.0, 232, 32, 4, 165, 0.002, 0, 0.000, 105, 0.001, 0.003
1334, 154.4, 36, 2, 35, 6798.0, 6566, 0.0, 0.0, 232, 32, 4, 165, 0.002, 0, 0.000, 105, 0.001, 0.003
1335, 157.6, 36, 2, 35, 6626.0, 6394, 0.0, 0.0, 232, 32, 4, 166, 0.002, 0, 0.000, 105, 0.001, 0.003
1336, 306.0, 36, 2, 35, 6046.0, 5814, 0.0, 0.0, 232, 32, 4, 168, 0.002, 0, 0.000, 105, 0.001, 0.004
1338, 161.5, 36, 2, 35, 6046.0, 5814, 0.0, 0.0, 232, 32, 4, 168, 0.002, 0, 0.000, 105, 0.001, 0.004
1339, 158.4, 36, 2, 35, 6046.0, 5814, 0.0, 0.0, 232, 32, 4, 168, 0.002, 0, 0.000, 105, 0.001, 0.004
1340, 155.6, 36, 2, 35, 6046.0, 5814, 0.0, 0.0, 232, 32, 4, 168, 0.002, 0, 0.000, 105, 0.001, 0.004
1342, 161.8, 36, 2, 35, 6046.0, 5814, 0.0, 0.0, 232, 32, 4, 168, 0.002, 0, 0.000, 105, 0.001, 0.004
1343, 157.9, 36, 2, 35, 6046.0, 5814, 0.0, 0.0, 232, 32, 4, 168, 0.002, 0, 0.000, 105, 0.001, 0.004
1344, 157.2, 36, 2, 35, 6046.0, 5814, 0.0, 0.0, 232, 32, 4, 168, 0.002, 0, 0.000, 105, 0.001, 0.004
1346, 153.8, 36, 2, 35, 6046.0, 5814, 0.0, 0.0, 232, 32, 4, 168, 0.002, 0, 0.000, 105, 0.001, 0.004
1347, 302.4, 36, 2, 35, 5686.0, 5452, 0.0, 0.0, 234, 32, 4, 171, 0.002, 0, 0.000, 105, 0.001, 0.004
1348, 161.0, 36, 2, 35, 5686.0, 5452, 0.0, 0.0, 234, 32, 4, 171, 0.002, 0, 0.000, 105, 0.001, 0.004
1350, 152.9, 36, 2, 35, 5686.0, 5452, 0.0, 0.0, 234, 32, 4, 171, 0.002, 0, 0.000, 105, 0.001, 0.004
1351, 153.8, 36, 2, 35, 5686.0, 5452, 0.0, 0.0, 234, 32, 4, 171, 0.002, 0, 0.000, 105, 0.001, 0.004
1352, 154.9, 36, 2, 35, 5686.0, 5452, 0.0, 0.0, 234, 32, 4, 171, 0.002, 0, 0.000, 105, 0.001, 0.004
1354, 156.3, 36, 2, 35, 5686.0, 5452, 0.0, 0.0, 234, 32, 4, 171, 0.002, 0, 0.000, 105, 0.001, 0.004
1355, 155.6, 36, 2, 35, 5686.0, 5452, 0.0, 0.0, 234, 32, 4, 171, 0.002, 0, 0.000, 105, 0.001, 0.004
1357, 155.2, 36, 2, 35, 6778.0, 6542, 0.0, 0.0, 236, 32, 4, 172, 0.002, 0, 0.000, 105, 0.001, 0.004
1358, 238.8, 36, 2, 35, 5864.0, 5622, 0.0, 0.0, 242, 32, 4, 174, 0.002, 0, 0.000, 105, 0.001, 0.004
1359, 146.0, 36, 2, 35, 5864.0, 5622, 0.0, 0.0, 242, 32, 4, 174, 0.002, 0, 0.000, 105, 0.001, 0.004
1361, 217.7, 36, 2, 35, 5864.0, 5622, 0.0, 0.0, 242, 32, 4, 174, 0.002, 0, 0.000, 105, 0.001, 0.004
1362, 275.9, 36, 2, 35, 5888.0, 5644, 0.0, 0.0, 244, 32, 4, 175, 0.002, 0, 0.000, 105, 0.001, 0.004
1364, 353.1, 36, 2, 35, 3652.0, 3382, 0.0, 0.0, 270, 32, 4, 178, 0.002, 0, 0.000, 105, 0.001, 0.004
1366, 397.9, 36, 2, 35, 2970.0, 2656, 0.0, 0.0, 314, 32, 4, 182, 0.002, 0, 0.000, 108, 0.001, 0.004
1368, 393.4, 36, 2, 35, 3532.0, 3212, 0.0, 0.0, 320, 32, 4, 187, 0.002, 0, 0.000, 109, 0.001, 0.004
1370, 338.3, 36, 2, 35, 4462.0, 4142, 0.0, 0.0, 320, 32, 4, 188, 0.002, 0, 0.000, 109, 0.001, 0.004
1371, 386.0, 36, 2, 35, 4156.0, 3836, 0.0, 0.0, 320, 32, 4, 191, 0.002, 0, 0.000, 109, 0.001, 0.004
1373, 391.9, 36, 2, 35, 4924.0, 4602, 0.0, 0.0, 322, 32, 4, 193, 0.003, 0, 0.000, 109, 0.001, 0.004
1375, 399.1, 36, 2, 35, 4832.0, 4506, 0.0, 0.0, 326, 32, 4, 196, 0.003, 0, 0.000, 109, 0.001, 0.004
1377, 400.4, 36, 2, 35, 4820.0, 4494, 0.0, 0.0, 326, 32, 4, 199, 0.003, 0, 0.000, 109, 0.001, 0.004
1379, 393.2, 36, 2, 35, 4888.0, 4560, 0.0, 0.0, 328, 32, 4, 202, 0.003, 0, 0.000, 109, 0.001, 0.004
1380, 397.3, 36, 2, 35, 3202.0, 2868, 0.0, 0.0, 334, 32, 4, 206, 0.003, 0, 0.000, 109, 0.001, 0.004
1382, 376.5, 36, 2, 35, 3994.0, 3618, 0.0, 0.0, 376, 32, 4, 209, 0.003, 0, 0.000, 109, 0.001, 0.004
1384, 386.9, 36, 2, 35, 4886.0, 4510, 0.0, 0.0, 376, 32, 4, 211, 0.003, 0, 0.000, 109, 0.001, 0.004
1386, 397.2, 36, 2, 35, 5688.0, 5310, 0.0, 0.0, 378, 32, 4, 214, 0.003, 0, 0.000, 109, 0.001, 0.004
1388, 395.9, 36, 2, 35, 3666.0, 3284, 0.0, 0.0, 382, 32, 4, 218, 0.003, 0, 0.000, 109, 0.001, 0.004
1390, 397.0, 36, 2, 35, 3288.0, 2906, 0.0, 0.0, 382, 32, 4, 221, 0.003, 0, 0.000, 109, 0.001, 0.004
1392, 395.9, 36, 2, 35, 4350.0, 3944, 0.0, 0.0, 406, 32, 4, 223, 0.003, 0, 0.000, 112, 0.001, 0.004
1394, 396.3, 36, 2, 35, 2964.0, 2552, 0.0, 0.0, 412, 32, 4, 227, 0.003, 0, 0.000, 113, 0.001, 0.004
1395, 386.0, 36, 2, 35, 4454.0, 4172, 0.0, 0.0, 282, 32, 4, 230, 0.003, 0, 0.000, 113, 0.001, 0.004
1397, 382.1, 36, 2, 35, 4766.0, 4484, 0.0, 0.0, 282, 32, 4, 233, 0.003, 0, 0.000, 113, 0.001, 0.004
1399, 367.6, 36, 2, 35, 5082.0, 4792, 0.0, 0.0, 290, 32, 4, 236, 0.003, 0, 0.000, 113, 0.001, 0.005
1401, 360.5, 36, 2, 35, 2612.0, 2322, 0.0, 0.0, 290, 32, 4, 240, 0.003, 0, 0.000, 113, 0.001, 0.005
1403, 386.0, 36, 2, 35, 3562.0, 3262, 0.0, 0.0, 300, 32, 4, 243, 0.003, 0, 0.000, 113, 0.001, 0.005
1405, 375.9, 36, 2, 35, 3792.0, 3492, 0.0, 0.0, 300, 32, 4, 248, 0.003, 0, 0.000, 113, 0.001, 0.005
1406, 355.6, 36, 2, 35, 4174.0, 3872, 0.0, 0.0, 302, 32, 4, 251, 0.003, 0, 0.000, 113, 0.001, 0.005
1408, 385.4, 36, 2, 35, 2658.0, 2348, 0.0, 0.0, 310, 32, 4, 255, 0.003, 0, 0.000, 113, 0.001, 0.005
1410, 396.5, 36, 2, 35, 3004.0, 2694, 0.0, 0.0, 310, 32, 4, 258, 0.003, 0, 0.000, 113, 0.001, 0.005
1412, 395.7, 36, 2, 35, 2896.0, 2560, 0.0, 0.0, 336, 32, 4, 264, 0.003, 0, 0.000, 113, 0.001, 0.005
1414, 398.2, 36, 2, 35, 3360.0, 3024, 0.0, 0.0, 336, 32, 4, 267, 0.004, 0, 0.000, 113, 0.001, 0.005
1416, 396.5, 36, 2, 35, 4332.0, 3992, 0.0, 0.0, 340, 32, 4, 272, 0.004, 0, 0.000, 113, 0.001, 0.005
1418, 382.8, 36, 2, 35, 4460.0, 4108, 0.0, 0.0, 352, 32, 4, 275, 0.004, 0, 0.000, 113, 0.001, 0.005
1419, 393.4, 36, 2, 35, 3348.0, 2974, 0.0, 0.0, 374, 32, 4, 278, 0.004, 0, 0.000, 114, 0.001, 0.005
1421, 397.0, 36, 2, 35, 3384.0, 3010, 0.0, 0.0, 374, 32, 4, 280, 0.004, 0, 0.000, 116, 0.001, 0.005
1423, 391.0, 36, 2, 35, 4612.0, 4350, 0.0, 0.0, 262, 32, 4, 285, 0.004, 0, 0.000, 117, 0.001, 0.005
1425, 381.9, 36, 2, 35, 4706.0, 4416, 0.0, 0.0, 290, 32, 4, 288, 0.004, 0, 0.000, 117, 0.001, 0.005
1427, 374.9, 36, 2, 35, 3744.0, 3454, 0.0, 0.0, 290, 32, 4, 289, 0.004, 0, 0.000, 117, 0.001, 0.005
1429, 397.4, 36, 2, 35, 4142.0, 3824, 0.0, 0.0, 318, 32, 4, 294, 0.004, 0, 0.000, 117, 0.001, 0.005
1430, 398.9, 36, 2, 35, 3502.0, 3184, 0.0, 0.0, 318, 32, 4, 298, 0.004, 0, 0.000, 117, 0.001, 0.005
1432, 384.1, 36, 2, 35, 3476.0, 3150, 0.0, 0.0, 326, 32, 4, 301, 0.004, 0, 0.000, 117, 0.001, 0.005
1434, 371.9, 36, 2, 35, 4104.0, 3778, 0.0, 0.0, 326, 32, 4, 304, 0.004, 0, 0.000, 117, 0.001, 0.005
1436, 385.1, 36, 2, 35, 4256.0, 3928, 0.0, 0.0, 328, 32, 4, 307, 0.004, 0, 0.000, 117, 0.001, 0.006
1438, 390.7, 36, 2, 35, 5082.0, 4754, 0.0, 0.0, 328, 32, 4, 309, 0.004, 0, 0.000, 117, 0.001, 0.006
1439, 391.0, 36, 2, 35, 5024.0, 4694, 0.0, 0.0, 330, 32, 4, 312, 0.004, 0, 0.000, 117, 0.001, 0.006
1441, 386.4, 36, 2, 35, 3756.0, 3422, 0.0, 0.0, 334, 32, 4, 316, 0.004, 0, 0.000, 117, 0.001, 0.006
1443, 399.1, 36, 2, 35, 3336.0, 2994, 0.0, 0.0, 342, 32, 4, 319, 0.004, 0, 0.000, 117, 0.001, 0.006
1445, 395.7, 36, 2, 35, 3394.0, 3052, 0.0, 0.0, 342, 32, 4, 322, 0.004, 0, 0.000, 117, 0.001, 0.006
1447, 391.5, 36, 2, 35, 4396.0, 4034, 0.0, 0.0, 362, 32, 4, 327, 0.004, 0, 0.000, 117, 0.001, 0.006
1449, 390.4, 36, 2, 35, 4220.0, 3850, 0.0, 0.0, 370, 32, 4, 330, 0.004, 0, 0.000, 117, 0.001, 0.006
1451, 382.7, 36, 2, 35, 3426.0, 3048, 0.0, 0.0, 378, 32, 4, 334, 0.004, 0, 0.000, 117, 0.001, 0.006
1453, 400.1, 36, 2, 35, 4070.0, 3682, 0.0, 0.0, 388, 32, 4, 339, 0.004, 0, 0.000, 117, 0.001, 0.006
1454, 387.0, 36, 2, 35, 3168.0, 2768, 0.0, 0.0, 400, 32, 4, 342, 0.005, 0, 0.000, 118, 0.001, 0.006
1456, 394.4, 36, 2, 35, 2980.0, 2580, 0.0, 0.0, 400, 32, 4, 344, 0.005, 0, 0.000, 120, 0.002, 0.006
1458, 394.4, 36, 2, 35, 2892.0, 2502, 0.0, 0.0, 390, 32, 4, 350, 0.005, 0, 0.000, 121, 0.002, 0.006
1460, 380.9, 36, 2, 35, 3742.0, 3458, 0.0, 0.0, 284, 32, 4, 353, 0.005, 0, 0.000, 121, 0.002, 0.006
1462, 396.4, 36, 2, 35, 4212.0, 3922, 0.0, 0.0, 290, 32, 4, 358, 0.005, 0, 0.000, 121, 0.002, 0.006
1464, 392.0, 36, 2, 35, 4022.0, 3732, 0.0, 0.0, 290, 32, 4, 362, 0.005, 0, 0.000, 121, 0.002, 0.006
1466, 397.3, 36, 2, 35, 2942.0, 2646, 0.0, 0.0, 296, 32, 4, 365, 0.005, 0, 0.000, 121, 0.002, 0.006
1467, 399.3, 36, 2, 35, 4474.0, 4178, 0.0, 0.0, 296, 32, 4, 370, 0.005, 0, 0.000, 121, 0.002, 0.006
1469, 397.1, 36, 2, 35, 3474.0, 3170, 0.0, 0.0, 304, 32, 4, 374, 0.005, 0, 0.000, 121, 0.002, 0.006
1471, 399.2, 36, 2, 35, 2938.0, 2634, 0.0, 0.0, 304, 32, 4, 377, 0.005, 0, 0.000, 121, 0.002, 0.006
1473, 397.9, 36, 2, 35, 3592.0, 3268, 0.0, 0.0, 324, 32, 4, 380, 0.005, 0, 0.000, 121, 0.002, 0.007
1475, 397.4, 36, 2, 35, 4592.0, 4260, 0.0, 0.0, 332, 32, 4, 385, 0.005, 0, 0.000, 121, 0.002, 0.007
1477, 397.6, 36, 2, 35, 3258.0, 2914, 0.0, 0.0, 344, 32, 4, 389, 0.005, 0, 0.000, 121, 0.002, 0.007
1479, 394.7, 36, 2, 35, 3626.0, 3260, 0.0, 0.0, 366, 32, 4, 392, 0.005, 0, 0.000, 121, 0.002, 0.007
1480, 384.2, 36, 2, 35, 3620.0, 3254, 0.0, 0.0, 366, 32, 4, 395, 0.005, 0, 0.000, 121, 0.002, 0.007
1482, 380.5, 36, 2, 35, 3996.0, 3626, 0.0, 0.0, 370, 32, 4, 398, 0.005, 0, 0.000, 121, 0.002, 0.007
1484, 398.7, 36, 2, 35, 4158.0, 3778, 0.0, 0.0, 380, 32, 4, 403, 0.005, 0, 0.000, 121, 0.002, 0.007
1486, 386.7, 36, 2, 35, 4506.0, 4126, 0.0, 0.0, 380, 32, 4, 406, 0.005, 0, 0.000, 121, 0.002, 0.007
1487, 388.8, 36, 2, 35, 5008.0, 4618, 0.0, 0.0, 390, 32, 4, 409, 0.005, 0, 0.000, 121, 0.002, 0.007
1489, 398.9, 36, 2, 35, 3758.0, 3364, 0.0, 0.0, 394, 32, 4, 413, 0.005, 0, 0.000, 121, 0.002, 0.007
1491, 400.2, 36, 2, 35, 3608.0, 3208, 0.0, 0.0, 400, 32, 4, 416, 0.005, 0, 0.000, 121, 0.002, 0.007
1493, 387.2, 36, 2, 35, 3852.0, 3452, 0.0, 0.0, 400, 32, 4, 419, 0.005, 0, 0.000, 121, 0.002, 0.007
1495, 395.0, 36, 2, 35, 3908.0, 3492, 0.0, 0.0, 416, 32, 4, 422, 0.006, 0, 0.000, 121, 0.002, 0.007
1497, 396.2, 36, 2, 35, 4180.0, 3764, 0.0, 0.0, 416, 32, 4, 427, 0.006, 0, 0.000, 121, 0.002, 0.007
1499, 395.8, 36, 2, 35, 4604.0, 4186, 0.0, 0.0, 418, 32, 4, 430, 0.006, 0, 0.000, 121, 0.002, 0.007
1500, 394.9, 36, 2, 35, 4966.0, 4542, 0.0, 0.0, 424, 32, 4, 433, 0.006, 0, 0.000, 121, 0.002, 0.007
1502, 390.0, 36, 2, 35, 5060.0, 4626, 0.0, 0.0, 434, 32, 4, 436, 0.006, 0, 0.000, 121, 0.002, 0.007
1504, 386.2, 36, 2, 35, 4742.0, 4308, 0.0, 0.0, 434, 32, 4, 439, 0.006, 0, 0.000, 121, 0.002, 0.007
1506, 393.4, 36, 2, 35, 5218.0, 4782, 0.0, 0.0, 436, 32, 4, 442, 0.006, 0, 0.000, 121, 0.002, 0.007
1508, 399.5, 36, 2, 35, 3310.0, 2862, 0.0, 0.0, 448, 32, 4, 443, 0.006, 0, 0.000, 125, 0.002, 0.007
1510, 395.5, 36, 2, 35, 3402.0, 3138, 0.0, 0.0, 264, 32, 4, 447, 0.006, 0, 0.000, 126, 0.002, 0.007
1512, 382.0, 36, 2, 35, 3890.0, 3626, 0.0, 0.0, 264, 32, 4, 450, 0.006, 0, 0.000, 126, 0.002, 0.007
1514, 381.8, 36, 2, 35, 4316.0, 4036, 0.0, 0.0, 280, 32, 4, 453, 0.006, 0, 0.000, 126, 0.002, 0.008
1515, 390.7, 36, 2, 35, 3670.0, 3390, 0.0, 0.0, 280, 32, 4, 456, 0.006, 0, 0.000, 126, 0.002, 0.008
1517, 397.7, 36, 2, 35, 3674.0, 3394, 0.0, 0.0, 280, 32, 4, 459, 0.006, 0, 0.000, 126, 0.002, 0.008
1519, 392.3, 36, 2, 35, 4520.0, 4240, 0.0, 0.0, 280, 32, 4, 461, 0.006, 0, 0.000, 126, 0.002, 0.008
1521, 397.6, 36, 2, 35, 3732.0, 3446, 0.0, 0.0, 286, 32, 4, 465, 0.006, 0, 0.000, 126, 0.002, 0.008
1523, 383.1, 36, 2, 35, 3718.0, 3428, 0.0, 0.0, 290, 32, 4, 468, 0.006, 0, 0.000, 126, 0.002, 0.008
1525, 389.5, 36, 2, 35, 3764.0, 3468, 0.0, 0.0, 296, 32, 4, 471, 0.006, 0, 0.000, 126, 0.002, 0.008
1526, 397.4, 36, 2, 35, 2930.0, 2634, 0.0, 0.0, 296, 32, 4, 474, 0.006, 0, 0.000, 126, 0.002, 0.008
1528, 397.5, 36, 2, 35, 4424.0, 4120, 0.0, 0.0, 304, 32, 4, 479, 0.006, 0, 0.000, 126, 0.002, 0.008
1530, 397.8, 36, 2, 35, 3764.0, 3442, 0.0, 0.0, 322, 32, 4, 483, 0.006, 0, 0.000, 126, 0.002, 0.008
1532, 396.3, 36, 2, 35, 3676.0, 3354, 0.0, 0.0, 322, 32, 4, 486, 0.006, 0, 0.000, 126, 0.002, 0.008
1534, 394.3, 36, 2, 35, 3542.0, 3206, 0.0, 0.0, 336, 32, 4, 489, 0.006, 0, 0.000, 126, 0.002, 0.008
1536, 394.3, 36, 2, 35, 3902.0, 3566, 0.0, 0.0, 336, 32, 4, 492, 0.006, 0, 0.000, 126, 0.002, 0.008
1538, 396.4, 36, 2, 35, 4134.0, 3784, 0.0, 0.0, 350, 32, 4, 495, 0.006, 0, 0.000, 126, 0.002, 0.008
1540, 397.6, 36, 2, 35, 4024.0, 3674, 0.0, 0.0, 350, 32, 4, 498, 0.007, 0, 0.000, 126, 0.002, 0.008
1542, 391.8, 36, 2, 35, 3668.0, 3310, 0.0, 0.0, 358, 32, 4, 501, 0.007, 0, 0.000, 126, 0.002, 0.008
1544, 390.5, 36, 2, 35, 4436.0, 4078, 0.0, 0.0, 358, 32, 4, 503, 0.007, 0, 0.000, 126, 0.002, 0.008
1545, 398.2, 36, 2, 35, 5146.0, 4786, 0.0, 0.0, 360, 32, 4, 506, 0.007, 0, 0.000, 126, 0.002, 0.008
1547, 398.0, 36, 2, 35, 5086.0, 4720, 0.0, 0.0, 366, 32, 4, 509, 0.007, 0, 0.000, 126, 0.002, 0.008
1549, 398.7, 36, 2, 35, 3494.0, 3126, 0.0, 0.0, 368, 32, 4, 513, 0.007, 0, 0.000, 126, 0.002, 0.008
1551, 398.7, 36, 2, 35, 3490.0, 3116, 0.0, 0.0, 374, 32, 4, 516, 0.007, 0, 0.000, 126, 0.002, 0.008
1553, 394.0, 36, 2, 35, 3920.0, 3546, 0.0, 0.0, 374, 32, 4, 519, 0.007, 0, 0.000, 126, 0.002, 0.008
1555, 399.4, 36, 2, 35, 3404.0, 3020, 0.0, 0.0, 384, 32, 4, 521, 0.007, 0, 0.000, 127, 0.002, 0.008
1556, 400.5, 36, 2, 35, 4434.0, 4096, 0.0, 0.0, 338, 32, 4, 525, 0.007, 0, 0.000, 129, 0.002, 0.009
1558, 399.2, 36, 2, 35, 3146.0, 2882, 0.0, 0.0, 264, 32, 4, 529, 0.007, 0, 0.000, 130, 0.002, 0.009
1560, 394.6, 36, 2, 35, 3792.0, 3524, 0.0, 0.0, 268, 32, 4, 534, 0.007, 0, 0.000, 130, 0.002, 0.009
1562, 384.1, 36, 2, 35, 5110.0, 4830, 0.0, 0.0, 280, 32, 4, 537, 0.007, 0, 0.000, 130, 0.002, 0.009
1564, 396.9, 36, 2, 35, 3522.0, 3232, 0.0, 0.0, 290, 32, 4, 543, 0.007, 0, 0.000, 130, 0.002, 0.009
1566, 378.3, 36, 2, 35, 4706.0, 4414, 0.0, 0.0, 292, 32, 4, 546, 0.007, 0, 0.000, 130, 0.002, 0.009
1568, 387.5, 36, 2, 35, 4792.0, 4496, 0.0, 0.0, 296, 32, 4, 549, 0.007, 0, 0.000, 130, 0.002, 0.009
1570, 371.2, 36, 2, 35, 4564.0, 4260, 0.0, 0.0, 304, 32, 4, 552, 0.007, 0, 0.000, 130, 0.002, 0.009
1572, 374.4, 36, 2, 35, 4664.0, 4360, 0.0, 0.0, 304, 32, 4, 555, 0.007, 0, 0.000, 130, 0.002, 0.009
1574, 374.6, 36, 2, 35, 4060.0, 3756, 0.0, 0.0, 304, 32, 4, 556, 0.007, 0, 0.000, 130, 0.002, 0.009
1575, 389.0, 36, 2, 35, 4158.0, 3844, 0.0, 0.0, 314, 32, 4, 559, 0.007, 0, 0.000, 130, 0.002, 0.009
1577, 398.0, 36, 2, 35, 4112.0, 3798, 0.0, 0.0, 314, 32, 4, 562, 0.007, 0, 0.000, 130, 0.002, 0.009
1579, 399.0, 36, 2, 35, 5180.0, 4864, 0.0, 0.0, 316, 32, 4, 564, 0.007, 0, 0.000, 130, 0.002, 0.009
1581, 398.6, 36, 2, 35, 3284.0, 2962, 0.0, 0.0, 322, 32, 4, 568, 0.007, 0, 0.000, 130, 0.002, 0.009
1583, 398.0, 36, 2, 35, 2944.0, 2622, 0.0, 0.0, 322, 32, 4, 571, 0.008, 0, 0.000, 130, 0.002, 0.009
1585, 397.9, 36, 2, 35, 3546.0, 3140, 0.0, 0.0, 406, 32, 4, 573, 0.008, 0, 0.000, 131, 0.002, 0.009
1587, 395.3, 36, 2, 35, 4656.0, 4256, 0.0, 0.0, 400, 32, 4, 577, 0.008, 0, 0.000, 133, 0.002, 0.009
1589, 399.1, 36, 2, 35, 2742.0, 2330, 0.0, 0.0, 412, 32, 4, 581, 0.008, 0, 0.000, 133, 0.002, 0.009
1591, 380.4, 36, 2, 35, 3058.0, 2784, 0.0, 0.0, 274, 32, 4, 587, 0.008, 0, 0.000, 134, 0.002, 0.009
1593, 394.4, 36, 2, 35, 3518.0, 3240, 0.0, 0.0, 278, 32, 4, 590, 0.008, 0, 0.000, 134, 0.002, 0.009
1594, 396.1, 36, 2, 35, 4376.0, 4094, 0.0, 0.0, 282, 32, 4, 595, 0.008, 0, 0.000, 134, 0.002, 0.010
1596, 390.1, 36, 2, 35, 4944.0, 4660, 0.0, 0.0, 284, 32, 4, 598, 0.008, 0, 0.000, 134, 0.002, 0.010
1598, 398.4, 36, 2, 35, 2934.0, 2644, 0.0, 0.0, 290, 32, 4, 602, 0.008, 0, 0.000, 134, 0.002, 0.010
1600, 398.5, 36, 2, 35, 4162.0, 3858, 0.0, 0.0, 304, 32, 4, 607, 0.008, 0, 0.000, 134, 0.002, 0.010
1602, 391.8, 36, 2, 35, 3238.0, 2924, 0.0, 0.0, 314, 32, 4, 611, 0.008, 0, 0.000, 134, 0.002, 0.010
1604, 401.1, 36, 2, 35, 3702.0, 3388, 0.0, 0.0, 314, 32, 4, 614, 0.008, 0, 0.000, 134, 0.002, 0.010
1606, 399.0, 36, 2, 35, 4616.0, 4302, 0.0, 0.0, 314, 32, 4, 616, 0.008, 0, 0.000, 134, 0.002, 0.010
1607, 395.4, 36, 2, 35, 5132.0, 4816, 0.0, 0.0, 316, 32, 4, 619, 0.008, 0, 0.000, 134, 0.002, 0.010
1609, 398.2, 36, 2, 35, 4612.0, 4292, 0.0, 0.0, 320, 32, 4, 622, 0.008, 0, 0.000, 134, 0.002, 0.010
1611, 395.8, 36, 2, 35, 3658.0, 3332, 0.0, 0.0, 326, 32, 4, 626, 0.008, 0, 0.000, 134, 0.002, 0.010
1613, 397.9, 36, 2, 35, 3518.0, 3188, 0.0, 0.0, 330, 32, 4, 629, 0.008, 0, 0.000, 134, 0.002, 0.010
1615, 396.0, 36, 2, 35, 3558.0, 3216, 0.0, 0.0, 342, 32, 4, 632, 0.008, 0, 0.000, 134, 0.002, 0.010
1617, 398.8, 36, 2, 35, 3230.0, 2888, 0.0, 0.0, 342, 32, 4, 635, 0.008, 0, 0.000, 134, 0.002, 0.010
1619, 399.1, 36, 2, 35, 2968.0, 2612, 0.0, 0.0, 356, 32, 4, 641, 0.008, 0, 0.000, 134, 0.002, 0.010
1621, 401.1, 36, 2, 35, 3496.0, 3116, 0.0, 0.0, 380, 32, 4, 644, 0.008, 0, 0.000, 134, 0.002, 0.010
1623, 397.8, 36, 2, 35, 4064.0, 3682, 0.0, 0.0, 382, 32, 4, 649, 0.009, 0, 0.000, 134, 0.002, 0.010
1624, 398.0, 36, 2, 35, 2914.0, 2518, 0.0, 0.0, 396, 32, 4, 653, 0.009, 0, 0.000, 134, 0.002, 0.010
1626, 387.2, 36, 2, 35, 3758.0, 3358, 0.0, 0.0, 400, 32, 4, 656, 0.009, 0, 0.000, 134, 0.002, 0.010
1628, 398.3, 36, 2, 35, 4252.0, 3840, 0.0, 0.0, 412, 32, 4, 661, 0.009, 0, 0.000, 134, 0.002, 0.010
1630, 390.2, 36, 2, 35, 4702.0, 4288, 0.0, 0.0, 414, 32, 4, 664, 0.009, 0, 0.000, 134, 0.002, 0.010
1632, 400.6, 36, 2, 35, 3418.0, 2990, 0.0, 0.0, 428, 32, 4, 666, 0.009, 0, 0.000, 137, 0.002, 0.011
1634, 399.7, 36, 2, 35, 3104.0, 2848, 0.0, 0.0, 256, 32, 4, 669, 0.009, 0, 0.000, 138, 0.002, 0.011
1636, 393.5, 36, 2, 35, 3672.0, 3404, 0.0, 0.0, 268, 32, 4, 672, 0.009, 0, 0.000, 138, 0.002, 0.011
1638, 394.3, 36, 2, 35, 3738.0, 3460, 0.0, 0.0, 278, 32, 4, 675, 0.009, 0, 0.000, 138, 0.002, 0.011
1639, 395.7, 36, 2, 35, 2748.0, 2466, 0.0, 0.0, 282, 32, 4, 681, 0.009, 0, 0.000, 138, 0.002, 0.011
1641, 394.6, 36, 2, 35, 3680.0, 3394, 0.0, 0.0, 286, 32, 4, 684, 0.009, 0, 0.000, 138, 0.002, 0.011
1643, 397.5, 36, 2, 35, 3040.0, 2736, 0.0, 0.0, 304, 32, 4, 687, 0.009, 0, 0.000, 138, 0.002, 0.011
1645, 398.1, 36, 2, 35, 4280.0, 3962, 0.0, 0.0, 318, 32, 4, 692, 0.009, 0, 0.000, 138, 0.002, 0.011
1647, 395.0, 36, 2, 35, 3364.0, 3030, 0.0, 0.0, 334, 32, 4, 696, 0.009, 0, 0.000, 138, 0.002, 0.011
1648, 395.4, 36, 2, 35, 3552.0, 3218, 0.0, 0.0, 334, 32, 4, 699, 0.009, 0, 0.000, 138, 0.002, 0.011
1650, 394.1, 36, 2, 35, 4174.0, 3820, 0.0, 0.0, 354, 32, 4, 704, 0.009, 0, 0.000, 138, 0.002, 0.011
1652, 395.4, 36, 2, 35, 4660.0, 4306, 0.0, 0.0, 354, 32, 4, 707, 0.009, 0, 0.000, 138, 0.002, 0.011
1654, 400.6, 36, 2, 35, 4536.0, 4176, 0.0, 0.0, 360, 32, 4, 710, 0.009, 0, 0.000, 138, 0.002, 0.011
1656, 397.4, 36, 2, 35, 5024.0, 4656, 0.0, 0.0, 368, 32, 4, 713, 0.009, 0, 0.000, 138, 0.002, 0.011
1658, 400.4, 36, 2, 35, 3042.0, 2662, 0.0, 0.0, 380, 32, 4, 717, 0.009, 0, 0.000, 138, 0.002, 0.011
1660, 391.9, 36, 2, 35, 3690.0, 3310, 0.0, 0.0, 380, 32, 4, 720, 0.009, 0, 0.000, 138, 0.002, 0.011
1662, 397.2, 36, 2, 35, 3904.0, 3524, 0.0, 0.0, 380, 32, 4, 723, 0.009, 0, 0.000, 138, 0.002, 0.011
1663, 393.5, 36, 2, 35, 4500.0, 4116, 0.0, 0.0, 384, 32, 4, 728, 0.010, 0, 0.000, 138, 0.002, 0.011
1665, 384.5, 36, 2, 35, 4492.0, 4100, 0.0, 0.0, 392, 32, 4, 731, 0.010, 0, 0.000, 138, 0.002, 0.011
1667, 397.0, 36, 2, 35, 3612.0, 3220, 0.0, 0.0, 392, 32, 4, 735, 0.010, 0, 0.000, 138, 0.002, 0.011
1669, 397.6, 36, 2, 35, 3276.0, 2874, 0.0, 0.0, 402, 32, 4, 738, 0.010, 0, 0.000, 138, 0.002, 0.011
1670, 395.2, 36, 2, 35, 4226.0, 3824, 0.0, 0.0, 402, 32, 4, 743, 0.010, 0, 0.000, 138, 0.002, 0.012
1672, 395.8, 36, 2, 35, 3664.0, 3240, 0.0, 0.0, 424, 32, 4, 746, 0.010, 0, 0.000, 139, 0.002, 0.012
1674, 397.1, 36, 2, 35, 3286.0, 2862, 0.0, 0.0, 424, 32, 4, 748, 0.010, 0, 0.000, 141, 0.002, 0.012
1676, 399.5, 36, 2, 35, 4986.0, 4736, 0.0, 0.0, 250, 32, 4, 753, 0.010, 0, 0.000, 142, 0.002, 0.012
1678, 394.6, 36, 2, 35, 2928.0, 2654, 0.0, 0.0, 274, 32, 4, 757, 0.010, 0, 0.000, 142, 0.002, 0.012
1680, 394.4, 36, 2, 35, 4160.0, 3882, 0.0, 0.0, 278, 32, 4, 762, 0.010, 0, 0.000, 142, 0.002, 0.012
1682, 398.8, 36, 2, 35, 3226.0, 2924, 0.0, 0.0, 302, 32, 4, 766, 0.010, 0, 0.000, 142, 0.002, 0.012
1684, 396.9, 36, 2, 35, 3790.0, 3470, 0.0, 0.0, 320, 32, 4, 769, 0.010, 0, 0.000, 142, 0.002, 0.012
1686, 394.1, 36, 2, 35, 4752.0, 4432, 0.0, 0.0, 320, 32, 4, 771, 0.010, 0, 0.000, 142, 0.002, 0.012
1688, 392.7, 36, 2, 35, 5024.0, 4704, 0.0, 0.0, 320, 32, 4, 774, 0.010, 0, 0.000, 142, 0.002, 0.012
1689, 393.0, 36, 2, 35, 4894.0, 4564, 0.0, 0.0, 330, 32, 4, 777, 0.010, 0, 0.000, 142, 0.002, 0.012
1691, 397.0, 36, 2, 35, 2958.0, 2624, 0.0, 0.0, 334, 32, 4, 781, 0.010, 0, 0.000, 142, 0.002, 0.012
1693, 401.0, 36, 2, 35, 3118.0, 2784, 0.0, 0.0, 334, 32, 4, 784, 0.010, 0, 0.000, 142, 0.002, 0.012
1695, 398.7, 36, 2, 35, 3136.0, 2758, 0.0, 0.0, 378, 32, 4, 790, 0.010, 0, 0.000, 142, 0.002, 0.012
1697, 395.9, 36, 2, 35, 3500.0, 3122, 0.0, 0.0, 378, 32, 4, 793, 0.010, 0, 0.000, 142, 0.002, 0.012
1699, 398.7, 36, 2, 35, 4026.0, 3644, 0.0, 0.0, 382, 32, 4, 798, 0.010, 0, 0.000, 142, 0.002, 0.012
1701, 403.2, 36, 2, 35, 3176.0, 2778, 0.0, 0.0, 398, 32, 4, 802, 0.011, 0, 0.000, 142, 0.002, 0.012
1702, 399.2, 36, 2, 35, 3440.0, 3020, 0.0, 0.0, 420, 32, 4, 805, 0.011, 0, 0.000, 142, 0.002, 0.012
1704, 391.8, 36, 2, 35, 2632.0, 2196, 0.0, 0.0, 436, 32, 4, 811, 0.011, 0, 0.000, 142, 0.002, 0.012
1706, 397.3, 36, 2, 35, 3104.0, 2658, 0.0, 0.0, 446, 32, 4, 813, 0.011, 0, 0.000, 143, 0.002, 0.013
1708, 391.0, 36, 2, 35, 2686.0, 2226, 0.0, 0.0, 460, 32, 4, 818, 0.011, 0, 0.000, 146, 0.002, 0.013
1710, 392.2, 36, 2, 35, 3330.0, 3064, 0.0, 0.0, 266, 32, 4, 821, 0.011, 0, 0.000, 146, 0.002, 0.013
1712, 396.6, 36, 2, 35, 3916.0, 3646, 0.0, 0.0, 270, 32, 4, 826, 0.011, 0, 0.000, 146, 0.002, 0.013
1714, 389.5, 36, 2, 35, 4290.0, 4016, 0.0, 0.0, 274, 32, 4, 829, 0.011, 0, 0.000, 146, 0.002, 0.013
1715, 396.8, 36, 2, 35, 4788.0, 4502, 0.0, 0.0, 286, 32, 4, 832, 0.011, 0, 0.000, 146, 0.002, 0.013
1717, 392.9, 36, 2, 35, 4562.0, 4276, 0.0, 0.0, 286, 32, 4, 835, 0.011, 0, 0.000, 146, 0.002, 0.013
1719, 395.2, 36, 2, 35, 4550.0, 4260, 0.0, 0.0, 290, 32, 4, 838, 0.011, 0, 0.000, 146, 0.002, 0.013
1721, 398.1, 36, 2, 35, 4854.0, 4558, 0.0, 0.0, 296, 32, 4, 841, 0.011, 0, 0.000, 146, 0.002, 0.013
1723, 400.2, 36, 2, 35, 3428.0, 3126, 0.0, 0.0, 302, 32, 4, 845, 0.011, 0, 0.000, 146, 0.002, 0.013
1725, 398.6, 36, 2, 35, 2894.0, 2592, 0.0, 0.0, 302, 32, 4, 848, 0.011, 0, 0.000, 146, 0.002, 0.013
1726, 394.8, 36, 2, 35, 2842.0, 2534, 0.0, 0.0, 308, 32, 4, 854, 0.011, 0, 0.000, 146, 0.002, 0.013
1728, 398.7, 36, 2, 35, 3084.0, 2764, 0.0, 0.0, 320, 32, 4, 857, 0.011, 0, 0.000, 146, 0.002, 0.013
1730, 396.8, 36, 2, 35, 3362.0, 3030, 0.0, 0.0, 332, 32, 4, 863, 0.011, 0, 0.000, 146, 0.002, 0.013
1732, 393.4, 36, 2, 35, 3682.0, 3342, 0.0, 0.0, 340, 32, 4, 866, 0.011, 0, 0.000, 146, 0.002, 0.013
1734, 398.9, 36, 2, 35, 3714.0, 3374, 0.0, 0.0, 340, 32, 4, 869, 0.011, 0, 0.000, 146, 0.002, 0.013
1736, 397.7, 36, 3, 35, 3212.0, 2862, 0.0, 0.0, 350, 32, 4, 872, 0.011, 0, 0.000, 146, 0.002, 0.013
1738, 392.2, 36, 2, 35, 3566.0, 3192, 0.0, 0.0, 374, 32, 4, 878, 0.012, 0, 0.000, 146, 0.002, 0.013
1740, 396.9, 36, 2, 35, 3524.0, 3150, 0.0, 0.0, 374, 32, 4, 881, 0.012, 0, 0.000, 146, 0.002, 0.013
1741, 394.2, 36, 2, 35, 3370.0, 2996, 0.0, 0.0, 374, 32, 4, 884, 0.012, 0, 0.000, 146, 0.002, 0.014
1743, 397.5, 36, 2, 35, 4406.0, 3982, 0.0, 0.0, 424, 32, 4, 886, 0.012, 0, 0.000, 149, 0.002, 0.014
1745, 406.0, 36, 2, 35, 3244.0, 2970, 0.0, 0.0, 274, 32, 4, 891, 0.012, 0, 0.000, 150, 0.002, 0.014
1747, 398.5, 36, 2, 35, 3174.0, 2900, 0.0, 0.0, 274, 32, 4, 894, 0.012, 0, 0.000, 150, 0.002, 0.014
1749, 364.0, 36, 2, 35, 3786.0, 3508, 0.0, 0.0, 278, 32, 4, 897, 0.012, 0, 0.000, 150, 0.002, 0.014
1751, 401.0, 36, 2, 35, 2778.0, 2490, 0.0, 0.0, 288, 32, 4, 903, 0.012, 0, 0.000, 150, 0.002, 0.014
1753, 400.0, 36, 2, 35, 3782.0, 3494, 0.0, 0.0, 288, 32, 4, 906, 0.012, 0, 0.000, 150, 0.002, 0.014
1755, 395.7, 36, 2, 35, 4142.0, 3852, 0.0, 0.0, 290, 32, 4, 909, 0.012, 0, 0.000, 150, 0.002, 0.014
1756, 399.2, 36, 2, 35, 5182.0, 4892, 0.0, 0.0, 290, 32, 4, 911, 0.012, 0, 0.000, 150, 0.002, 0.014
1758, 399.7, 36, 2, 35, 5090.0, 4792, 0.0, 0.0, 298, 32, 4, 914, 0.012, 0, 0.000, 150, 0.002, 0.014
1760, 400.7, 36, 2, 35, 3162.0, 2858, 0.0, 0.0, 304, 32, 4, 918, 0.012, 0, 0.000, 150, 0.002, 0.014
1762, 399.2, 36, 2, 35, 4246.0, 3936, 0.0, 0.0, 310, 32, 4, 923, 0.012, 0, 0.000, 150, 0.002, 0.014
1764, 396.9, 36, 2, 35, 4494.0, 4176, 0.0, 0.0, 318, 32, 4, 926, 0.012, 0, 0.000, 150, 0.002, 0.014
1766, 389.6, 36, 2, 35, 3654.0, 3330, 0.0, 0.0, 324, 32, 4, 930, 0.012, 0, 0.000, 150, 0.002, 0.014
1767, 394.8, 36, 2, 35, 3822.0, 3486, 0.0, 0.0, 336, 32, 4, 933, 0.012, 0, 0.000, 150, 0.002, 0.014
1769, 400.4, 36, 2, 35, 3076.0, 2740, 0.0, 0.0, 336, 32, 4, 936, 0.012, 0, 0.000, 150, 0.002, 0.014
1771, 400.1, 36, 2, 35, 4846.0, 4500, 0.0, 0.0, 346, 32, 4, 941, 0.012, 0, 0.000, 150, 0.002, 0.014
1773, 397.0, 36, 2, 35, 3026.0, 2662, 0.0, 0.0, 364, 32, 4, 945, 0.012, 0, 0.000, 150, 0.002, 0.014
1775, 393.8, 36, 2, 35, 4766.0, 4400, 0.0, 0.0, 366, 32, 4, 950, 0.012, 0, 0.000, 150, 0.002, 0.014
1777, 385.2, 36, 2, 35, 3780.0, 3412, 0.0, 0.0, 368, 32, 4, 952, 0.012, 0, 0.000, 150, 0.002, 0.014
1779, 400.1, 36, 2, 35, 2680.0, 2302, 0.0, 0.0, 378, 32, 4, 956, 0.013, 0, 0.000, 151, 0.002, 0.015
1781, 394.6, 36, 2, 35, 4506.0, 4120, 0.0, 0.0, 386, 32, 4, 960, 0.013, 0, 0.000, 153, 0.002, 0.015
1782, 388.3, 36, 2, 35, 4060.0, 3786, 0.0, 0.0, 274, 32, 4, 961, 0.013, 0, 0.000, 154, 0.002, 0.015
1784, 398.5, 36, 2, 35, 4210.0, 3936, 0.0, 0.0, 274, 32, 4, 966, 0.013, 0, 0.000, 154, 0.002, 0.015
1786, 396.8, 36, 2, 35, 3532.0, 3256, 0.0, 0.0, 276, 32, 4, 970, 0.013, 0, 0.000, 154, 0.002, 0.015
1788, 400.2, 36, 2, 35, 3050.0, 2760, 0.0, 0.0, 290, 32, 4, 973, 0.013, 0, 0.000, 154, 0.002, 0.015
1790, 380.9, 36, 2, 35, 3666.0, 3376, 0.0, 0.0, 290, 32, 4, 976, 0.013, 0, 0.000, 154, 0.002, 0.015
1792, 392.4, 36, 2, 35, 4008.0, 3706, 0.0, 0.0, 302, 32, 4, 979, 0.013, 0, 0.000, 154, 0.002, 0.015
1794, 382.7, 36, 2, 35, 4114.0, 3812, 0.0, 0.0, 302, 32, 4, 982, 0.013, 0, 0.000, 154, 0.002, 0.015
1795, 398.6, 36, 2, 35, 3604.0, 3282, 0.0, 0.0, 322, 32, 4, 985, 0.013, 0, 0.000, 154, 0.002, 0.015
1797, 401.1, 36, 2, 35, 2946.0, 2624, 0.0, 0.0, 322, 32, 4, 988, 0.013, 0, 0.000, 154, 0.002, 0.015
1799, 398.6, 36, 2, 35, 4374.0, 4048, 0.0, 0.0, 326, 32, 4, 993, 0.013, 0, 0.000, 154, 0.002, 0.015
1801, 395.7, 36, 2, 35, 3596.0, 3244, 0.0, 0.0, 352, 32, 4, 997, 0.013, 0, 0.000, 154, 0.002, 0.015
1803, 396.6, 36, 2, 35, 3826.0, 3474, 0.0, 0.0, 352, 32, 4, 1000, 0.013, 0, 0.000, 154, 0.002, 0.015
1805, 398.0, 36, 2, 35, 3950.0, 3592, 0.0, 0.0, 358, 32, 4, 1003, 0.013, 0, 0.000, 154, 0.002, 0.015
1806, 395.9, 36, 2, 35, 3194.0, 2836, 0.0, 0.0, 358, 32, 4, 1006, 0.013, 0, 0.000, 154, 0.002, 0.015
1808, 398.6, 36, 2, 35, 2954.0, 2584, 0.0, 0.0, 370, 32, 4, 1012, 0.013, 0, 0.000, 154, 0.002, 0.015
1810, 396.4, 36, 2, 35, 3976.0, 3606, 0.0, 0.0, 370, 32, 4, 1015, 0.013, 0, 0.000, 154, 0.002, 0.015
1812, 391.1, 36, 2, 35, 3796.0, 3420, 0.0, 0.0, 376, 32, 4, 1018, 0.013, 0, 0.000, 154, 0.002, 0.015
1814, 393.1, 36, 2, 35, 3462.0, 3086, 0.0, 0.0, 376, 32, 4, 1021, 0.013, 0, 0.000, 154, 0.002, 0.015
1816, 398.2, 36, 2, 35, 4386.0, 3998, 0.0, 0.0, 388, 32, 4, 1023, 0.013, 0, 0.000, 157, 0.002, 0.015
1818, 397.3, 36, 2, 35, 3198.0, 2862, 0.0, 0.0, 336, 32, 4, 1028, 0.013, 0, 0.000, 158, 0.002, 0.016
1819, 394.5, 36, 2, 35, 2888.0, 2616, 0.0, 0.0, 272, 32, 4, 1031, 0.014, 0, 0.000, 158, 0.002, 0.016
1821, 393.0, 36, 2, 35, 3710.0, 3438, 0.0, 0.0, 272, 32, 4, 1034, 0.014, 0, 0.000, 158, 0.002, 0.016
1823, 399.4, 36, 2, 35, 5042.0, 4762, 0.0, 0.0, 280, 32, 4, 1039, 0.014, 0, 0.000, 158, 0.002, 0.016
1825, 397.9, 36, 2, 35, 2836.0, 2548, 0.0, 0.0, 288, 32, 4, 1043, 0.014, 0, 0.000, 158, 0.002, 0.016
1827, 397.4, 36, 2, 35, 4380.0, 4080, 0.0, 0.0, 300, 32, 4, 1048, 0.014, 0, 0.000, 158, 0.002, 0.016
1829, 396.1, 36, 2, 35, 3378.0, 3048, 0.0, 0.0, 330, 32, 4, 1052, 0.014, 0, 0.000, 158, 0.002, 0.016
1831, 395.2, 36, 2, 35, 3336.0, 3006, 0.0, 0.0, 330, 32, 4, 1055, 0.014, 0, 0.000, 158, 0.002, 0.016
1833, 398.8, 36, 2, 35, 3306.0, 2960, 0.0, 0.0, 346, 32, 4, 1058, 0.014, 0, 0.000, 158, 0.002, 0.016
1834, 393.6, 36, 2, 35, 4324.0, 3976, 0.0, 0.0, 348, 32, 4, 1063, 0.014, 0, 0.000, 158, 0.002, 0.016
1836, 397.5, 36, 2, 35, 3266.0, 2908, 0.0, 0.0, 358, 32, 4, 1067, 0.014, 0, 0.000, 158, 0.002, 0.016
1838, 388.5, 36, 2, 35, 3962.0, 3600, 0.0, 0.0, 362, 32, 4, 1070, 0.014, 0, 0.000, 158, 0.002, 0.016
1840, 396.6, 36, 2, 35, 4316.0, 3946, 0.0, 0.0, 370, 32, 4, 1075, 0.014, 0, 0.000, 158, 0.002, 0.016
1842, 395.4, 36, 2, 35, 4364.0, 3994, 0.0, 0.0, 370, 32, 4, 1078, 0.014, 0, 0.000, 158, 0.002, 0.016
1844, 391.6, 36, 2, 35, 3218.0, 2842, 0.0, 0.0, 376, 32, 4, 1078, 0.014, 0, 0.000, 163, 0.002, 0.016
1846, 398.7, 36, 2, 35, 4562.0, 4308, 0.0, 0.0, 254, 32, 4, 1081, 0.014, 0, 0.000, 163, 0.002, 0.016
1848, 399.3, 36, 2, 35, 4712.0, 4450, 0.0, 0.0, 262, 32, 4, 1084, 0.014, 0, 0.000, 163, 0.002, 0.016
1849, 398.0, 36, 2, 35, 5234.0, 4972, 0.0, 0.0, 262, 32, 4, 1087, 0.014, 0, 0.000, 163, 0.002, 0.016
1851, 394.4, 36, 2, 35, 3190.0, 2918, 0.0, 0.0, 272, 32, 4, 1091, 0.014, 0, 0.000, 163, 0.002, 0.016
1853, 395.4, 36, 2, 35, 3220.0, 2948, 0.0, 0.0, 272, 32, 4, 1094, 0.014, 0, 0.000, 163, 0.002, 0.016
1855, 400.1, 36, 2, 35, 4390.0, 4106, 0.0, 0.0, 284, 32, 4, 1099, 0.014, 0, 0.000, 163, 0.002, 0.017
1857, 394.4, 36, 2, 35, 3318.0, 3016, 0.0, 0.0, 302, 32, 4, 1103, 0.014, 0, 0.000, 163, 0.002, 0.017
1859, 394.1, 36, 2, 35, 3536.0, 3220, 0.0, 0.0, 316, 32, 4, 1106, 0.014, 0, 0.000, 163, 0.002, 0.017
1861, 391.2, 36, 2, 35, 3494.0, 3178, 0.0, 0.0, 316, 32, 4, 1109, 0.015, 0, 0.000, 163, 0.002, 0.017
1862, 399.5, 36, 2, 35, 4416.0, 4092, 0.0, 0.0, 324, 32, 4, 1114, 0.015, 0, 0.000, 163, 0.002, 0.017
1864, 391.6, 36, 2, 35, 3124.0, 2788, 0.0, 0.0, 336, 32, 4, 1118, 0.015, 0, 0.000, 163, 0.002, 0.017
1866, 396.4, 36, 2, 35, 3274.0, 2938, 0.0, 0.0, 336, 32, 4, 1121, 0.015, 0, 0.000, 163, 0.002, 0.017
1868, 395.9, 36, 2, 35, 4130.0, 3792, 0.0, 0.0, 338, 32, 4, 1126, 0.015, 0, 0.000, 163, 0.002, 0.017
1870, 390.8, 36, 2, 35, 2912.0, 2558, 0.0, 0.0, 354, 32, 4, 1130, 0.015, 0, 0.000, 163, 0.002, 0.017
1872, 398.1, 36, 2, 35, 3150.0, 2786, 0.0, 0.0, 364, 32, 4, 1135, 0.015, 0, 0.000, 164, 0.002, 0.017
1874, 399.0, 36, 2, 35, 3402.0, 2962, 0.0, 0.0, 440, 32, 4, 1137, 0.015, 0, 0.000, 166, 0.002, 0.017
1876, 399.2, 36, 2, 35, 4088.0, 3656, 0.0, 0.0, 432, 32, 4, 1141, 0.015, 0, 0.000, 166, 0.002, 0.017
1878, 397.5, 36, 2, 35, 4260.0, 3934, 0.0, 0.0, 326, 32, 4, 1145, 0.015, 0, 0.000, 167, 0.002, 0.017
1879, 399.7, 36, 2, 35, 3434.0, 3088, 0.0, 0.0, 346, 32, 4, 1149, 0.015, 0, 0.000, 167, 0.002, 0.017
1881, 398.2, 36, 2, 35, 3594.0, 3248, 0.0, 0.0, 346, 32, 4, 1152, 0.015, 0, 0.000, 167, 0.002, 0.017
1883, 400.5, 36, 2, 35, 3356.0, 3002, 0.0, 0.0, 354, 32, 4, 1155, 0.015, 0, 0.000, 167, 0.002, 0.017
1885, 392.6, 36, 2, 35, 3472.0, 3118, 0.0, 0.0, 354, 32, 4, 1158, 0.015, 0, 0.000, 167, 0.002, 0.017
1887, 397.6, 36, 2, 35, 3586.0, 3222, 0.0, 0.0, 364, 32, 4, 1161, 0.015, 0, 0.000, 167, 0.002, 0.017
1889, 399.0, 36, 2, 35, 4876.0, 4510, 0.0, 0.0, 366, 32, 4, 1166, 0.015, 0, 0.000, 167, 0.002, 0.017
1891, 397.4, 36, 2, 35, 2952.0, 2572, 0.0, 0.0, 380, 32, 4, 1170, 0.015, 0, 0.000, 167, 0.002, 0.017
1893, 399.5, 36, 2, 35, 4252.0, 3860, 0.0, 0.0, 392, 32, 4, 1175, 0.015, 0, 0.000, 167, 0.002, 0.018
1895, 386.4, 36, 2, 35, 4650.0, 4258, 0.0, 0.0, 392, 32, 4, 1178, 0.015, 0, 0.000, 167, 0.002, 0.018
1896, 391.7, 36, 2, 35, 4894.0, 4496, 0.0, 0.0, 398, 32, 4, 1181, 0.015, 0, 0.000, 167, 0.002, 0.018
1898, 378.3, 36, 2, 35, 5310.0, 4912, 0.0, 0.0, 398, 32, 4, 1184, 0.015, 0, 0.000, 167, 0.002, 0.018
1900, 397.9, 36, 2, 35, 3578.0, 3170, 0.0, 0.0, 408, 32, 4, 1188, 0.016, 0, 0.000, 167, 0.002, 0.018
1902, 396.3, 36, 2, 35, 3930.0, 3522, 0.0, 0.0, 408, 32, 4, 1191, 0.016, 0, 0.000, 167, 0.002, 0.018
1904, 393.4, 36, 2, 35, 4096.0, 3688, 0.0, 0.0, 408, 32, 4, 1194, 0.016, 0, 0.000, 167, 0.002, 0.018
1906, 398.4, 36, 2, 35, 4194.0, 3780, 0.0, 0.0, 414, 32, 4, 1197, 0.016, 0, 0.000, 167, 0.002, 0.018
1907, 397.7, 36, 2, 35, 3050.0, 2636, 0.0, 0.0, 414, 32, 4, 1200, 0.016, 0, 0.000, 167, 0.002, 0.018
1909, 397.1, 36, 2, 35, 2900.0, 2474, 0.0, 0.0, 426, 32, 4, 1206, 0.016, 0, 0.000, 167, 0.002, 0.018
1911, 396.6, 36, 2, 35, 3190.0, 2738, 0.0, 0.0, 452, 32, 4, 1209, 0.016, 0, 0.000, 167, 0.002, 0.018
1913, 398.4, 36, 2, 35, 4388.0, 3926, 0.0, 0.0, 462, 32, 4, 1214, 0.016, 0, 0.000, 167, 0.002, 0.018
1915, 398.3, 36, 2, 35, 3824.0, 3344, 0.0, 0.0, 480, 32, 4, 1218, 0.016, 0, 0.000, 167, 0.002, 0.018
1917, 400.4, 36, 2, 35, 3834.0, 3354, 0.0, 0.0, 480, 32, 4, 1221, 0.016, 0, 0.000, 167, 0.002, 0.018
1919, 390.4, 36, 2, 35, 3464.0, 2970, 0.0, 0.0, 494, 32, 4, 1224, 0.016, 0, 0.000, 167, 0.002, 0.018
1920, 397.0, 36, 2, 35, 3400.0, 2894, 0.0, 0.0, 506, 32, 4, 1230, 0.016, 0, 0.000, 167, 0.002, 0.018
1922, 393.1, 36, 2, 35, 3838.0, 3332, 0.0, 0.0, 506, 32, 4, 1233, 0.016, 0, 0.000, 167, 0.002, 0.018
1924, 383.8, 36, 2, 35, 3884.0, 3378, 0.0, 0.0, 506, 32, 4, 1236, 0.016, 0, 0.000, 167, 0.002, 0.018
1926, 380.5, 36, 2, 35, 4028.0, 3518, 0.0, 0.0, 510, 32, 4, 1239, 0.016, 0, 0.000, 167, 0.002, 0.018
1928, 376.5, 36, 2, 35, 3956.0, 3444, 0.0, 0.0, 512, 32, 4, 1242, 0.016, 0, 0.000, 167, 0.002, 0.018
1930, 397.9, 36, 2, 35, 2766.0, 2244, 0.0, 0.0, 522, 32, 4, 1245, 0.016, 0, 0.000, 170, 0.002, 0.018
1931, 395.7, 36, 2, 35, 2904.0, 2652, 0.0, 0.0, 252, 32, 4, 1249, 0.016, 0, 0.000, 171, 0.002, 0.019
1933, 398.5, 36, 2, 35, 3632.0, 3368, 0.0, 0.0, 264, 32, 4, 1254, 0.016, 0, 0.000, 171, 0.002, 0.019
1935, 398.8, 36, 2, 35, 4432.0, 4168, 0.0, 0.0, 264, 32, 4, 1257, 0.016, 0, 0.000, 171, 0.002, 0.019
1937, 394.4, 36, 2, 35, 3072.0, 2798, 0.0, 0.0, 274, 32, 4, 1261, 0.016, 0, 0.000, 171, 0.002, 0.019
1939, 397.2, 36, 2, 35, 3444.0, 3170, 0.0, 0.0, 274, 32, 4, 1264, 0.016, 0, 0.000, 171, 0.002, 0.019
1941, 392.3, 36, 2, 35, 3768.0, 3492, 0.0, 0.0, 276, 32, 4, 1267, 0.017, 0, 0.000, 171, 0.002, 0.019
1943, 399.5, 36, 2, 35, 3896.0, 3606, 0.0, 0.0, 290, 32, 4, 1270, 0.017, 0, 0.000, 171, 0.002, 0.019
1945, 398.7, 36, 2, 35, 3280.0, 2990, 0.0, 0.0, 290, 32, 4, 1273, 0.017, 0, 0.000, 171, 0.002, 0.019
1946, 398.4, 36, 2, 35, 4328.0, 4026, 0.0, 0.0, 302, 32, 4, 1278, 0.017, 0, 0.000, 171, 0.002, 0.019
1948, 396.1, 36, 2, 35, 3586.0, 3272, 0.0, 0.0, 314, 32, 4, 1282, 0.017, 0, 0.000, 171, 0.002, 0.019
1950, 400.2, 36, 2, 35, 3980.0, 3666, 0.0, 0.0, 314, 32, 4, 1285, 0.017, 0, 0.000, 171, 0.002, 0.019
1952, 398.9, 36, 2, 35, 3980.0, 3654, 0.0, 0.0, 326, 32, 4, 1288, 0.017, 0, 0.000, 171, 0.002, 0.019
1954, 392.2, 36, 2, 35, 3724.0, 3398, 0.0, 0.0, 326, 32, 4, 1291, 0.017, 0, 0.000, 171, 0.002, 0.019
1956, 398.0, 36, 2, 35, 3210.0, 2880, 0.0, 0.0, 330, 32, 4, 1294, 0.017, 0, 0.000, 171, 0.002, 0.019
1958, 394.4, 36, 2, 35, 3704.0, 3366, 0.0, 0.0, 338, 32, 4, 1299, 0.017, 0, 0.000, 171, 0.002, 0.019
1959, 234.6, 36, 2, 35, 2778.0, 2440, 0.0, 0.0, 338, 32, 4, 1302, 0.017, 0, 0.000, 171, 0.002, 0.019
1961, 391.2, 36, 2, 35, 2496.0, 1994, 0.0, 0.0, 502, 32, 4, 1305, 0.017, 0, 0.000, 172, 0.002, 0.019
1962, 400.3, 36, 2, 35, 4330.0, 3912, 0.0, 0.0, 418, 32, 4, 1306, 0.017, 0, 0.000, 176, 0.002, 0.019
1964, 398.0, 36, 2, 35, 3092.0, 2674, 0.0, 0.0, 418, 32, 4, 1309, 0.017, 0, 0.000, 176, 0.002, 0.019
1966, 398.8, 36, 2, 35, 3236.0, 2812, 0.0, 0.0, 424, 32, 4, 1315, 0.017, 0, 0.000, 176, 0.002, 0.019
1968, 393.1, 36, 3, 35, 3564.0, 3122, 0.0, 0.0, 442, 32, 4, 1318, 0.017, 0, 0.000, 176, 0.002, 0.019
1970, 399.1, 36, 2, 35, 4784.0, 4336, 0.0, 0.0, 448, 32, 4, 1323, 0.017, 0, 0.000, 176, 0.002, 0.020
1971, 398.5, 36, 2, 35, 3256.0, 2802, 0.0, 0.0, 454, 32, 4, 1327, 0.017, 0, 0.000, 176, 0.002, 0.020
1973, 398.6, 36, 2, 35, 3766.0, 3312, 0.0, 0.0, 454, 32, 4, 1332, 0.017, 0, 0.000, 176, 0.002, 0.020
1975, 397.2, 36, 2, 35, 4604.0, 4142, 0.0, 0.0, 462, 32, 4, 1335, 0.017, 0, 0.000, 176, 0.002, 0.020
1977, 398.9, 36, 2, 35, 2982.0, 2500, 0.0, 0.0, 482, 32, 4, 1339, 0.017, 0, 0.000, 176, 0.002, 0.020
1979, 396.9, 36, 2, 35, 3634.0, 3152, 0.0, 0.0, 482, 32, 4, 1342, 0.017, 0, 0.000, 176, 0.002, 0.020
1981, 400.2, 36, 2, 35, 4188.0, 3664, 0.0, 0.0, 524, 32, 4, 1347, 0.018, 0, 0.000, 176, 0.002, 0.020
1983, 399.1, 36, 2, 35, 4690.0, 4160, 0.0, 0.0, 530, 32, 4, 1350, 0.018, 0, 0.000, 176, 0.002, 0.020
1985, 398.5, 36, 2, 35, 3176.0, 2638, 0.0, 0.0, 538, 32, 4, 1352, 0.018, 0, 0.000, 179, 0.002, 0.020
1987, 396.6, 36, 2, 35, 4648.0, 4366, 0.0, 0.0, 282, 32, 4, 1357, 0.018, 0, 0.000, 180, 0.002, 0.020
1988, 398.2, 36, 2, 35, 3408.0, 3112, 0.0, 0.0, 296, 32, 4, 1361, 0.018, 0, 0.000, 180, 0.002, 0.020
1990, 399.0, 36, 2, 35, 2956.0, 2660, 0.0, 0.0, 296, 32, 4, 1364, 0.018, 0, 0.000, 180, 0.002, 0.020
1992, 398.9, 36, 2, 35, 2790.0, 2464, 0.0, 0.0, 326, 32, 4, 1370, 0.018, 0, 0.000, 180, 0.002, 0.020
1994, 398.2, 36, 2, 35, 3440.0, 3098, 0.0, 0.0, 342, 32, 4, 1373, 0.018, 0, 0.000, 180, 0.002, 0.020
1996, 399.4, 36, 2, 35, 3914.0, 3572, 0.0, 0.0, 342, 32, 4, 1376, 0.018, 0, 0.000, 180, 0.002, 0.020
1998, 399.3, 36, 2, 35, 3404.0, 3052, 0.0, 0.0, 352, 32, 4, 1379, 0.018, 0, 0.000, 180, 0.002, 0.020
2000, 399.7, 36, 2, 35, 3002.0, 2642, 0.0, 0.0, 360, 32, 4, 1385, 0.018, 0, 0.000, 180, 0.002, 0.020
2002, 398.6, 36, 2, 35, 3250.0, 2890, 0.0, 0.0, 360, 32, 4, 1388, 0.018, 0, 0.000, 180, 0.002, 0.020
2004, 398.9, 36, 2, 35, 4622.0, 4250, 0.0, 0.0, 372, 32, 4, 1393, 0.018, 0, 0.000, 180, 0.002, 0.020
2006, 397.9, 36, 2, 35, 4258.0, 3880, 0.0, 0.0, 378, 32, 4, 1396, 0.018, 0, 0.000, 180, 0.002, 0.020
2008, 399.3, 36, 2, 35, 4760.0, 4368, 0.0, 0.0, 392, 32, 4, 1399, 0.018, 0, 0.000, 180, 0.002, 0.021
2009, 398.5, 36, 2, 35, 5166.0, 4774, 0.0, 0.0, 392, 32, 4, 1402, 0.018, 0, 0.000, 180, 0.002, 0.021
2011, 401.6, 36, 2, 35, 3006.0, 2608, 0.0, 0.0, 398, 32, 4, 1406, 0.018, 0, 0.000, 180, 0.002, 0.021
2013, 398.8, 36, 2, 35, 3200.0, 2802, 0.0, 0.0, 398, 32, 4, 1409, 0.018, 0, 0.000, 180, 0.002, 0.021
2015, 400.1, 36, 2, 35, 3858.0, 3456, 0.0, 0.0, 402, 32, 4, 1412, 0.018, 0, 0.000, 180, 0.002, 0.021
2017, 396.0, 36, 2, 35, 3586.0, 3168, 0.0, 0.0, 418, 32, 4, 1415, 0.018, 0, 0.000, 180, 0.002, 0.021
2019, 398.9, 36, 3, 35, 3060.0, 2630, 0.0, 0.0, 430, 32, 4, 1420, 0.018, 0, 0.000, 181, 0.002, 0.021
2021, 398.7, 36, 2, 35, 3756.0, 3206, 0.0, 0.0, 550, 32, 4, 1422, 0.018, 0, 0.000, 183, 0.002, 0.021
2023, 399.6, 36, 2, 35, 4528.0, 4104, 0.0, 0.0, 424, 32, 4, 1427, 0.019, 0, 0.000, 184, 0.002, 0.021
2024, 396.2, 36, 2, 35, 3304.0, 2692, 0.0, 0.0, 612, 32, 4, 1431, 0.019, 0, 0.000, 184, 0.002, 0.021
2026, 398.7, 36, 2, 35, 3428.0, 2696, 0.0, 0.0, 732, 32, 4, 1437, 0.019, 0, 0.000, 184, 0.002, 0.021
2028, 397.0, 36, 2, 35, 3194.0, 2388, 0.0, 0.0, 806, 32, 4, 1439, 0.019, 0, 0.000, 185, 0.002, 0.021
2030, 396.3, 36, 3, 35, 4626.0, 4002, 0.0, 0.0, 624, 32, 4, 1443, 0.019, 0, 0.000, 187, 0.002, 0.021
2032, 399.7, 36, 2, 35, 3168.0, 2802, 0.0, 0.0, 366, 32, 4, 1447, 0.019, 0, 0.000, 188, 0.003, 0.021
2034, 400.1, 36, 2, 35, 3550.0, 3100, 0.0, 0.0, 450, 32, 4, 1450, 0.019, 0, 0.000, 188, 0.003, 0.021
2036, 398.5, 36, 2, 35, 4596.0, 4146, 0.0, 0.0, 450, 32, 4, 1454, 0.019, 0, 0.000, 188, 0.003, 0.021
2038, 401.1, 36, 2, 35, 4778.0, 4096, 0.0, 0.0, 682, 32, 4, 1458, 0.019, 0, 0.000, 188, 0.003, 0.021
2040, 396.1, 36, 2, 35, 3440.0, 2758, 0.0, 0.0, 682, 32, 4, 1461, 0.019, 0, 0.000, 189, 0.003, 0.021
2042, 395.3, 36, 2, 35, 3970.0, 3144, 0.0, 0.0, 826, 32, 4, 1463, 0.019, 0, 0.000, 191, 0.003, 0.022
2043, 398.3, 36, 2, 35, 4566.0, 4126, 0.0, 0.0, 440, 32, 4, 1468, 0.019, 0, 0.000, 192, 0.003, 0.022
2045, 397.7, 36, 2, 35, 3182.0, 2724, 0.0, 0.0, 458, 32, 4, 1472, 0.019, 0, 0.000, 192, 0.003, 0.022
2047, 397.8, 36, 2, 35, 3604.0, 3130, 0.0, 0.0, 474, 32, 4, 1475, 0.019, 0, 0.000, 192, 0.003, 0.022
2049, 396.8, 36, 2, 35, 3966.0, 3492, 0.0, 0.0, 474, 32, 4, 1478, 0.019, 0, 0.000, 192, 0.003, 0.022
2051, 399.0, 36, 2, 35, 4600.0, 4092, 0.0, 0.0, 508, 32, 4, 1483, 0.019, 0, 0.000, 192, 0.003, 0.022
2053, 397.6, 36, 3, 35, 3300.0, 2778, 0.0, 0.0, 522, 32, 4, 1487, 0.019, 0, 0.000, 192, 0.003, 0.022
2055, 396.8, 36, 2, 35, 3556.0, 3020, 0.0, 0.0, 536, 32, 4, 1490, 0.019, 0, 0.000, 192, 0.003, 0.022
2057, 400.4, 36, 2, 35, 4744.0, 4196, 0.0, 0.0, 548, 32, 4, 1492, 0.019, 0, 0.000, 195, 0.003, 0.022
2058, 396.4, 36, 3, 35, 3300.0, 2822, 0.0, 0.0, 478, 32, 4, 1497, 0.019, 0, 0.000, 196, 0.003, 0.022
2060, 397.8, 36, 2, 35, 3544.0, 3268, 0.0, 0.0, 276, 32, 4, 1500, 0.019, 0, 0.000, 196, 0.003, 0.022
2062, 399.5, 36, 2, 35, 4472.0, 4166, 0.0, 0.0, 306, 32, 4, 1505, 0.020, 0, 0.000, 196, 0.003, 0.022
2064, 400.8, 36, 2, 35, 4352.0, 4046, 0.0, 0.0, 306, 32, 4, 1508, 0.020, 0, 0.000, 196, 0.003, 0.022
2066, 399.9, 36, 2, 35, 4736.0, 4416, 0.0, 0.0, 320, 32, 4, 1511, 0.020, 0, 0.000, 196, 0.003, 0.022
2068, 398.7, 36, 2, 35, 3544.0, 3214, 0.0, 0.0, 330, 32, 4, 1515, 0.020, 0, 0.000, 196, 0.003, 0.022
2069, 396.7, 36, 2, 35, 3738.0, 3404, 0.0, 0.0, 334, 32, 4, 1518, 0.020, 0, 0.000, 196, 0.003, 0.022
2071, 398.1, 36, 2, 35, 3238.0, 2904, 0.0, 0.0, 334, 32, 4, 1521, 0.020, 0, 0.000, 196, 0.003, 0.022
2073, 398.4, 36, 2, 35, 3180.0, 2842, 0.0, 0.0, 338, 32, 4, 1524, 0.020, 0, 0.000, 196, 0.003, 0.022
2075, 399.8, 36, 2, 35, 4670.0, 4262, 0.0, 0.0, 408, 32, 4, 1529, 0.020, 0, 0.000, 196, 0.003, 0.022
2077, 399.2, 36, 2, 35, 4776.0, 4366, 0.0, 0.0, 410, 32, 4, 1532, 0.020, 0, 0.000, 196, 0.003, 0.023
2079, 399.8, 36, 2, 35, 3622.0, 3194, 0.0, 0.0, 428, 32, 4, 1534, 0.020, 0, 0.000, 199, 0.003, 0.023
2081, 398.7, 36, 2, 35, 3956.0, 3682, 0.0, 0.0, 274, 32, 4, 1539, 0.020, 0, 0.000, 200, 0.003, 0.023
2083, 399.8, 36, 2, 35, 3278.0, 2988, 0.0, 0.0, 290, 32, 4, 1543, 0.020, 0, 0.000, 200, 0.003, 0.023
2084, 400.7, 36, 2, 35, 3782.0, 3492, 0.0, 0.0, 290, 32, 4, 1546, 0.020, 0, 0.000, 200, 0.003, 0.023
2086, 399.4, 36, 2, 35, 3094.0, 2772, 0.0, 0.0, 322, 32, 4, 1549, 0.020, 0, 0.000, 200, 0.003, 0.023
2088, 398.2, 36, 2, 35, 4420.0, 4096, 0.0, 0.0, 324, 32, 4, 1554, 0.020, 0, 0.000, 200, 0.003, 0.023
2090, 397.2, 36, 2, 35, 3738.0, 3394, 0.0, 0.0, 344, 32, 4, 1558, 0.020, 0, 0.000, 200, 0.003, 0.023
2092, 399.7, 36, 2, 35, 4892.0, 4548, 0.0, 0.0, 344, 32, 4, 1560, 0.020, 0, 0.000, 200, 0.003, 0.023
2094, 397.7, 36, 2, 35, 5252.0, 4908, 0.0, 0.0, 344, 32, 4, 1563, 0.020, 0, 0.000, 200, 0.003, 0.023
2096, 397.9, 36, 2, 35, 5378.0, 5028, 0.0, 0.0, 350, 32, 4, 1566, 0.020, 0, 0.000, 200, 0.003, 0.023
2097, 395.5, 36, 2, 35, 3552.0, 3194, 0.0, 0.0, 358, 32, 4, 1570, 0.020, 0, 0.000, 200, 0.003, 0.023
2099, 398.1, 36, 2, 35, 3286.0, 2928, 0.0, 0.0, 358, 32, 4, 1573, 0.020, 0, 0.000, 200, 0.003, 0.023
2101, 397.4, 36, 2, 35, 2918.0, 2548, 0.0, 0.0, 370, 32, 4, 1579, 0.021, 0, 0.000, 200, 0.003, 0.023
2103, 397.1, 36, 2, 35, 3056.0, 2656, 0.0, 0.0, 400, 32, 4, 1581, 0.021, 0, 0.000, 201, 0.003, 0.023
2105, 398.5, 36, 3, 35, 4318.0, 3796, 0.0, 0.0, 522, 32, 4, 1585, 0.021, 0, 0.000, 203, 0.003, 0.023
2107, 396.7, 36, 2, 35, 3540.0, 3096, 0.0, 0.0, 444, 32, 4, 1589, 0.021, 0, 0.000, 204, 0.003, 0.023
2109, 394.8, 36, 2, 35, 3716.0, 3272, 0.0, 0.0, 444, 32, 4, 1592, 0.021, 0, 0.000, 204, 0.003, 0.023
2110, 398.2, 36, 3, 35, 3388.0, 2918, 0.0, 0.0, 470, 32, 4, 1595, 0.021, 0, 0.000, 204, 0.003, 0.023
2112, 395.9, 36, 2, 35, 3078.0, 2580, 0.0, 0.0, 498, 32, 4, 1601, 0.021, 0, 0.000, 204, 0.003, 0.024
2114, 398.7, 36, 2, 35, 3168.0, 2648, 0.0, 0.0, 520, 32, 4, 1604, 0.021, 0, 0.000, 204, 0.003, 0.024
2116, 400.5, 36, 2, 35, 4772.0, 4242, 0.0, 0.0, 530, 32, 4, 1606, 0.021, 0, 0.000, 207, 0.003, 0.024
2118, 399.5, 36, 2, 35, 2822.0, 2340, 0.0, 0.0, 482, 32, 4, 1611, 0.021, 0, 0.000, 208, 0.003, 0.024
2120, 400.6, 36, 2, 35, 4366.0, 4084, 0.0, 0.0, 282, 32, 4, 1616, 0.021, 0, 0.000, 208, 0.003, 0.024
2122, 394.9, 36, 2, 35, 3176.0, 2868, 0.0, 0.0, 308, 32, 4, 1620, 0.021, 0, 0.000, 208, 0.003, 0.024
2124, 399.2, 36, 2, 35, 3174.0, 2866, 0.0, 0.0, 308, 32, 4, 1623, 0.021, 0, 0.000, 208, 0.003, 0.024
2126, 399.2, 36, 2, 35, 3730.0, 3418, 0.0, 0.0, 312, 32, 4, 1626, 0.021, 0, 0.000, 208, 0.003, 0.024
2127, 398.4, 36, 2, 35, 3198.0, 2876, 0.0, 0.0, 322, 32, 4, 1629, 0.021, 0, 0.000, 208, 0.003, 0.024
2129, 398.1, 36, 2, 35, 3416.0, 3094, 0.0, 0.0, 322, 32, 4, 1632, 0.021, 0, 0.000, 208, 0.003, 0.024
2131, 397.6, 36, 2, 35, 3328.0, 3000, 0.0, 0.0, 328, 32, 4, 1638, 0.021, 0, 0.000, 208, 0.003, 0.024
2133, 394.6, 36, 2, 35, 3718.0, 3316, 0.0, 0.0, 402, 32, 4, 1641, 0.021, 0, 0.000, 208, 0.003, 0.024
2135, 400.0, 36, 2, 35, 4504.0, 4050, 0.0, 0.0, 454, 32, 4, 1646, 0.021, 0, 0.000, 208, 0.003, 0.024
2137, 399.3, 36, 3, 35, 3594.0, 3010, 0.0, 0.0, 584, 32, 4, 1648, 0.021, 0, 0.000, 211, 0.003, 0.024
2139, 398.3, 36, 2, 35, 3636.0, 3222, 0.0, 0.0, 414, 32, 4, 1651, 0.021, 0, 0.000, 212, 0.003, 0.024
2141, 396.4, 36, 2, 35, 4044.0, 3630, 0.0, 0.0, 414, 32, 4, 1654, 0.022, 0, 0.000, 212, 0.003, 0.024
2142, 398.2, 36, 2, 35, 3290.0, 2856, 0.0, 0.0, 434, 32, 4, 1657, 0.022, 0, 0.000, 212, 0.003, 0.024
2144, 395.1, 36, 3, 35, 4390.0, 3956, 0.0, 0.0, 434, 32, 4, 1662, 0.022, 0, 0.000, 212, 0.003, 0.024
2146, 396.5, 36, 2, 35, 3488.0, 3014, 0.0, 0.0, 474, 32, 4, 1666, 0.022, 0, 0.000, 212, 0.003, 0.024
2148, 398.2, 36, 3, 35, 3382.0, 2786, 0.0, 0.0, 596, 32, 4, 1669, 0.022, 0, 0.000, 212, 0.003, 0.025
2150, 394.6, 36, 2, 35, 4954.0, 4354, 0.0, 0.0, 600, 32, 4, 1671, 0.022, 0, 0.000, 215, 0.003, 0.025
2152, 395.2, 36, 3, 35, 3378.0, 2848, 0.0, 0.0, 530, 32, 4, 1676, 0.022, 0, 0.000, 215, 0.003, 0.025
2154, 399.0, 36, 3, 35, 3356.0, 2814, 0.0, 0.0, 542, 32, 4, 1679, 0.022, 0, 0.000, 216, 0.003, 0.025
2156, 393.7, 36, 3, 35, 4338.0, 3950, 0.0, 0.0, 388, 32, 4, 1684, 0.022, 0, 0.000, 216, 0.003, 0.025
2157, 396.7, 36, 2, 35, 3428.0, 2994, 0.0, 0.0, 434, 32, 4, 1688, 0.022, 0, 0.000, 216, 0.003, 0.025
2159, 397.0, 36, 2, 35, 3648.0, 3186, 0.0, 0.0, 462, 32, 4, 1691, 0.022, 0, 0.000, 216, 0.003, 0.025
2161, 398.7, 36, 3, 35, 3892.0, 3326, 0.0, 0.0, 566, 32, 4, 1694, 0.022, 0, 0.000, 216, 0.003, 0.025
2163, 398.0, 36, 3, 35, 4332.0, 3752, 0.0, 0.0, 580, 32, 4, 1699, 0.022, 0, 0.000, 216, 0.003, 0.025
2165, 394.8, 36, 2, 35, 3664.0, 2986, 0.0, 0.0, 678, 32, 4, 1703, 0.022, 0, 0.000, 216, 0.003, 0.025
2167, 394.1, 36, 2, 35, 3394.0, 2704, 0.0, 0.0, 690, 32, 4, 1709, 0.022, 0, 0.000, 216, 0.003, 0.025
2168, 396.9, 36, 2, 35, 4004.0, 3104, 0.0, 0.0, 900, 32, 4, 1711, 0.022, 0, 0.000, 217, 0.003, 0.025
2170, 399.4, 36, 2, 35, 3828.0, 2928, 0.0, 0.0, 900, 32, 4, 1713, 0.022, 0, 0.000, 219, 0.003, 0.025
2172, 399.2, 36, 2, 35, 3518.0, 2628, 0.0, 0.0, 890, 32, 4, 1719, 0.022, 0, 0.000, 220, 0.003, 0.025
2174, 397.4, 36, 2, 35, 3220.0, 2808, 0.0, 0.0, 412, 32, 4, 1722, 0.022, 0, 0.000, 220, 0.003, 0.025
2176, 398.2, 36, 2, 35, 3366.0, 2944, 0.0, 0.0, 422, 32, 4, 1728, 0.022, 0, 0.000, 220, 0.003, 0.025
2178, 395.7, 36, 2, 35, 3476.0, 3042, 0.0, 0.0, 434, 32, 4, 1731, 0.022, 0, 0.000, 220, 0.003, 0.025
2180, 397.0, 36, 2, 35, 3360.0, 2926, 0.0, 0.0, 434, 32, 4, 1734, 0.023, 0, 0.000, 220, 0.003, 0.025
2182, 397.3, 36, 3, 35, 4424.0, 3962, 0.0, 0.0, 462, 32, 4, 1739, 0.023, 0, 0.000, 220, 0.003, 0.026
2184, 400.4, 36, 3, 35, 3352.0, 2866, 0.0, 0.0, 486, 32, 4, 1743, 0.023, 0, 0.000, 220, 0.003, 0.026
2185, 397.5, 36, 3, 35, 3558.0, 2872, 0.0, 0.0, 686, 32, 4, 1746, 0.023, 0, 0.000, 220, 0.003, 0.026
2187, 400.4, 36, 2, 35, 4404.0, 3718, 0.0, 0.0, 686, 32, 4, 1751, 0.023, 0, 0.000, 220, 0.003, 0.026
2189, 396.1, 36, 2, 35, 3902.0, 3138, 0.0, 0.0, 764, 32, 4, 1754, 0.023, 0, 0.000, 221, 0.003, 0.026
2191, 400.1, 36, 2, 35, 4364.0, 3600, 0.0, 0.0, 764, 32, 4, 1756, 0.023, 0, 0.000, 223, 0.003, 0.026
2193, 399.3, 36, 2, 35, 3700.0, 2874, 0.0, 0.0, 826, 32, 4, 1759, 0.023, 0, 0.000, 224, 0.003, 0.026
2195, 398.5, 36, 2, 35, 4544.0, 3986, 0.0, 0.0, 558, 32, 4, 1764, 0.023, 0, 0.000, 224, 0.003, 0.026
2197, 398.6, 36, 2, 35, 3656.0, 3026, 0.0, 0.0, 630, 32, 4, 1768, 0.023, 0, 0.000, 224, 0.003, 0.026
2199, 396.7, 36, 3, 35, 3418.0, 2708, 0.0, 0.0, 710, 32, 4, 1771, 0.023, 0, 0.000, 224, 0.003, 0.026
2200, 399.7, 36, 2, 35, 4268.0, 3554, 0.0, 0.0, 714, 32, 4, 1776, 0.023, 0, 0.000, 224, 0.003, 0.026
2202, 399.7, 36, 2, 35, 3348.0, 2600, 0.0, 0.0, 748, 32, 4, 1780, 0.023, 0, 0.000, 224, 0.003, 0.026
2204, 400.3, 36, 2, 35, 3530.0, 2764, 0.0, 0.0, 766, 32, 4, 1783, 0.023, 0, 0.000, 224, 0.003, 0.026
2206, 398.1, 36, 2, 35, 4864.0, 4086, 0.0, 0.0, 778, 32, 4, 1785, 0.023, 0, 0.000, 227, 0.003, 0.026
2208, 397.7, 36, 2, 35, 3584.0, 2902, 0.0, 0.0, 682, 32, 4, 1790, 0.023, 0, 0.000, 227, 0.003, 0.026
2210, 396.7, 36, 3, 35, 3344.0, 2662, 0.0, 0.0, 682, 32, 4, 1793, 0.023, 0, 0.000, 228, 0.003, 0.026
2212, 393.3, 36, 2, 35, 3486.0, 3184, 0.0, 0.0, 302, 32, 4, 1796, 0.023, 0, 0.000, 228, 0.003, 0.026
2214, 399.1, 36, 2, 35, 3314.0, 3006, 0.0, 0.0, 308, 32, 4, 1802, 0.023, 0, 0.000, 228, 0.003, 0.026
2215, 398.0, 36, 2, 35, 3350.0, 3042, 0.0, 0.0, 308, 32, 4, 1805, 0.023, 0, 0.000, 228, 0.003, 0.026
2217, 397.4, 36, 3, 35, 3502.0, 3190, 0.0, 0.0, 312, 32, 4, 1808, 0.023, 0, 0.000, 228, 0.003, 0.026
2219, 397.5, 36, 3, 35, 4626.0, 4300, 0.0, 0.0, 326, 32, 4, 1813, 0.024, 0, 0.000, 228, 0.003, 0.027
2221, 402.1, 36, 3, 35, 3078.0, 2730, 0.0, 0.0, 348, 32, 4, 1817, 0.024, 0, 0.000, 228, 0.003, 0.027
2223, 397.1, 36, 2, 35, 3720.0, 3372, 0.0, 0.0, 348, 32, 4, 1820, 0.024, 0, 0.000, 228, 0.003, 0.027
2225, 398.7, 36, 2, 35, 4364.0, 3996, 0.0, 0.0, 368, 32, 4, 1825, 0.024, 0, 0.000, 228, 0.003, 0.027
2227, 398.5, 36, 2, 35, 3150.0, 2770, 0.0, 0.0, 380, 32, 4, 1829, 0.024, 0, 0.000, 228, 0.003, 0.027
2229, 400.7, 36, 2, 35, 3828.0, 3430, 0.0, 0.0, 398, 32, 4, 1832, 0.024, 0, 0.000, 228, 0.003, 0.027
2231, 397.5, 36, 2, 35, 3196.0, 2784, 0.0, 0.0, 412, 32, 4, 1835, 0.024, 0, 0.000, 228, 0.003, 0.027
2232, 399.0, 36, 2, 35, 4950.0, 4538, 0.0, 0.0, 412, 32, 4, 1839, 0.024, 0, 0.000, 228, 0.003, 0.027
2234, 401.1, 36, 2, 35, 4506.0, 4094, 0.0, 0.0, 412, 32, 4, 1843, 0.024, 0, 0.000, 228, 0.003, 0.027
2236, 398.6, 36, 2, 35, 3478.0, 3056, 0.0, 0.0, 422, 32, 4, 1847, 0.024, 0, 0.000, 228, 0.003, 0.027
2238, 395.8, 36, 2, 35, 3550.0, 3114, 0.0, 0.0, 436, 32, 4, 1850, 0.024, 0, 0.000, 228, 0.003, 0.027
2240, 398.6, 36, 3, 35, 4606.0, 4170, 0.0, 0.0, 436, 32, 4, 1855, 0.024, 0, 0.000, 228, 0.003, 0.027
2242, 396.9, 36, 3, 35, 3132.0, 2682, 0.0, 0.0, 450, 32, 4, 1859, 0.024, 0, 0.000, 228, 0.003, 0.027
2244, 395.3, 36, 2, 35, 3376.0, 2776, 0.0, 0.0, 600, 32, 4, 1861, 0.024, 0, 0.000, 229, 0.003, 0.027
2246, 398.6, 36, 3, 35, 4958.0, 4124, 0.0, 0.0, 834, 32, 4, 1865, 0.024, 0, 0.000, 231, 0.003, 0.027
2247, 395.9, 36, 3, 35, 3392.0, 2834, 0.0, 0.0, 558, 32, 4, 1869, 0.024, 0, 0.000, 232, 0.003, 0.027
2249, 393.5, 36, 3, 35, 3400.0, 2706, 0.0, 0.0, 694, 32, 4, 1872, 0.024, 0, 0.000, 232, 0.003, 0.027
2251, 399.8, 36, 2, 35, 3918.0, 3224, 0.0, 0.0, 694, 32, 4, 1875, 0.024, 0, 0.000, 232, 0.003, 0.027
2253, 398.8, 36, 2, 35, 3918.0, 3140, 0.0, 0.0, 778, 32, 4, 1878, 0.024, 0, 0.000, 232, 0.003, 0.027
2255, 397.3, 36, 3, 35, 4734.0, 3942, 0.0, 0.0, 792, 32, 4, 1883, 0.024, 0, 0.000, 232, 0.003, 0.028
2257, 398.7, 36, 2, 35, 3850.0, 2850, 0.0, 0.0, 1000, 32, 4, 1886, 0.024, 0, 0.000, 233, 0.003, 0.028
2258, 398.5, 36, 2, 35, 4482.0, 3682, 0.0, 0.0, 800, 32, 4, 1889, 0.025, 0, 0.000, 235, 0.003, 0.028
2260, 395.8, 36, 2, 35, 2938.0, 2584, 0.0, 0.0, 354, 32, 4, 1894, 0.025, 0, 0.000, 236, 0.003, 0.028
2262, 399.3, 36, 2, 35, 3648.0, 3294, 0.0, 0.0, 354, 32, 4, 1897, 0.025, 0, 0.000, 236, 0.003, 0.028
2264, 396.8, 36, 2, 35, 3744.0, 3376, 0.0, 0.0, 368, 32, 4, 1900, 0.025, 0, 0.000, 236, 0.003, 0.028
2266, 398.1, 36, 2, 35, 4270.0, 3758, 0.0, 0.0, 512, 32, 4, 1905, 0.025, 0, 0.000, 236, 0.003, 0.028
2268, 397.5, 36, 3, 35, 3078.0, 2566, 0.0, 0.0, 512, 32, 4, 1909, 0.025, 0, 0.000, 236, 0.003, 0.028
2270, 399.0, 36, 2, 35, 4868.0, 4266, 0.0, 0.0, 602, 32, 4, 1911, 0.025, 0, 0.000, 239, 0.003, 0.028
2272, 400.1, 36, 3, 35, 3540.0, 3000, 0.0, 0.0, 540, 32, 4, 1916, 0.025, 0, 0.000, 240, 0.003, 0.028
2274, 399.4, 36, 2, 35, 3054.0, 2724, 0.0, 0.0, 330, 32, 4, 1919, 0.025, 0, 0.000, 240, 0.003, 0.028
2276, 398.1, 36, 2, 35, 4106.0, 3776, 0.0, 0.0, 330, 32, 4, 1924, 0.025, 0, 0.000, 240, 0.003, 0.028
2277, 398.3, 36, 2, 35, 3940.0, 3580, 0.0, 0.0, 360, 32, 4, 1927, 0.025, 0, 0.000, 240, 0.003, 0.028
2279, 401.6, 36, 2, 35, 3332.0, 2848, 0.0, 0.0, 484, 32, 4, 1931, 0.025, 0, 0.000, 240, 0.003, 0.028
2281, 395.1, 36, 2, 35, 3162.0, 2678, 0.0, 0.0, 484, 32, 4, 1934, 0.025, 0, 0.000, 240, 0.003, 0.028
2283, 396.5, 36, 2, 35, 4666.0, 4164, 0.0, 0.0, 502, 32, 4, 1939, 0.025, 0, 0.000, 240, 0.003, 0.028
2285, 396.6, 36, 2, 35, 4490.0, 3970, 0.0, 0.0, 520, 32, 4, 1942, 0.025, 0, 0.000, 240, 0.003, 0.028
2287, 395.8, 36, 3, 35, 3450.0, 2898, 0.0, 0.0, 552, 32, 4, 1945, 0.025, 0, 0.000, 241, 0.003, 0.028
2289, 398.0, 36, 3, 35, 3492.0, 2940, 0.0, 0.0, 552, 32, 4, 1947, 0.025, 0, 0.000, 243, 0.003, 0.028
2291, 397.3, 36, 2, 35, 3542.0, 2972, 0.0, 0.0, 570, 32, 4, 1950, 0.025, 0, 0.000, 244, 0.003, 0.029
2292, 399.3, 36, 3, 35, 4836.0, 4546, 0.0, 0.0, 290, 32, 4, 1955, 0.025, 0, 0.000, 244, 0.003, 0.029
2294, 396.7, 36, 2, 35, 3220.0, 2904, 0.0, 0.0, 316, 32, 4, 1959, 0.025, 0, 0.000, 244, 0.003, 0.029
2296, 400.5, 36, 2, 35, 3672.0, 3218, 0.0, 0.0, 454, 32, 4, 1962, 0.025, 0, 0.000, 244, 0.003, 0.029
2298, 396.0, 36, 2, 35, 4578.0, 4096, 0.0, 0.0, 482, 32, 4, 1967, 0.026, 0, 0.000, 244, 0.003, 0.029
2300, 397.5, 36, 3, 35, 3498.0, 2916, 0.0, 0.0, 582, 32, 4, 1969, 0.026, 0, 0.000, 247, 0.003, 0.029
2302, 397.7, 36, 2, 35, 4152.0, 3718, 0.0, 0.0, 434, 32, 4, 1974, 0.026, 0, 0.000, 248, 0.003, 0.029
2304, 396.8, 36, 3, 35, 3440.0, 2938, 0.0, 0.0, 502, 32, 4, 1978, 0.026, 0, 0.000, 248, 0.003, 0.029
2305, 398.0, 36, 3, 35, 3680.0, 3164, 0.0, 0.0, 516, 32, 4, 1981, 0.026, 0, 0.000, 248, 0.003, 0.029
2307, 399.8, 36, 3, 35, 3870.0, 2968, 0.0, 0.0, 902, 32, 4, 1983, 0.026, 0, 0.000, 249, 0.003, 0.029
2309, 399.0, 36, 3, 35, 5122.0, 4470, 0.0, 0.0, 652, 32, 4, 1987, 0.026, 0, 0.000, 251, 0.003, 0.029
2311, 394.8, 36, 3, 35, 3040.0, 2500, 0.0, 0.0, 540, 32, 4, 1991, 0.026, 0, 0.000, 252, 0.003, 0.029
2313, 398.4, 36, 2, 35, 3084.0, 2514, 0.0, 0.0, 570, 32, 4, 1994, 0.026, 0, 0.000, 252, 0.003, 0.029
2315, 396.8, 36, 3, 35, 3346.0, 2690, 0.0, 0.0, 656, 32, 4, 2000, 0.026, 0, 0.000, 252, 0.003, 0.029
2317, 396.3, 36, 3, 35, 3612.0, 2950, 0.0, 0.0, 662, 32, 4, 2003, 0.026, 0, 0.000, 252, 0.003, 0.029
2318, 394.5, 36, 3, 35, 5004.0, 3828, 0.0, 0.0, 1176, 32, 4, 2005, 0.026, 0, 0.000, 255, 0.003, 0.029
2320, 398.8, 36, 3, 35, 4094.0, 3186, 0.0, 0.0, 908, 32, 4, 2010, 0.026, 0, 0.000, 256, 0.003, 0.029
2322, 397.7, 36, 3, 35, 3448.0, 3116, 0.0, 0.0, 332, 32, 4, 2013, 0.026, 0, 0.000, 256, 0.003, 0.030
2324, 400.7, 36, 2, 35, 3408.0, 2646, 0.0, 0.0, 762, 32, 4, 2016, 0.026, 0, 0.000, 256, 0.003, 0.030
2326, 394.9, 36, 3, 35, 4948.0, 4110, 0.0, 0.0, 838, 32, 4, 2018, 0.026, 0, 0.000, 259, 0.003, 0.030
2328, 398.6, 36, 3, 35, 5182.0, 4312, 0.0, 0.0, 870, 32, 4, 2022, 0.026, 0, 0.000, 259, 0.003, 0.030
2329, 400.0, 36, 2, 35, 3836.0, 2990, 0.0, 0.0, 846, 32, 4, 2026, 0.026, 0, 0.000, 260, 0.003, 0.030
2331, 397.7, 36, 2, 35, 3572.0, 2726, 0.0, 0.0, 846, 32, 4, 2029, 0.026, 0, 0.000, 260, 0.003, 0.030
2333, 398.3, 36, 2, 35, 3634.0, 2522, 0.0, 0.0, 1112, 32, 4, 2032, 0.026, 0, 0.000, 263, 0.003, 0.030
2335, 395.9, 36, 3, 35, 3960.0, 3004, 0.0, 0.0, 956, 32, 4, 2036, 0.026, 0, 0.000, 264, 0.004, 0.030
2337, 392.9, 36, 2, 35, 3580.0, 3038, 0.0, 0.0, 542, 32, 4, 2039, 0.026, 0, 0.000, 264, 0.004, 0.030
2339, 399.8, 36, 3, 35, 5230.0, 4600, 0.0, 0.0, 630, 32, 4, 2044, 0.027, 0, 0.000, 264, 0.004, 0.030
2341, 396.3, 36, 2, 35, 3660.0, 2982, 0.0, 0.0, 678, 32, 4, 2048, 0.027, 0, 0.000, 264, 0.004, 0.030
2343, 398.9, 36, 2, 35, 4182.0, 3502, 0.0, 0.0, 680, 32, 4, 2053, 0.027, 0, 0.000, 264, 0.004, 0.030
2344, 398.1, 36, 3, 35, 3954.0, 3134, 0.0, 0.0, 820, 32, 4, 2055, 0.027, 0, 0.000, 267, 0.004, 0.030
2346, 394.0, 36, 2, 35, 3870.0, 3436, 0.0, 0.0, 434, 32, 4, 2058, 0.027, 0, 0.000, 268, 0.004, 0.030
2348, 398.7, 36, 3, 35, 3626.0, 3192, 0.0, 0.0, 434, 32, 4, 2061, 0.027, 0, 0.000, 268, 0.004, 0.030
2350, 398.0, 36, 3, 35, 3238.0, 2742, 0.0, 0.0, 496, 32, 4, 2067, 0.027, 0, 0.000, 268, 0.004, 0.030
2352, 395.3, 36, 2, 35, 3332.0, 2764, 0.0, 0.0, 568, 32, 4, 2070, 0.027, 0, 0.000, 268, 0.004, 0.030
2354, 397.3, 36, 2, 35, 4386.0, 3804, 0.0, 0.0, 582, 32, 4, 2075, 0.027, 0, 0.000, 268, 0.004, 0.031
2356, 397.7, 36, 3, 35, 3630.0, 3056, 0.0, 0.0, 574, 32, 4, 2075, 0.027, 0, 0.000, 273, 0.004, 0.031
2357, 397.5, 36, 2, 35, 3106.0, 2846, 0.0, 0.0, 260, 32, 4, 2079, 0.027, 0, 0.000, 273, 0.004, 0.031
2359, 397.6, 36, 2, 35, 3548.0, 3274, 0.0, 0.0, 274, 32, 4, 2082, 0.027, 0, 0.000, 273, 0.004, 0.031
2361, 400.5, 36, 2, 35, 4110.0, 3828, 0.0, 0.0, 282, 32, 4, 2087, 0.027, 0, 0.000, 273, 0.004, 0.031
2363, 397.0, 36, 2, 35, 2988.0, 2706, 0.0, 0.0, 282, 32, 4, 2091, 0.027, 0, 0.000, 273, 0.004, 0.031
2365, 397.5, 36, 2, 35, 3114.0, 2816, 0.0, 0.0, 298, 32, 4, 2094, 0.027, 0, 0.000, 273, 0.004, 0.031
2367, 396.3, 36, 3, 35, 4476.0, 4176, 0.0, 0.0, 300, 32, 4, 2099, 0.027, 0, 0.000, 273, 0.004, 0.031
2369, 399.0, 36, 2, 35, 3404.0, 3094, 0.0, 0.0, 310, 32, 4, 2103, 0.027, 0, 0.000, 273, 0.004, 0.031
2371, 397.1, 36, 2, 35, 3616.0, 3296, 0.0, 0.0, 320, 32, 4, 2106, 0.027, 0, 0.000, 273, 0.004, 0.031
2372, 398.1, 36, 2, 35, 3768.0, 3448, 0.0, 0.0, 320, 32, 4, 2109, 0.027, 0, 0.000, 273, 0.004, 0.031
2374, 399.7, 36, 2, 35, 3518.0, 3188, 0.0, 0.0, 330, 32, 4, 2112, 0.027, 0, 0.000, 273, 0.004, 0.031
2376, 398.5, 36, 2, 35, 4558.0, 4222, 0.0, 0.0, 336, 32, 4, 2117, 0.027, 0, 0.000, 273, 0.004, 0.031
2378, 397.9, 36, 3, 35, 2972.0, 2614, 0.0, 0.0, 358, 32, 4, 2121, 0.028, 0, 0.000, 273, 0.004, 0.031
2380, 397.5, 36, 2, 35, 4508.0, 4138, 0.0, 0.0, 370, 32, 4, 2126, 0.028, 0, 0.000, 273, 0.004, 0.031
2382, 399.8, 36, 3, 35, 4996.0, 4602, 0.0, 0.0, 394, 32, 4, 2129, 0.028, 0, 0.000, 273, 0.004, 0.031
2384, 395.7, 36, 2, 35, 5354.0, 4950, 0.0, 0.0, 404, 32, 4, 2132, 0.028, 0, 0.000, 273, 0.004, 0.031
2386, 399.0, 36, 2, 35, 3486.0, 3068, 0.0, 0.0, 418, 32, 4, 2133, 0.028, 0, 0.000, 276, 0.004, 0.031
2387, 400.5, 36, 2, 35, 2972.0, 2530, 0.0, 0.0, 442, 32, 4, 2137, 0.028, 0, 0.000, 277, 0.004, 0.031
2389, 397.4, 36, 3, 35, 4140.0, 3814, 0.0, 0.0, 326, 32, 4, 2142, 0.028, 0, 0.000, 277, 0.004, 0.031
2391, 395.6, 36, 2, 35, 3216.0, 2722, 0.0, 0.0, 494, 32, 4, 2146, 0.028, 0, 0.000, 277, 0.004, 0.032
2393, 396.7, 36, 2, 35, 4720.0, 4206, 0.0, 0.0, 514, 32, 4, 2151, 0.028, 0, 0.000, 277, 0.004, 0.032
2395, 399.0, 36, 2, 35, 3356.0, 2802, 0.0, 0.0, 554, 32, 4, 2155, 0.028, 0, 0.000, 277, 0.004, 0.032
2397, 399.3, 36, 2, 35, 3674.0, 3106, 0.0, 0.0, 568, 32, 4, 2158, 0.028, 0, 0.000, 277, 0.004, 0.032
2399, 398.6, 36, 2, 35, 3740.0, 3172, 0.0, 0.0, 568, 32, 4, 2161, 0.028, 0, 0.000, 277, 0.004, 0.032
2401, 396.0, 36, 2, 35, 4588.0, 3984, 0.0, 0.0, 604, 32, 4, 2163, 0.028, 0, 0.000, 280, 0.004, 0.032
2403, 398.5, 36, 3, 35, 3108.0, 2830, 0.0, 0.0, 278, 32, 4, 2168, 0.028, 0, 0.000, 281, 0.004, 0.032
2405, 398.8, 36, 3, 35, 3136.0, 2846, 0.0, 0.0, 290, 32, 4, 2171, 0.028, 0, 0.000, 281, 0.004, 0.032
2406, 398.4, 36, 3, 35, 4798.0, 4490, 0.0, 0.0, 308, 32, 4, 2176, 0.028, 0, 0.000, 281, 0.004, 0.032
2408, 398.4, 36, 2, 35, 4540.0, 4228, 0.0, 0.0, 312, 32, 4, 2179, 0.028, 0, 0.000, 281, 0.004, 0.032
2410, 397.3, 36, 2, 35, 3182.0, 2854, 0.0, 0.0, 328, 32, 4, 2183, 0.028, 0, 0.000, 281, 0.004, 0.032
2412, 397.9, 36, 2, 35, 4248.0, 3876, 0.0, 0.0, 372, 32, 4, 2188, 0.028, 0, 0.000, 281, 0.004, 0.032
2414, 397.5, 36, 3, 35, 3352.0, 2966, 0.0, 0.0, 386, 32, 4, 2192, 0.028, 0, 0.000, 281, 0.004, 0.032
2416, 399.6, 36, 2, 35, 3738.0, 3340, 0.0, 0.0, 398, 32, 4, 2195, 0.028, 0, 0.000, 281, 0.004, 0.032
2418, 396.6, 36, 2, 35, 3908.0, 3438, 0.0, 0.0, 470, 32, 4, 2198, 0.029, 0, 0.000, 281, 0.004, 0.032
2419, 399.2, 36, 2, 35, 4518.0, 4042, 0.0, 0.0, 476, 32, 4, 2203, 0.029, 0, 0.000, 281, 0.004, 0.032
2421, 398.0, 36, 2, 35, 3144.0, 2638, 0.0, 0.0, 506, 32, 4, 2204, 0.029, 0, 0.000, 284, 0.004, 0.032
2423, 400.0, 36, 2, 35, 3350.0, 2834, 0.0, 0.0, 516, 32, 4, 2208, 0.029, 0, 0.000, 284, 0.004, 0.032
2425, 400.8, 36, 2, 35, 4484.0, 4196, 0.0, 0.0, 288, 32, 4, 2213, 0.029, 0, 0.000, 285, 0.004, 0.032
2427, 393.1, 36, 2, 35, 4846.0, 4554, 0.0, 0.0, 292, 32, 4, 2216, 0.029, 0, 0.000, 285, 0.004, 0.033
2429, 398.5, 36, 2, 35, 3004.0, 2702, 0.0, 0.0, 302, 32, 4, 2220, 0.029, 0, 0.000, 285, 0.004, 0.033
2431, 373.1, 36, 3, 35, 4652.0, 4350, 0.0, 0.0, 302, 32, 4, 2225, 0.029, 0, 0.000, 285, 0.004, 0.033
2433, 308.1, 36, 3, 35, 2646.0, 2330, 0.0, 0.0, 316, 32, 4, 2229, 0.029, 0, 0.000, 285, 0.004, 0.033
2435, 390.6, 36, 3, 35, 3154.0, 2770, 0.0, 0.0, 384, 32, 4, 2232, 0.029, 0, 0.000, 285, 0.004, 0.033
2437, 395.7, 36, 2, 35, 4638.0, 4118, 0.0, 0.0, 520, 32, 4, 2237, 0.029, 0, 0.000, 285, 0.004, 0.033
2438, 397.9, 36, 2, 35, 3494.0, 2808, 0.0, 0.0, 686, 32, 4, 2241, 0.029, 0, 0.000, 285, 0.004, 0.033
2440, 398.7, 36, 2, 35, 4564.0, 3760, 0.0, 0.0, 804, 32, 4, 2243, 0.029, 0, 0.000, 288, 0.004, 0.033
2442, 397.1, 36, 2, 35, 4876.0, 4152, 0.0, 0.0, 724, 32, 4, 2247, 0.029, 0, 0.000, 288, 0.004, 0.033
2444, 396.8, 36, 2, 35, 3166.0, 2716, 0.0, 0.0, 450, 32, 4, 2251, 0.029, 0, 0.000, 289, 0.004, 0.033
2446, 400.2, 36, 2, 35, 3590.0, 3114, 0.0, 0.0, 476, 32, 4, 2254, 0.029, 0, 0.000, 289, 0.004, 0.033
2448, 397.2, 36, 2, 35, 4686.0, 4198, 0.0, 0.0, 488, 32, 4, 2259, 0.029, 0, 0.000, 289, 0.004, 0.033
2450, 399.0, 36, 2, 35, 3240.0, 2736, 0.0, 0.0, 504, 32, 4, 2263, 0.029, 0, 0.000, 289, 0.004, 0.033
2451, 398.8, 36, 2, 35, 3808.0, 3284, 0.0, 0.0, 524, 32, 4, 2266, 0.029, 0, 0.000, 289, 0.004, 0.033
2453, 397.8, 36, 2, 35, 3480.0, 2936, 0.0, 0.0, 544, 32, 4, 2272, 0.029, 0, 0.000, 289, 0.004, 0.033
2455, 398.7, 36, 3, 35, 4478.0, 3934, 0.0, 0.0, 544, 32, 4, 2276, 0.030, 0, 0.000, 289, 0.004, 0.033
2457, 397.6, 36, 2, 35, 4580.0, 3878, 0.0, 0.0, 702, 32, 4, 2280, 0.030, 0, 0.000, 289, 0.004, 0.033
2459, 394.1, 36, 3, 35, 3928.0, 3030, 0.0, 0.0, 898, 32, 4, 2282, 0.030, 0, 0.000, 292, 0.004, 0.033
2461, 398.6, 36, 3, 35, 5060.0, 4168, 0.0, 0.0, 892, 32, 4, 2287, 0.030, 0, 0.000, 292, 0.004, 0.034
2463, 400.5, 36, 3, 35, 3202.0, 2514, 0.0, 0.0, 688, 32, 4, 2291, 0.030, 0, 0.000, 293, 0.004, 0.034
2464, 396.7, 36, 2, 35, 4644.0, 3758, 0.0, 0.0, 886, 32, 4, 2296, 0.030, 0, 0.000, 293, 0.004, 0.034
2466, 403.5, 36, 2, 35, 3778.0, 2712, 0.0, 0.0, 1066, 32, 4, 2300, 0.030, 0, 0.000, 293, 0.004, 0.034
2468, 400.4, 36, 2, 35, 3974.0, 2816, 0.0, 0.0, 1158, 32, 4, 2302, 0.030, 0, 0.000, 294, 0.004, 0.034
2470, 398.7, 36, 2, 35, 4620.0, 3762, 0.0, 0.0, 858, 32, 4, 2306, 0.030, 0, 0.000, 296, 0.004, 0.034
2472, 397.4, 36, 3, 35, 4930.0, 4568, 0.0, 0.0, 362, 32, 4, 2309, 0.030, 0, 0.000, 297, 0.004, 0.034
2474, 398.5, 36, 2, 35, 5398.0, 5036, 0.0, 0.0, 362, 32, 4, 2312, 0.030, 0, 0.000, 297, 0.004, 0.034
2476, 394.6, 36, 3, 35, 2936.0, 2526, 0.0, 0.0, 410, 32, 4, 2316, 0.030, 0, 0.000, 297, 0.004, 0.034
2477, 398.9, 36, 3, 35, 3182.0, 2772, 0.0, 0.0, 410, 32, 4, 2319, 0.030, 0, 0.000, 297, 0.004, 0.034
2479, 398.9, 36, 3, 35, 4476.0, 3954, 0.0, 0.0, 522, 32, 4, 2324, 0.030, 0, 0.000, 297, 0.004, 0.034
2481, 396.6, 36, 3, 35, 3336.0, 2800, 0.0, 0.0, 536, 32, 4, 2328, 0.030, 0, 0.000, 297, 0.004, 0.034
2483, 401.6, 36, 3, 35, 3552.0, 2912, 0.0, 0.0, 640, 32, 4, 2331, 0.030, 0, 0.000, 297, 0.004, 0.034
2485, 396.1, 36, 3, 35, 4564.0, 3922, 0.0, 0.0, 642, 32, 4, 2336, 0.030, 0, 0.000, 297, 0.004, 0.034
2487, 397.5, 36, 2, 35, 3648.0, 2892, 0.0, 0.0, 756, 32, 4, 2339, 0.030, 0, 0.000, 298, 0.004, 0.034
2489, 400.1, 36, 3, 35, 3704.0, 2948, 0.0, 0.0, 756, 32, 4, 2341, 0.030, 0, 0.000, 300, 0.004, 0.034
2490, 397.9, 36, 3, 35, 4640.0, 4192, 0.0, 0.0, 448, 32, 4, 2346, 0.030, 0, 0.000, 301, 0.004, 0.034
2492, 396.8, 36, 2, 35, 5488.0, 4978, 0.0, 0.0, 510, 32, 4, 2349, 0.030, 0, 0.000, 301, 0.004, 0.034
2494, 396.8, 36, 2, 35, 3508.0, 2936, 0.0, 0.0, 572, 32, 4, 2353, 0.031, 0, 0.000, 301, 0.004, 0.035
2496, 398.2, 36, 2, 35, 4732.0, 4146, 0.0, 0.0, 586, 32, 4, 2358, 0.031, 0, 0.000, 301, 0.004, 0.035
2498, 397.1, 36, 2, 35, 3140.0, 2542, 0.0, 0.0, 598, 32, 4, 2362, 0.031, 0, 0.000, 301, 0.004, 0.035
2500, 399.2, 36, 2, 35, 3104.0, 2506, 0.0, 0.0, 598, 32, 4, 2365, 0.031, 0, 0.000, 301, 0.004, 0.035
2502, 399.8, 36, 3, 35, 5064.0, 4452, 0.0, 0.0, 612, 32, 4, 2367, 0.031, 0, 0.000, 304, 0.004, 0.035
2504, 396.6, 36, 2, 35, 4954.0, 4356, 0.0, 0.0, 598, 32, 4, 2371, 0.031, 0, 0.000, 304, 0.004, 0.035
2505, 398.5, 36, 2, 35, 3764.0, 3168, 0.0, 0.0, 596, 32, 4, 2375, 0.031, 0, 0.000, 305, 0.004, 0.035
2507, 398.1, 36, 3, 35, 3982.0, 3638, 0.0, 0.0, 344, 32, 4, 2380, 0.031, 0, 0.000, 305, 0.004, 0.035
2509, 394.1, 36, 3, 35, 4456.0, 4112, 0.0, 0.0, 344, 32, 4, 2383, 0.031, 0, 0.000, 305, 0.004, 0.035
2511, 400.4, 36, 2, 35, 3362.0, 3006, 0.0, 0.0, 356, 32, 4, 2387, 0.031, 0, 0.000, 305, 0.004, 0.035
2513, 396.2, 36, 2, 35, 3920.0, 3544, 0.0, 0.0, 376, 32, 4, 2390, 0.031, 0, 0.000, 305, 0.004, 0.035
2515, 401.5, 36, 2, 35, 4126.0, 3746, 0.0, 0.0, 380, 32, 4, 2395, 0.031, 0, 0.000, 305, 0.004, 0.035
2517, 398.8, 36, 2, 35, 3336.0, 2888, 0.0, 0.0, 448, 32, 4, 2399, 0.031, 0, 0.000, 305, 0.004, 0.035
2519, 397.5, 36, 2, 35, 3670.0, 3222, 0.0, 0.0, 448, 32, 4, 2402, 0.031, 0, 0.000, 305, 0.004, 0.035
2521, 398.0, 36, 2, 35, 3888.0, 3440, 0.0, 0.0, 448, 32, 4, 2405, 0.031, 0, 0.000, 305, 0.004, 0.035
2523, 399.5, 36, 2, 35, 3996.0, 3530, 0.0, 0.0, 466, 32, 4, 2408, 0.031, 0, 0.000, 305, 0.004, 0.035
2524, 397.2, 36, 2, 35, 3514.0, 3048, 0.0, 0.0, 466, 32, 4, 2411, 0.031, 0, 0.000, 305, 0.004, 0.035
2526, 398.8, 36, 2, 35, 3304.0, 2816, 0.0, 0.0, 488, 32, 4, 2417, 0.031, 0, 0.000, 305, 0.004, 0.035
2528, 398.2, 36, 2, 35, 3564.0, 3064, 0.0, 0.0, 500, 32, 4, 2420, 0.031, 0, 0.000, 305, 0.004, 0.035
2530, 399.1, 36, 3, 35, 4536.0, 4024, 0.0, 0.0, 512, 32, 4, 2425, 0.031, 0, 0.000, 305, 0.004, 0.035
2532, 397.8, 36, 3, 35, 3520.0, 2986, 0.0, 0.0, 534, 32, 4, 2429, 0.031, 0, 0.000, 305, 0.004, 0.036
2534, 395.0, 36, 2, 35, 3510.0, 2976, 0.0, 0.0, 534, 32, 4, 2433, 0.032, 0, 0.000, 305, 0.004, 0.036
2536, 399.8, 36, 2, 35, 3386.0, 2830, 0.0, 0.0, 556, 32, 4, 2434, 0.032, 0, 0.000, 309, 0.004, 0.036
2538, 400.3, 36, 2, 35, 3224.0, 2678, 0.0, 0.0, 546, 32, 4, 2438, 0.032, 0, 0.000, 310, 0.004, 0.036
2540, 399.2, 36, 2, 35, 3112.0, 2842, 0.0, 0.0, 270, 32, 4, 2442, 0.032, 0, 0.000, 310, 0.004, 0.036
2542, 394.9, 36, 2, 35, 2870.0, 2594, 0.0, 0.0, 276, 32, 4, 2448, 0.032, 0, 0.000, 310, 0.004, 0.036
2543, 399.2, 36, 2, 35, 2952.0, 2664, 0.0, 0.0, 288, 32, 4, 2451, 0.032, 0, 0.000, 310, 0.004, 0.036
2545, 397.8, 36, 2, 35, 3326.0, 3038, 0.0, 0.0, 288, 32, 4, 2454, 0.032, 0, 0.000, 310, 0.004, 0.036
2547, 399.2, 36, 3, 35, 4210.0, 3908, 0.0, 0.0, 302, 32, 4, 2459, 0.032, 0, 0.000, 310, 0.004, 0.036
2549, 396.0, 36, 3, 35, 3208.0, 2876, 0.0, 0.0, 332, 32, 4, 2463, 0.032, 0, 0.000, 310, 0.004, 0.036
2551, 396.7, 36, 2, 35, 4392.0, 4042, 0.0, 0.0, 350, 32, 4, 2468, 0.032, 0, 0.000, 310, 0.004, 0.036
2553, 396.2, 36, 2, 35, 4302.0, 3934, 0.0, 0.0, 368, 32, 4, 2471, 0.032, 0, 0.000, 310, 0.004, 0.036
2555, 399.0, 36, 3, 35, 3328.0, 2862, 0.0, 0.0, 466, 32, 4, 2475, 0.032, 0, 0.000, 310, 0.004, 0.036
2557, 397.3, 36, 3, 35, 4818.0, 4270, 0.0, 0.0, 548, 32, 4, 2480, 0.032, 0, 0.000, 310, 0.004, 0.036
2558, 224.1, 36, 2, 35, 3764.0, 3194, 0.0, 0.0, 570, 32, 4, 2483, 0.032, 0, 0.000, 310, 0.004, 0.036
2560, 2.7, 36, 2, 35, 3764.0, 3194, 0.0, 0.0, 570, 32, 4, 2483, 0.032, 0, 0.000, 310, 0.004, 0.036
2561, 1.0, 36, 2, 35, 3764.0, 3194, 0.0, 0.0, 570, 32, 4, 2483, 0.032, 0, 0.000, 310, 0.004, 0.036
2562, 1.1, 36, 2, 35, 3764.0, 3194, 0.0, 0.0, 570, 32, 4, 2483, 0.032, 0, 0.000, 310, 0.004, 0.036
2563, 1.1, 36, 2, 35, 3764.0, 3194, 0.0, 0.0, 570, 32, 4, 2483, 0.032, 0, 0.000, 310, 0.004, 0.036
2565, 1.4, 36, 2, 35, 3764.0, 3194, 0.0, 0.0, 570, 32, 4, 2483, 0.032, 0, 0.000, 310, 0.004, 0.036
2566, 1.1, 36, 2, 35, 3764.0, 3194, 0.0, 0.0, 570, 32, 4, 2483, 0.032, 0, 0.000, 310, 0.004, 0.036
2567, 1.1, 36, 2, 35, 3764.0, 3194, 0.0, 0.0, 570, 32, 4, 2483, 0.032, 0, 0.000, 310, 0.004, 0.036
2568, 1.1, 36, 2, 35, 3764.0, 3194, 0.0, 0.0, 570, 32, 4, 2483, 0.032, 0, 0.000, 310, 0.004, 0.036
2569, 1.1, 36, 2, 35, 3764.0, 3194, 0.0, 0.0, 570, 32, 4, 2483, 0.032, 0, 0.000, 310, 0.004, 0.036
2571, 1.1, 36, 2, 35, 3764.0, 3194, 0.0, 0.0, 570, 32, 4, 2483, 0.032, 0, 0.000, 310, 0.004, 0.036
2572, 1.1, 36, 2, 35, 3764.0, 3194, 0.0, 0.0, 570, 32, 4, 2483, 0.032, 0, 0.000, 310, 0.004, 0.036
2573, 1.1, 36, 2, 35, 3764.0, 3194, 0.0, 0.0, 570, 32, 4, 2483, 0.032, 0, 0.000, 310, 0.004, 0.036
2574, 1.2, 36, 2, 35, 3764.0, 3194, 0.0, 0.0, 570, 32, 4, 2483, 0.032, 0, 0.000, 310, 0.004, 0.036
2576, 1.1, 36, 2, 35, 3764.0, 3194, 0.0, 0.0, 570, 32, 4, 2483, 0.032, 0, 0.000, 310, 0.004, 0.036
2577, 1.1, 36, 2, 35, 3764.0, 3194, 0.0, 0.0, 570, 32, 4, 2483, 0.032, 0, 0.000, 310, 0.004, 0.036
2578, 1.1, 36, 2, 35, 3764.0, 3194, 0.0, 0.0, 570, 32, 4, 2483, 0.032, 0, 0.000, 310, 0.004, 0.036
2579, 1.1, 36, 2, 35, 3764.0, 3194, 0.0, 0.0, 570, 32, 4, 2483, 0.032, 0, 0.000, 310, 0.004, 0.036
2581, 1.1, 36, 2, 35, 3764.0, 3194, 0.0, 0.0, 570, 32, 4, 2483, 0.032, 0, 0.000, 310, 0.004, 0.036
2582, 1.2, 36, 2, 35, 3764.0, 3194, 0.0, 0.0, 570, 32, 4, 2483, 0.032, 0, 0.000, 310, 0.004, 0.036
2583, 1.0, 36, 2, 35, 3764.0, 3194, 0.0, 0.0, 570, 32, 4, 2483, 0.032, 0, 0.000, 310, 0.004, 0.036
2584, 1.2, 36, 2, 35, 3764.0, 3194, 0.0, 0.0, 570, 32, 4, 2483, 0.032, 0, 0.000, 310, 0.004, 0.036
2586, 1.1, 36, 2, 35, 3764.0, 3194, 0.0, 0.0, 570, 32, 4, 2483, 0.032, 0, 0.000, 310, 0.004, 0.036
2587, 1.1, 36, 2, 35, 3764.0, 3194, 0.0, 0.0, 570, 32, 4, 2483, 0.032, 0, 0.000, 310, 0.004, 0.036
2588, 1.2, 32, 2, 31, 3764.0, 3194, 0.0, 0.0, 570, 32, 4, 2483, 0.032, 0, 0.000, 310, 0.004, 0.036
2589, 1.1, 32, 2, 31, 3764.0, 3194, 0.0, 0.0, 570, 32, 4, 2483, 0.032, 0, 0.000, 310, 0.004, 0.036
2591, 1.1, 32, 2, 31, 3764.0, 3194, 0.0, 0.0, 570, 32, 4, 2483, 0.032, 0, 0.000, 310, 0.004, 0.036
2592, 1.1, 32, 2, 31, 3764.0, 3194, 0.0, 0.0, 570, 32, 4, 2483, 0.032, 0, 0.000, 310, 0.004, 0.036
2593, 1.0, 32, 2, 31, 3764.0, 3194, 0.0, 0.0, 570, 32, 4, 2483, 0.032, 0, 0.000, 310, 0.004, 0.036
2594, 1.1, 32, 2, 31, 3764.0, 3194, 0.0, 0.0, 570, 32, 4, 2483, 0.032, 0, 0.000, 310, 0.004, 0.036
2596, 1.1, 32, 2, 31, 3764.0, 3194, 0.0, 0.0, 570, 32, 4, 2483, 0.032, 0, 0.000, 310, 0.004, 0.036
2597, 1.1, 32, 2, 31, 3764.0, 3194, 0.0, 0.0, 570, 32, 4, 2483, 0.032, 0, 0.000, 310, 0.004, 0.036
2598, 1.1, 32, 2, 31, 3764.0, 3194, 0.0, 0.0, 570, 32, 4, 2483, 0.032, 0, 0.000, 310, 0.004, 0.036
2599, 1.1, 32, 2, 31, 3764.0, 3194, 0.0, 0.0, 570, 32, 4, 2483, 0.032, 0, 0.000, 310, 0.004, 0.036
2601, 1.1, 32, 2, 31, 3764.0, 3194, 0.0, 0.0, 570, 32, 4, 2483, 0.032, 0, 0.000, 310, 0.004, 0.036
2602, 1.1, 32, 2, 31, 3764.0, 3194, 0.0, 0.0, 570, 32, 4, 2483, 0.032, 0, 0.000, 310, 0.004, 0.036
2603, 1.1, 32, 2, 31, 3764.0, 3194, 0.0, 0.0, 570, 32, 4, 2483, 0.032, 0, 0.000, 310, 0.004, 0.036
2604, 1.2, 32, 2, 31, 3764.0, 3194, 0.0, 0.0, 570, 32, 4, 2483, 0.032, 0, 0.000, 310, 0.004, 0.036
2606, 1.1, 32, 2, 31, 3764.0, 3194, 0.0, 0.0, 570, 32, 4, 2483, 0.032, 0, 0.000, 310, 0.004, 0.036
2607, 1.1, 32, 2, 31, 3764.0, 3194, 0.0, 0.0, 570, 32, 4, 2483, 0.032, 0, 0.000, 310, 0.004, 0.036
2608, 1.0, 32, 2, 31, 3764.0, 3194, 0.0, 0.0, 570, 32, 4, 2483, 0.032, 0, 0.000, 310, 0.004, 0.036
2609, 1.1, 32, 2, 31, 3764.0, 3194, 0.0, 0.0, 570, 32, 4, 2483, 0.032, 0, 0.000, 310, 0.004, 0.036
2611, 1.1, 32, 2, 31, 3764.0, 3194, 0.0, 0.0, 570, 32, 4, 2483, 0.032, 0, 0.000, 310, 0.004, 0.036
2612, 1.1, 32, 2, 31, 3764.0, 3194, 0.0, 0.0, 570, 32, 4, 2483, 0.032, 0, 0.000, 310, 0.004, 0.036
2613, 1.1, 32, 2, 31, 3764.0, 3194, 0.0, 0.0, 570, 32, 4, 2483, 0.032, 0, 0.000, 310, 0.004, 0.036
2614, 1.2, 32, 2, 31, 3764.0, 3194, 0.0, 0.0, 570, 32, 4, 2483, 0.032, 0, 0.000, 310, 0.004, 0.036
2616, 1.1, 32, 2, 31, 3764.0, 3194, 0.0, 0.0, 570, 32, 4, 2483, 0.032, 0, 0.000, 310, 0.004, 0.036
2617, 1.1, 32, 2, 31, 3764.0, 3194, 0.0, 0.0, 570, 32, 4, 2483, 0.032, 0, 0.000, 310, 0.004, 0.036
2618, 1.0, 32, 2, 31, 3764.0, 3194, 0.0, 0.0, 570, 32, 4, 2483, 0.032, 0, 0.000, 310, 0.004, 0.036
2619, 1.1, 32, 2, 31, 3764.0, 3194, 0.0, 0.0, 570, 32, 4, 2483, 0.032, 0, 0.000, 310, 0.004, 0.036
2620, 1.1, 32, 2, 31, 3764.0, 3194, 0.0, 0.0, 570, 32, 4, 2483, 0.032, 0, 0.000, 310, 0.004, 0.036
2622, 1.1, 32, 2, 31, 3764.0, 3194, 0.0, 0.0, 570, 32, 4, 2483, 0.032, 0, 0.000, 310, 0.004, 0.036
