elapsed_seconds, cpu_percentage, threads, stack_committed_mb, stack_reserved_mb, heap_used_mb, eden_mb, s0_kb, s1_kb, old_mb, meta_mb, compressed_class_mb, ygc, ygct, fgc, fgct, cgc, cgct, gct
2, 114.6, 25, 1, 25, 0.0, 0, 0.0, 0.0, 0, 0, 0, 0, 0.000, 0, 0.000, 0, 0.000, 0.000
3, 341.7, 26, 1, 25, 32.0, 32, 0.0, 0.0, 0, 21, 2, 0, 0.000, 0, 0.000, 5, 0.000, 0.000
4, 112.9, 41, 2, 40, 32.0, 32, 0.0, 0.0, 0, 21, 2, 0, 0.000, 0, 0.000, 5, 0.000, 0.000
6, 0.6, 41, 2, 40, 32.0, 32, 0.0, 0.0, 0, 21, 2, 0, 0.000, 0, 0.000, 5, 0.000, 0.000
7, 0.5, 41, 2, 40, 32.0, 32, 0.0, 0.0, 0, 21, 2, 0, 0.000, 0, 0.000, 5, 0.000, 0.000
8, 0.5, 41, 2, 40, 32.0, 32, 0.0, 0.0, 0, 21, 2, 0, 0.000, 0, 0.000, 5, 0.000, 0.000
9, 0.5, 40, 2, 39, 32.0, 32, 0.0, 0.0, 0, 21, 2, 0, 0.000, 0, 0.000, 5, 0.000, 0.000
11, 0.5, 40, 2, 39, 32.0, 32, 0.0, 0.0, 0, 21, 2, 0, 0.000, 0, 0.000, 5, 0.000, 0.000
12, 39.7, 134, 17, 161, 32.0, 32, 0.0, 0.0, 0, 21, 2, 0, 0.000, 0, 0.000, 5, 0.000, 0.000
13, 242.6, 233, 25, 232, 32.0, 32, 0.0, 0.0, 0, 21, 2, 0, 0.000, 0, 0.000, 5, 0.000, 0.000
15, 161.3, 233, 25, 232, 32.0, 32, 0.0, 0.0, 0, 21, 2, 0, 0.000, 0, 0.000, 5, 0.000, 0.000
16, 150.0, 233, 25, 231, 32.0, 32, 0.0, 0.0, 0, 21, 2, 0, 0.000, 0, 0.000, 5, 0.000, 0.000
17, 103.1, 233, 25, 232, 32.0, 32, 0.0, 0.0, 0, 21, 2, 0, 0.000, 0, 0.000, 5, 0.000, 0.000
19, 54.4, 232, 25, 231, 32.0, 32, 0.0, 0.0, 0, 21, 2, 0, 0.000, 0, 0.000, 5, 0.000, 0.000
20, 24.9, 232, 25, 231, 32.0, 32, 0.0, 0.0, 0, 21, 2, 0, 0.000, 0, 0.000, 5, 0.000, 0.000
21, 20.9, 232, 25, 231, 32.0, 32, 0.0, 0.0, 0, 21, 2, 0, 0.000, 0, 0.000, 5, 0.000, 0.000
22, 34.9, 232, 25, 231, 32.0, 32, 0.0, 0.0, 0, 21, 2, 0, 0.000, 0, 0.000, 5, 0.000, 0.000
24, 24.2, 232, 25, 231, 32.0, 32, 0.0, 0.0, 0, 21, 2, 0, 0.000, 0, 0.000, 5, 0.000, 0.000
25, 35.1, 232, 25, 231, 32.0, 32, 0.0, 0.0, 0, 21, 2, 0, 0.000, 0, 0.000, 5, 0.000, 0.000
26, 21.7, 232, 25, 231, 32.0, 32, 0.0, 0.0, 0, 21, 2, 0, 0.000, 0, 0.000, 5, 0.000, 0.000
27, 20.5, 232, 25, 231, 32.0, 32, 0.0, 0.0, 0, 21, 2, 0, 0.000, 0, 0.000, 5, 0.000, 0.000
29, 21.4, 232, 25, 231, 32.0, 32, 0.0, 0.0, 0, 21, 2, 0, 0.000, 0, 0.000, 5, 0.000, 0.000
30, 20.9, 232, 25, 231, 32.0, 32, 0.0, 0.0, 0, 21, 2, 0, 0.000, 0, 0.000, 5, 0.000, 0.000
31, 21.9, 232, 25, 231, 32.0, 32, 0.0, 0.0, 0, 21, 2, 0, 0.000, 0, 0.000, 5, 0.000, 0.000
32, 24.8, 232, 25, 231, 32.0, 32, 0.0, 0.0, 0, 21, 2, 0, 0.000, 0, 0.000, 5, 0.000, 0.000
33, 26.8, 232, 25, 231, 32.0, 32, 0.0, 0.0, 0, 21, 2, 0, 0.000, 0, 0.000, 5, 0.000, 0.000
35, 22.3, 232, 25, 231, 32.0, 32, 0.0, 0.0, 0, 21, 2, 0, 0.000, 0, 0.000, 5, 0.000, 0.000
36, 23.3, 232, 25, 231, 32.0, 32, 0.0, 0.0, 0, 21, 2, 0, 0.000, 0, 0.000, 5, 0.000, 0.000
37, 22.0, 232, 25, 231, 32.0, 32, 0.0, 0.0, 0, 21, 2, 0, 0.000, 0, 0.000, 5, 0.000, 0.000
38, 20.5, 232, 25, 231, 32.0, 32, 0.0, 0.0, 0, 21, 2, 0, 0.000, 0, 0.000, 5, 0.000, 0.000
40, 21.5, 232, 25, 231, 32.0, 32, 0.0, 0.0, 0, 21, 2, 0, 0.000, 0, 0.000, 5, 0.000, 0.000
41, 33.6, 232, 26, 232, 108.0, 108, 0.0, 0.0, 0, 32, 4, 0, 0.000, 0, 0.000, 10, 0.000, 0.000
42, 21.4, 232, 26, 232, 108.0, 108, 0.0, 0.0, 0, 32, 4, 0, 0.000, 0, 0.000, 10, 0.000, 0.000
43, 20.3, 232, 26, 232, 108.0, 108, 0.0, 0.0, 0, 32, 4, 0, 0.000, 0, 0.000, 10, 0.000, 0.000
45, 18.6, 232, 26, 232, 108.0, 108, 0.0, 0.0, 0, 32, 4, 0, 0.000, 0, 0.000, 10, 0.000, 0.000
46, 20.7, 232, 26, 232, 108.0, 108, 0.0, 0.0, 0, 32, 4, 0, 0.000, 0, 0.000, 10, 0.000, 0.000
47, 18.9, 232, 26, 232, 108.0, 108, 0.0, 0.0, 0, 32, 4, 0, 0.000, 0, 0.000, 10, 0.000, 0.000
48, 19.5, 232, 26, 232, 108.0, 108, 0.0, 0.0, 0, 32, 4, 0, 0.000, 0, 0.000, 10, 0.000, 0.000
50, 19.4, 232, 26, 232, 108.0, 108, 0.0, 0.0, 0, 32, 4, 0, 0.000, 0, 0.000, 10, 0.000, 0.000
51, 18.8, 232, 26, 232, 108.0, 108, 0.0, 0.0, 0, 32, 4, 0, 0.000, 0, 0.000, 10, 0.000, 0.000
52, 20.0, 232, 26, 232, 108.0, 108, 0.0, 0.0, 0, 32, 4, 0, 0.000, 0, 0.000, 10, 0.000, 0.000
53, 19.6, 232, 26, 232, 108.0, 108, 0.0, 0.0, 0, 32, 4, 0, 0.000, 0, 0.000, 10, 0.000, 0.000
55, 19.1, 232, 26, 232, 108.0, 108, 0.0, 0.0, 0, 32, 4, 0, 0.000, 0, 0.000, 10, 0.000, 0.000
56, 18.6, 232, 26, 232, 108.0, 108, 0.0, 0.0, 0, 32, 4, 0, 0.000, 0, 0.000, 10, 0.000, 0.000
57, 19.0, 232, 26, 232, 108.0, 108, 0.0, 0.0, 0, 32, 4, 0, 0.000, 0, 0.000, 10, 0.000, 0.000
58, 19.3, 232, 26, 232, 108.0, 108, 0.0, 0.0, 0, 32, 4, 0, 0.000, 0, 0.000, 10, 0.000, 0.000
59, 19.1, 232, 26, 232, 108.0, 108, 0.0, 0.0, 0, 32, 4, 0, 0.000, 0, 0.000, 10, 0.000, 0.000
61, 18.7, 232, 26, 232, 108.0, 108, 0.0, 0.0, 0, 32, 4, 0, 0.000, 0, 0.000, 10, 0.000, 0.000
62, 18.7, 232, 26, 232, 108.0, 108, 0.0, 0.0, 0, 32, 4, 0, 0.000, 0, 0.000, 10, 0.000, 0.000
63, 21.1, 232, 26, 232, 108.0, 108, 0.0, 0.0, 0, 32, 4, 0, 0.000, 0, 0.000, 10, 0.000, 0.000
64, 19.9, 232, 26, 232, 108.0, 108, 0.0, 0.0, 0, 32, 4, 0, 0.000, 0, 0.000, 10, 0.000, 0.000
66, 18.2, 232, 26, 232, 108.0, 108, 0.0, 0.0, 0, 32, 4, 0, 0.000, 0, 0.000, 10, 0.000, 0.000
67, 19.1, 232, 26, 232, 108.0, 108, 0.0, 0.0, 0, 32, 4, 0, 0.000, 0, 0.000, 10, 0.000, 0.000
68, 18.5, 232, 26, 232, 108.0, 108, 0.0, 0.0, 0, 32, 4, 0, 0.000, 0, 0.000, 10, 0.000, 0.000
69, 18.5, 232, 26, 232, 108.0, 108, 0.0, 0.0, 0, 32, 4, 0, 0.000, 0, 0.000, 10, 0.000, 0.000
71, 18.5, 232, 26, 232, 108.0, 108, 0.0, 0.0, 0, 32, 4, 0, 0.000, 0, 0.000, 10, 0.000, 0.000
72, 18.5, 232, 26, 232, 108.0, 108, 0.0, 0.0, 0, 32, 4, 0, 0.000, 0, 0.000, 10, 0.000, 0.000
73, 23.1, 233, 26, 233, 108.0, 108, 0.0, 0.0, 0, 32, 4, 0, 0.000, 0, 0.000, 10, 0.000, 0.000
74, 19.9, 233, 26, 233, 108.0, 108, 0.0, 0.0, 0, 32, 4, 0, 0.000, 0, 0.000, 10, 0.000, 0.000
75, 19.9, 233, 26, 233, 108.0, 108, 0.0, 0.0, 0, 32, 4, 0, 0.000, 0, 0.000, 10, 0.000, 0.000
77, 20.1, 233, 26, 233, 108.0, 108, 0.0, 0.0, 0, 32, 4, 0, 0.000, 0, 0.000, 10, 0.000, 0.000
78, 20.0, 233, 26, 233, 108.0, 108, 0.0, 0.0, 0, 32, 4, 0, 0.000, 0, 0.000, 10, 0.000, 0.000
79, 21.5, 233, 26, 233, 108.0, 108, 0.0, 0.0, 0, 32, 4, 0, 0.000, 0, 0.000, 10, 0.000, 0.000
80, 21.3, 233, 26, 233, 108.0, 108, 0.0, 0.0, 0, 32, 4, 0, 0.000, 0, 0.000, 10, 0.000, 0.000
82, 21.7, 233, 26, 233, 108.0, 108, 0.0, 0.0, 0, 32, 4, 0, 0.000, 0, 0.000, 10, 0.000, 0.000
83, 20.9, 233, 26, 233, 108.0, 108, 0.0, 0.0, 0, 32, 4, 0, 0.000, 0, 0.000, 10, 0.000, 0.000
84, 23.2, 233, 26, 233, 108.0, 108, 0.0, 0.0, 0, 32, 4, 0, 0.000, 0, 0.000, 10, 0.000, 0.000
85, 19.6, 233, 26, 233, 108.0, 108, 0.0, 0.0, 0, 32, 4, 0, 0.000, 0, 0.000, 10, 0.000, 0.000
87, 21.1, 233, 26, 233, 108.0, 108, 0.0, 0.0, 0, 32, 4, 0, 0.000, 0, 0.000, 10, 0.000, 0.000
88, 20.0, 233, 26, 233, 108.0, 108, 0.0, 0.0, 0, 32, 4, 0, 0.000, 0, 0.000, 10, 0.000, 0.000
89, 20.3, 233, 26, 233, 108.0, 108, 0.0, 0.0, 0, 32, 4, 0, 0.000, 0, 0.000, 10, 0.000, 0.000
90, 20.2, 233, 26, 233, 108.0, 108, 0.0, 0.0, 0, 32, 4, 0, 0.000, 0, 0.000, 10, 0.000, 0.000
92, 19.9, 233, 26, 233, 108.0, 108, 0.0, 0.0, 0, 32, 4, 0, 0.000, 0, 0.000, 10, 0.000, 0.000
93, 21.0, 233, 26, 233, 108.0, 108, 0.0, 0.0, 0, 32, 4, 0, 0.000, 0, 0.000, 10, 0.000, 0.000
94, 21.9, 233, 26, 233, 108.0, 108, 0.0, 0.0, 0, 32, 4, 0, 0.000, 0, 0.000, 10, 0.000, 0.000
95, 20.1, 233, 26, 233, 108.0, 108, 0.0, 0.0, 0, 32, 4, 0, 0.000, 0, 0.000, 10, 0.000, 0.000
97, 19.5, 233, 26, 233, 108.0, 108, 0.0, 0.0, 0, 32, 4, 0, 0.000, 0, 0.000, 10, 0.000, 0.000
98, 21.0, 233, 26, 233, 108.0, 108, 0.0, 0.0, 0, 32, 4, 0, 0.000, 0, 0.000, 10, 0.000, 0.000
99, 19.7, 233, 26, 233, 108.0, 108, 0.0, 0.0, 0, 32, 4, 0, 0.000, 0, 0.000, 10, 0.000, 0.000
100, 20.2, 233, 26, 233, 108.0, 108, 0.0, 0.0, 0, 32, 4, 0, 0.000, 0, 0.000, 10, 0.000, 0.000
101, 20.6, 233, 26, 233, 108.0, 108, 0.0, 0.0, 0, 32, 4, 0, 0.000, 0, 0.000, 10, 0.000, 0.000
103, 21.5, 233, 26, 233, 108.0, 108, 0.0, 0.0, 0, 32, 4, 0, 0.000, 0, 0.000, 10, 0.000, 0.000
104, 21.7, 233, 26, 233, 108.0, 108, 0.0, 0.0, 0, 32, 4, 0, 0.000, 0, 0.000, 10, 0.000, 0.000
105, 19.9, 233, 26, 233, 108.0, 108, 0.0, 0.0, 0, 32, 4, 0, 0.000, 0, 0.000, 10, 0.000, 0.000
106, 20.7, 233, 26, 233, 108.0, 108, 0.0, 0.0, 0, 32, 4, 0, 0.000, 0, 0.000, 10, 0.000, 0.000
108, 19.6, 233, 26, 233, 108.0, 108, 0.0, 0.0, 0, 32, 4, 0, 0.000, 0, 0.000, 10, 0.000, 0.000
109, 32.8, 233, 26, 233, 100.0, 56, 0.0, 0.0, 44, 32, 4, 0, 0.000, 0, 0.000, 15, 0.000, 0.000
110, 18.4, 233, 26, 233, 100.0, 56, 0.0, 0.0, 44, 32, 4, 0, 0.000, 0, 0.000, 15, 0.000, 0.000
111, 18.5, 233, 26, 233, 100.0, 56, 0.0, 0.0, 44, 32, 4, 0, 0.000, 0, 0.000, 15, 0.000, 0.000
113, 19.3, 233, 26, 233, 100.0, 56, 0.0, 0.0, 44, 32, 4, 0, 0.000, 0, 0.000, 15, 0.000, 0.000
114, 18.8, 233, 26, 233, 100.0, 56, 0.0, 0.0, 44, 32, 4, 0, 0.000, 0, 0.000, 15, 0.000, 0.000
115, 18.7, 233, 26, 233, 100.0, 56, 0.0, 0.0, 44, 32, 4, 0, 0.000, 0, 0.000, 15, 0.000, 0.000
116, 18.0, 233, 26, 233, 100.0, 56, 0.0, 0.0, 44, 32, 4, 0, 0.000, 0, 0.000, 15, 0.000, 0.000
117, 18.1, 233, 26, 233, 100.0, 56, 0.0, 0.0, 44, 32, 4, 0, 0.000, 0, 0.000, 15, 0.000, 0.000
119, 18.0, 233, 26, 233, 100.0, 56, 0.0, 0.0, 44, 32, 4, 0, 0.000, 0, 0.000, 15, 0.000, 0.000
120, 18.3, 233, 26, 233, 100.0, 56, 0.0, 0.0, 44, 32, 4, 0, 0.000, 0, 0.000, 15, 0.000, 0.000
121, 18.9, 233, 26, 233, 100.0, 56, 0.0, 0.0, 44, 32, 4, 0, 0.000, 0, 0.000, 15, 0.000, 0.000
122, 17.9, 233, 26, 233, 100.0, 56, 0.0, 0.0, 44, 32, 4, 0, 0.000, 0, 0.000, 15, 0.000, 0.000
124, 21.3, 233, 26, 233, 100.0, 56, 0.0, 0.0, 44, 32, 4, 0, 0.000, 0, 0.000, 15, 0.000, 0.000
125, 19.4, 233, 26, 233, 100.0, 56, 0.0, 0.0, 44, 32, 4, 0, 0.000, 0, 0.000, 15, 0.000, 0.000
126, 18.5, 233, 26, 233, 100.0, 56, 0.0, 0.0, 44, 32, 4, 0, 0.000, 0, 0.000, 15, 0.000, 0.000
127, 18.4, 233, 26, 233, 100.0, 56, 0.0, 0.0, 44, 32, 4, 0, 0.000, 0, 0.000, 15, 0.000, 0.000
129, 18.7, 233, 26, 233, 100.0, 56, 0.0, 0.0, 44, 32, 4, 0, 0.000, 0, 0.000, 15, 0.000, 0.000
130, 18.2, 233, 26, 233, 100.0, 56, 0.0, 0.0, 44, 32, 4, 0, 0.000, 0, 0.000, 15, 0.000, 0.000
131, 17.7, 233, 26, 233, 100.0, 56, 0.0, 0.0, 44, 32, 4, 0, 0.000, 0, 0.000, 15, 0.000, 0.000
132, 73.9, 1332, 102, 1337, 100.0, 56, 0.0, 0.0, 44, 32, 4, 0, 0.000, 0, 0.000, 15, 0.000, 0.000
134, 190.5, 2031, 148, 2039, 100.0, 56, 0.0, 0.0, 44, 32, 4, 0, 0.000, 0, 0.000, 15, 0.000, 0.000
135, 214.5, 2030, 149, 2038, 100.0, 56, 0.0, 0.0, 44, 32, 4, 0, 0.000, 0, 0.000, 15, 0.000, 0.000
137, 186.8, 2030, 149, 2038, 100.0, 56, 0.0, 0.0, 44, 32, 4, 0, 0.000, 0, 0.000, 15, 0.000, 0.000
138, 179.9, 2030, 150, 2038, 100.0, 56, 0.0, 0.0, 44, 32, 4, 0, 0.000, 0, 0.000, 15, 0.000, 0.000
140, 242.1, 2030, 163, 2046, 850.0, 806, 0.0, 0.0, 44, 32, 4, 0, 0.000, 0, 0.000, 20, 0.000, 0.000
141, 183.2, 2030, 174, 2046, 850.0, 806, 0.0, 0.0, 44, 32, 4, 0, 0.000, 0, 0.000, 20, 0.000, 0.000
143, 183.8, 2030, 174, 2046, 850.0, 806, 0.0, 0.0, 44, 32, 4, 0, 0.000, 0, 0.000, 20, 0.000, 0.000
144, 183.0, 2030, 174, 2046, 850.0, 806, 0.0, 0.0, 44, 32, 4, 0, 0.000, 0, 0.000, 20, 0.000, 0.000
146, 181.2, 2030, 174, 2046, 850.0, 806, 0.0, 0.0, 44, 32, 4, 0, 0.000, 0, 0.000, 20, 0.000, 0.000
147, 181.6, 2030, 175, 2046, 850.0, 806, 0.0, 0.0, 44, 32, 4, 0, 0.000, 0, 0.000, 20, 0.000, 0.000
149, 182.2, 2030, 175, 2046, 850.0, 806, 0.0, 0.0, 44, 32, 4, 0, 0.000, 0, 0.000, 20, 0.000, 0.000
150, 178.3, 2030, 175, 2046, 850.0, 806, 0.0, 0.0, 44, 32, 4, 0, 0.000, 0, 0.000, 20, 0.000, 0.000
152, 178.7, 2030, 175, 2046, 850.0, 806, 0.0, 0.0, 44, 32, 4, 0, 0.000, 0, 0.000, 20, 0.000, 0.000
153, 181.7, 2030, 175, 2046, 850.0, 806, 0.0, 0.0, 44, 32, 4, 0, 0.000, 0, 0.000, 20, 0.000, 0.000
154, 179.6, 2030, 175, 2046, 850.0, 806, 0.0, 0.0, 44, 32, 4, 0, 0.000, 0, 0.000, 20, 0.000, 0.000
156, 179.8, 2030, 176, 2046, 850.0, 806, 0.0, 0.0, 44, 32, 4, 0, 0.000, 0, 0.000, 20, 0.000, 0.000
157, 179.2, 2030, 176, 2046, 850.0, 806, 0.0, 0.0, 44, 32, 4, 0, 0.000, 0, 0.000, 20, 0.000, 0.000
159, 179.2, 2030, 176, 2046, 850.0, 806, 0.0, 0.0, 44, 32, 4, 0, 0.000, 0, 0.000, 20, 0.000, 0.000
160, 185.0, 2030, 176, 2046, 850.0, 806, 0.0, 0.0, 44, 32, 4, 0, 0.000, 0, 0.000, 20, 0.000, 0.000
162, 182.7, 2030, 176, 2046, 850.0, 806, 0.0, 0.0, 44, 32, 4, 0, 0.000, 0, 0.000, 20, 0.000, 0.000
163, 181.9, 2030, 176, 2046, 850.0, 806, 0.0, 0.0, 44, 32, 4, 0, 0.000, 0, 0.000, 20, 0.000, 0.000
165, 182.8, 2030, 176, 2046, 6878.0, 6834, 0.0, 0.0, 44, 32, 4, 1, 0.000, 0, 0.000, 20, 0.000, 0.000
166, 220.0, 2030, 176, 2046, 2306.0, 1974, 0.0, 0.0, 332, 32, 4, 3, 0.000, 0, 0.000, 20, 0.000, 0.000
168, 184.0, 2030, 176, 2046, 2306.0, 1974, 0.0, 0.0, 332, 32, 4, 3, 0.000, 0, 0.000, 20, 0.000, 0.000
169, 182.4, 2030, 176, 2046, 2306.0, 1974, 0.0, 0.0, 332, 32, 4, 3, 0.000, 0, 0.000, 20, 0.000, 0.000
171, 184.4, 2030, 176, 2046, 2306.0, 1974, 0.0, 0.0, 332, 32, 4, 3, 0.000, 0, 0.000, 20, 0.000, 0.000
172, 184.5, 2030, 176, 2046, 2306.0, 1974, 0.0, 0.0, 332, 32, 4, 3, 0.000, 0, 0.000, 20, 0.000, 0.000
174, 185.4, 2030, 176, 2046, 2306.0, 1974, 0.0, 0.0, 332, 32, 4, 3, 0.000, 0, 0.000, 20, 0.000, 0.000
175, 182.6, 2030, 176, 2046, 2306.0, 1974, 0.0, 0.0, 332, 32, 4, 3, 0.000, 0, 0.000, 20, 0.000, 0.000
177, 183.5, 2030, 176, 2046, 2306.0, 1974, 0.0, 0.0, 332, 32, 4, 3, 0.000, 0, 0.000, 20, 0.000, 0.000
178, 184.8, 2030, 176, 2046, 2306.0, 1974, 0.0, 0.0, 332, 32, 4, 3, 0.000, 0, 0.000, 20, 0.000, 0.000
179, 183.6, 2030, 176, 2046, 2306.0, 1974, 0.0, 0.0, 332, 32, 4, 3, 0.000, 0, 0.000, 20, 0.000, 0.000
181, 184.0, 2030, 176, 2046, 2306.0, 1974, 0.0, 0.0, 332, 32, 4, 3, 0.000, 0, 0.000, 20, 0.000, 0.000
182, 182.3, 2030, 176, 2046, 2306.0, 1974, 0.0, 0.0, 332, 32, 4, 3, 0.000, 0, 0.000, 20, 0.000, 0.000
184, 183.4, 2030, 176, 2046, 2306.0, 1974, 0.0, 0.0, 332, 32, 4, 3, 0.000, 0, 0.000, 20, 0.000, 0.000
185, 182.3, 2030, 176, 2046, 2306.0, 1974, 0.0, 0.0, 332, 32, 4, 3, 0.000, 0, 0.000, 20, 0.000, 0.000
187, 182.7, 2030, 176, 2046, 2306.0, 1974, 0.0, 0.0, 332, 32, 4, 3, 0.000, 0, 0.000, 20, 0.000, 0.000
188, 181.8, 2030, 176, 2046, 2306.0, 1974, 0.0, 0.0, 332, 32, 4, 3, 0.000, 0, 0.000, 20, 0.000, 0.000
190, 182.7, 2030, 176, 2046, 2306.0, 1974, 0.0, 0.0, 332, 32, 4, 3, 0.000, 0, 0.000, 20, 0.000, 0.000
191, 183.8, 2030, 176, 2046, 2306.0, 1974, 0.0, 0.0, 332, 32, 4, 3, 0.000, 0, 0.000, 20, 0.000, 0.000
193, 182.9, 2030, 176, 2046, 2306.0, 1974, 0.0, 0.0, 332, 32, 4, 3, 0.000, 0, 0.000, 20, 0.000, 0.000
194, 180.4, 2030, 176, 2046, 2306.0, 1974, 0.0, 0.0, 332, 32, 4, 3, 0.000, 0, 0.000, 20, 0.000, 0.000
196, 210.1, 2030, 176, 2046, 1808.0, 1460, 0.0, 0.0, 348, 32, 4, 6, 0.000, 0, 0.000, 20, 0.000, 0.000
197, 185.8, 2030, 176, 2046, 1808.0, 1460, 0.0, 0.0, 348, 32, 4, 6, 0.000, 0, 0.000, 20, 0.000, 0.000
198, 189.3, 2030, 176, 2046, 1670.0, 1322, 0.0, 0.0, 348, 32, 4, 6, 0.000, 0, 0.000, 21, 0.000, 0.000
200, 229.4, 2030, 176, 2046, 836.0, 450, 0.0, 0.0, 386, 32, 4, 6, 0.000, 0, 0.000, 25, 0.000, 0.000
201, 184.5, 2030, 176, 2046, 836.0, 450, 0.0, 0.0, 386, 32, 4, 6, 0.000, 0, 0.000, 25, 0.000, 0.000
203, 183.4, 2030, 176, 2046, 836.0, 450, 0.0, 0.0, 386, 32, 4, 6, 0.000, 0, 0.000, 25, 0.000, 0.000
204, 183.8, 2030, 176, 2046, 836.0, 450, 0.0, 0.0, 386, 32, 4, 6, 0.000, 0, 0.000, 25, 0.000, 0.000
206, 183.2, 2030, 176, 2046, 836.0, 450, 0.0, 0.0, 386, 32, 4, 6, 0.000, 0, 0.000, 25, 0.000, 0.000
207, 184.8, 2030, 176, 2046, 836.0, 450, 0.0, 0.0, 386, 32, 4, 6, 0.000, 0, 0.000, 25, 0.000, 0.000
209, 182.3, 2030, 176, 2046, 836.0, 450, 0.0, 0.0, 386, 32, 4, 6, 0.000, 0, 0.000, 25, 0.000, 0.000
210, 183.5, 2030, 176, 2046, 836.0, 450, 0.0, 0.0, 386, 32, 4, 6, 0.000, 0, 0.000, 25, 0.000, 0.000
212, 182.0, 2030, 176, 2046, 836.0, 450, 0.0, 0.0, 386, 32, 4, 6, 0.000, 0, 0.000, 25, 0.000, 0.000
213, 185.1, 2030, 176, 2046, 836.0, 450, 0.0, 0.0, 386, 32, 4, 6, 0.000, 0, 0.000, 25, 0.000, 0.000
215, 183.9, 2030, 176, 2046, 836.0, 450, 0.0, 0.0, 386, 32, 4, 6, 0.000, 0, 0.000, 25, 0.000, 0.000
216, 184.5, 2030, 176, 2046, 836.0, 450, 0.0, 0.0, 386, 32, 4, 6, 0.000, 0, 0.000, 25, 0.000, 0.000
218, 183.7, 2030, 176, 2046, 836.0, 450, 0.0, 0.0, 386, 32, 4, 6, 0.000, 0, 0.000, 25, 0.000, 0.000
219, 182.1, 2030, 176, 2046, 836.0, 450, 0.0, 0.0, 386, 32, 4, 6, 0.000, 0, 0.000, 25, 0.000, 0.000
221, 182.6, 2030, 176, 2046, 836.0, 450, 0.0, 0.0, 386, 32, 4, 6, 0.000, 0, 0.000, 25, 0.000, 0.000
222, 184.5, 2030, 176, 2046, 836.0, 450, 0.0, 0.0, 386, 32, 4, 6, 0.000, 0, 0.000, 25, 0.000, 0.000
223, 180.8, 2030, 176, 2046, 836.0, 450, 0.0, 0.0, 386, 32, 4, 6, 0.000, 0, 0.000, 25, 0.000, 0.000
225, 183.0, 2030, 176, 2046, 836.0, 450, 0.0, 0.0, 386, 32, 4, 6, 0.000, 0, 0.000, 25, 0.000, 0.000
226, 183.0, 2030, 176, 2046, 836.0, 450, 0.0, 0.0, 386, 32, 4, 6, 0.000, 0, 0.000, 25, 0.000, 0.000
228, 182.2, 2030, 176, 2046, 836.0, 450, 0.0, 0.0, 386, 32, 4, 6, 0.000, 0, 0.000, 25, 0.000, 0.000
229, 217.5, 2030, 176, 2046, 1820.0, 1460, 0.0, 0.0, 360, 32, 4, 9, 0.000, 0, 0.000, 25, 0.000, 0.000
231, 184.0, 2030, 176, 2046, 1820.0, 1460, 0.0, 0.0, 360, 32, 4, 9, 0.000, 0, 0.000, 25, 0.000, 0.000
232, 181.9, 2030, 176, 2046, 1820.0, 1460, 0.0, 0.0, 360, 32, 4, 9, 0.000, 0, 0.000, 25, 0.000, 0.000
234, 183.9, 2030, 176, 2046, 1820.0, 1460, 0.0, 0.0, 360, 32, 4, 9, 0.000, 0, 0.000, 25, 0.000, 0.000
235, 182.6, 2030, 176, 2046, 1820.0, 1460, 0.0, 0.0, 360, 32, 4, 9, 0.000, 0, 0.000, 25, 0.000, 0.000
237, 183.4, 2030, 176, 2046, 1820.0, 1460, 0.0, 0.0, 360, 32, 4, 9, 0.000, 0, 0.000, 25, 0.000, 0.000
238, 183.7, 2030, 176, 2046, 1820.0, 1460, 0.0, 0.0, 360, 32, 4, 9, 0.000, 0, 0.000, 25, 0.000, 0.000
240, 183.5, 2030, 176, 2046, 1820.0, 1460, 0.0, 0.0, 360, 32, 4, 9, 0.000, 0, 0.000, 25, 0.000, 0.000
241, 182.8, 2030, 176, 2046, 1820.0, 1460, 0.0, 0.0, 360, 32, 4, 9, 0.000, 0, 0.000, 25, 0.000, 0.000
242, 183.5, 2030, 176, 2046, 1820.0, 1460, 0.0, 0.0, 360, 32, 4, 9, 0.000, 0, 0.000, 25, 0.000, 0.000
244, 183.4, 2030, 176, 2046, 1820.0, 1460, 0.0, 0.0, 360, 32, 4, 9, 0.000, 0, 0.000, 25, 0.000, 0.000
245, 183.0, 2030, 176, 2046, 1820.0, 1460, 0.0, 0.0, 360, 32, 4, 9, 0.000, 0, 0.000, 25, 0.000, 0.000
247, 182.9, 2030, 176, 2046, 1820.0, 1460, 0.0, 0.0, 360, 32, 4, 9, 0.000, 0, 0.000, 25, 0.000, 0.000
248, 183.1, 2030, 176, 2046, 1820.0, 1460, 0.0, 0.0, 360, 32, 4, 9, 0.000, 0, 0.000, 25, 0.000, 0.000
250, 183.2, 2030, 176, 2046, 1820.0, 1460, 0.0, 0.0, 360, 32, 4, 9, 0.000, 0, 0.000, 25, 0.000, 0.000
251, 183.7, 2030, 176, 2046, 1820.0, 1460, 0.0, 0.0, 360, 32, 4, 9, 0.000, 0, 0.000, 25, 0.000, 0.000
253, 237.7, 2030, 177, 2046, 692.0, 332, 0.0, 0.0, 360, 32, 4, 9, 0.000, 0, 0.000, 30, 0.000, 0.000
254, 185.3, 2030, 177, 2046, 692.0, 332, 0.0, 0.0, 360, 32, 4, 9, 0.000, 0, 0.000, 30, 0.000, 0.000
256, 184.2, 2030, 177, 2046, 692.0, 332, 0.0, 0.0, 360, 32, 4, 9, 0.000, 0, 0.000, 30, 0.000, 0.000
257, 185.1, 2030, 177, 2046, 692.0, 332, 0.0, 0.0, 360, 32, 4, 9, 0.000, 0, 0.000, 30, 0.000, 0.000
259, 183.0, 2030, 177, 2046, 692.0, 332, 0.0, 0.0, 360, 32, 4, 9, 0.000, 0, 0.000, 30, 0.000, 0.000
260, 184.8, 2030, 177, 2046, 692.0, 332, 0.0, 0.0, 360, 32, 4, 9, 0.000, 0, 0.000, 30, 0.000, 0.000
262, 182.2, 2030, 177, 2046, 692.0, 332, 0.0, 0.0, 360, 32, 4, 9, 0.000, 0, 0.000, 30, 0.000, 0.000
263, 183.2, 2030, 177, 2046, 692.0, 332, 0.0, 0.0, 360, 32, 4, 9, 0.000, 0, 0.000, 30, 0.000, 0.000
264, 184.0, 2030, 177, 2046, 692.0, 332, 0.0, 0.0, 360, 32, 4, 9, 0.000, 0, 0.000, 30, 0.000, 0.000
266, 182.6, 2030, 177, 2046, 692.0, 332, 0.0, 0.0, 360, 32, 4, 9, 0.000, 0, 0.000, 30, 0.000, 0.000
267, 183.5, 2030, 177, 2046, 692.0, 332, 0.0, 0.0, 360, 32, 4, 9, 0.000, 0, 0.000, 30, 0.000, 0.000
269, 183.4, 2030, 177, 2046, 692.0, 332, 0.0, 0.0, 360, 32, 4, 9, 0.000, 0, 0.000, 30, 0.000, 0.000
270, 188.6, 2030, 177, 2046, 692.0, 332, 0.0, 0.0, 360, 32, 4, 9, 0.000, 0, 0.000, 30, 0.000, 0.000
272, 184.2, 2030, 177, 2046, 692.0, 332, 0.0, 0.0, 360, 32, 4, 9, 0.000, 0, 0.000, 30, 0.000, 0.000
273, 185.5, 2030, 177, 2046, 692.0, 332, 0.0, 0.0, 360, 32, 4, 9, 0.000, 0, 0.000, 30, 0.000, 0.000
275, 182.7, 2030, 177, 2046, 692.0, 332, 0.0, 0.0, 360, 32, 4, 9, 0.000, 0, 0.000, 30, 0.000, 0.000
276, 183.4, 2030, 177, 2046, 692.0, 332, 0.0, 0.0, 360, 32, 4, 9, 0.000, 0, 0.000, 30, 0.000, 0.000
278, 182.0, 2030, 177, 2046, 692.0, 332, 0.0, 0.0, 360, 32, 4, 9, 0.000, 0, 0.000, 30, 0.000, 0.000
279, 184.5, 2030, 177, 2046, 692.0, 332, 0.0, 0.0, 360, 32, 4, 9, 0.000, 0, 0.000, 30, 0.000, 0.000
281, 183.3, 2030, 177, 2046, 692.0, 332, 0.0, 0.0, 360, 32, 4, 9, 0.000, 0, 0.000, 30, 0.000, 0.000
282, 183.4, 2030, 177, 2046, 692.0, 332, 0.0, 0.0, 360, 32, 4, 9, 0.000, 0, 0.000, 30, 0.000, 0.000
283, 217.1, 2030, 177, 2046, 1344.0, 992, 0.0, 0.0, 352, 32, 4, 12, 0.000, 0, 0.000, 30, 0.000, 0.001
285, 183.7, 2030, 177, 2046, 1344.0, 992, 0.0, 0.0, 352, 32, 4, 12, 0.000, 0, 0.000, 30, 0.000, 0.001
286, 183.5, 2030, 177, 2046, 1344.0, 992, 0.0, 0.0, 352, 32, 4, 12, 0.000, 0, 0.000, 30, 0.000, 0.001
288, 183.6, 2030, 177, 2046, 1344.0, 992, 0.0, 0.0, 352, 32, 4, 12, 0.000, 0, 0.000, 30, 0.000, 0.001
289, 184.6, 2030, 177, 2046, 1344.0, 992, 0.0, 0.0, 352, 32, 4, 12, 0.000, 0, 0.000, 30, 0.000, 0.001
291, 183.5, 2030, 177, 2046, 1344.0, 992, 0.0, 0.0, 352, 32, 4, 12, 0.000, 0, 0.000, 30, 0.000, 0.001
292, 227.7, 2030, 177, 2046, 626.0, 274, 0.0, 0.0, 352, 32, 4, 12, 0.000, 0, 0.000, 35, 0.000, 0.001
294, 197.3, 2030, 177, 2046, 626.0, 274, 0.0, 0.0, 352, 32, 4, 12, 0.000, 0, 0.000, 35, 0.000, 0.001
295, 184.5, 2030, 177, 2046, 626.0, 274, 0.0, 0.0, 352, 32, 4, 12, 0.000, 0, 0.000, 35, 0.000, 0.001
297, 184.0, 2030, 177, 2046, 626.0, 274, 0.0, 0.0, 352, 32, 4, 12, 0.000, 0, 0.000, 35, 0.000, 0.001
298, 182.8, 2030, 177, 2046, 626.0, 274, 0.0, 0.0, 352, 32, 4, 12, 0.000, 0, 0.000, 35, 0.000, 0.001
300, 182.8, 2030, 177, 2046, 626.0, 274, 0.0, 0.0, 352, 32, 4, 12, 0.000, 0, 0.000, 35, 0.000, 0.001
301, 184.2, 2030, 177, 2046, 626.0, 274, 0.0, 0.0, 352, 32, 4, 12, 0.000, 0, 0.000, 35, 0.000, 0.001
303, 185.0, 2030, 177, 2046, 626.0, 274, 0.0, 0.0, 352, 32, 4, 12, 0.000, 0, 0.000, 35, 0.000, 0.001
304, 184.5, 2030, 177, 2046, 626.0, 274, 0.0, 0.0, 352, 32, 4, 12, 0.000, 0, 0.000, 35, 0.000, 0.001
305, 183.2, 2030, 177, 2046, 626.0, 274, 0.0, 0.0, 352, 32, 4, 12, 0.000, 0, 0.000, 35, 0.000, 0.001
307, 182.6, 2030, 177, 2046, 626.0, 274, 0.0, 0.0, 352, 32, 4, 12, 0.000, 0, 0.000, 35, 0.000, 0.001
308, 184.1, 2030, 177, 2046, 626.0, 274, 0.0, 0.0, 352, 32, 4, 12, 0.000, 0, 0.000, 35, 0.000, 0.001
310, 185.0, 2030, 178, 2046, 626.0, 274, 0.0, 0.0, 352, 32, 4, 12, 0.000, 0, 0.000, 35, 0.000, 0.001
311, 184.0, 2030, 178, 2046, 626.0, 274, 0.0, 0.0, 352, 32, 4, 12, 0.000, 0, 0.000, 35, 0.000, 0.001
313, 184.8, 2030, 178, 2046, 626.0, 274, 0.0, 0.0, 352, 32, 4, 12, 0.000, 0, 0.000, 35, 0.000, 0.001
314, 182.6, 2030, 178, 2046, 626.0, 274, 0.0, 0.0, 352, 32, 4, 12, 0.000, 0, 0.000, 35, 0.000, 0.001
316, 183.1, 2030, 178, 2046, 626.0, 274, 0.0, 0.0, 352, 32, 4, 12, 0.000, 0, 0.000, 35, 0.000, 0.001
317, 183.7, 2030, 178, 2046, 626.0, 274, 0.0, 0.0, 352, 32, 4, 12, 0.000, 0, 0.000, 35, 0.000, 0.001
319, 182.6, 2030, 178, 2046, 626.0, 274, 0.0, 0.0, 352, 32, 4, 12, 0.000, 0, 0.000, 35, 0.000, 0.001
320, 184.1, 2030, 178, 2046, 626.0, 274, 0.0, 0.0, 352, 32, 4, 12, 0.000, 0, 0.000, 35, 0.000, 0.001
322, 182.8, 2030, 178, 2046, 626.0, 274, 0.0, 0.0, 352, 32, 4, 12, 0.000, 0, 0.000, 35, 0.000, 0.001
323, 199.0, 2030, 178, 2046, 1182.0, 834, 0.0, 0.0, 348, 32, 4, 15, 0.000, 0, 0.000, 35, 0.000, 0.001
325, 186.7, 2030, 178, 2046, 1182.0, 834, 0.0, 0.0, 348, 32, 4, 15, 0.000, 0, 0.000, 35, 0.000, 0.001
326, 183.5, 2030, 178, 2046, 1182.0, 834, 0.0, 0.0, 348, 32, 4, 15, 0.000, 0, 0.000, 35, 0.000, 0.001
327, 185.7, 2030, 178, 2046, 972.0, 622, 0.0, 0.0, 350, 32, 4, 15, 0.000, 0, 0.000, 38, 0.000, 0.001
329, 217.6, 2030, 178, 2046, 566.0, 214, 0.0, 0.0, 352, 32, 4, 15, 0.000, 0, 0.000, 40, 0.000, 0.001
330, 183.1, 2030, 178, 2046, 566.0, 214, 0.0, 0.0, 352, 32, 4, 15, 0.000, 0, 0.000, 40, 0.000, 0.001
332, 183.5, 2030, 178, 2046, 566.0, 214, 0.0, 0.0, 352, 32, 4, 15, 0.000, 0, 0.000, 40, 0.000, 0.001
333, 182.2, 2030, 178, 2046, 566.0, 214, 0.0, 0.0, 352, 32, 4, 15, 0.000, 0, 0.000, 40, 0.000, 0.001
335, 183.6, 2030, 178, 2046, 566.0, 214, 0.0, 0.0, 352, 32, 4, 15, 0.000, 0, 0.000, 40, 0.000, 0.001
336, 182.2, 2030, 178, 2046, 566.0, 214, 0.0, 0.0, 352, 32, 4, 15, 0.000, 0, 0.000, 40, 0.000, 0.001
338, 182.6, 2030, 178, 2046, 566.0, 214, 0.0, 0.0, 352, 32, 4, 15, 0.000, 0, 0.000, 40, 0.000, 0.001
339, 185.1, 2030, 178, 2046, 566.0, 214, 0.0, 0.0, 352, 32, 4, 15, 0.000, 0, 0.000, 40, 0.000, 0.001
341, 183.2, 2030, 178, 2046, 566.0, 214, 0.0, 0.0, 352, 32, 4, 15, 0.000, 0, 0.000, 40, 0.000, 0.001
342, 184.4, 2030, 178, 2046, 566.0, 214, 0.0, 0.0, 352, 32, 4, 15, 0.000, 0, 0.000, 40, 0.000, 0.001
344, 183.8, 2030, 178, 2046, 566.0, 214, 0.0, 0.0, 352, 32, 4, 15, 0.000, 0, 0.000, 40, 0.000, 0.001
345, 183.5, 2030, 178, 2046, 566.0, 214, 0.0, 0.0, 352, 32, 4, 15, 0.000, 0, 0.000, 40, 0.000, 0.001
346, 183.6, 2030, 178, 2046, 566.0, 214, 0.0, 0.0, 352, 32, 4, 15, 0.000, 0, 0.000, 40, 0.000, 0.001
348, 183.2, 2030, 178, 2046, 566.0, 214, 0.0, 0.0, 352, 32, 4, 15, 0.000, 0, 0.000, 40, 0.000, 0.001
349, 185.1, 2030, 178, 2046, 566.0, 214, 0.0, 0.0, 352, 32, 4, 15, 0.000, 0, 0.000, 40, 0.000, 0.001
351, 184.7, 2030, 178, 2046, 566.0, 214, 0.0, 0.0, 352, 32, 4, 15, 0.000, 0, 0.000, 40, 0.000, 0.001
352, 183.8, 2030, 178, 2046, 566.0, 214, 0.0, 0.0, 352, 32, 4, 15, 0.000, 0, 0.000, 40, 0.000, 0.001
354, 183.5, 2030, 178, 2046, 566.0, 214, 0.0, 0.0, 352, 32, 4, 15, 0.000, 0, 0.000, 40, 0.000, 0.001
355, 183.5, 2030, 178, 2046, 566.0, 214, 0.0, 0.0, 352, 32, 4, 15, 0.000, 0, 0.000, 40, 0.000, 0.001
357, 182.6, 2030, 178, 2046, 566.0, 214, 0.0, 0.0, 352, 32, 4, 15, 0.000, 0, 0.000, 40, 0.000, 0.001
358, 184.3, 2030, 178, 2046, 566.0, 214, 0.0, 0.0, 352, 32, 4, 15, 0.000, 0, 0.000, 40, 0.000, 0.001
360, 215.6, 2030, 178, 2046, 1212.0, 862, 0.0, 0.0, 350, 32, 4, 18, 0.000, 0, 0.000, 40, 0.000, 0.001
361, 186.3, 2030, 178, 2046, 1212.0, 862, 0.0, 0.0, 350, 32, 4, 18, 0.000, 0, 0.000, 40, 0.000, 0.001
363, 183.9, 2030, 178, 2046, 1212.0, 862, 0.0, 0.0, 350, 32, 4, 18, 0.000, 0, 0.000, 40, 0.000, 0.001
364, 233.3, 2030, 178, 2046, 538.0, 186, 0.0, 0.0, 352, 32, 4, 18, 0.000, 0, 0.000, 45, 0.001, 0.001
366, 184.5, 2030, 178, 2046, 538.0, 186, 0.0, 0.0, 352, 32, 4, 18, 0.000, 0, 0.000, 45, 0.001, 0.001
367, 183.7, 2030, 178, 2046, 538.0, 186, 0.0, 0.0, 352, 32, 4, 18, 0.000, 0, 0.000, 45, 0.001, 0.001
368, 184.3, 2030, 178, 2046, 538.0, 186, 0.0, 0.0, 352, 32, 4, 18, 0.000, 0, 0.000, 45, 0.001, 0.001
370, 184.8, 2030, 178, 2046, 538.0, 186, 0.0, 0.0, 352, 32, 4, 18, 0.000, 0, 0.000, 45, 0.001, 0.001
371, 183.0, 2030, 178, 2046, 538.0, 186, 0.0, 0.0, 352, 32, 4, 18, 0.000, 0, 0.000, 45, 0.001, 0.001
373, 182.9, 2030, 178, 2046, 538.0, 186, 0.0, 0.0, 352, 32, 4, 18, 0.000, 0, 0.000, 45, 0.001, 0.001
374, 184.0, 2030, 178, 2046, 538.0, 186, 0.0, 0.0, 352, 32, 4, 18, 0.000, 0, 0.000, 45, 0.001, 0.001
376, 183.7, 2030, 178, 2046, 538.0, 186, 0.0, 0.0, 352, 32, 4, 18, 0.000, 0, 0.000, 45, 0.001, 0.001
377, 184.7, 2030, 178, 2046, 538.0, 186, 0.0, 0.0, 352, 32, 4, 18, 0.000, 0, 0.000, 45, 0.001, 0.001
379, 184.1, 2030, 178, 2046, 538.0, 186, 0.0, 0.0, 352, 32, 4, 18, 0.000, 0, 0.000, 45, 0.001, 0.001
380, 184.3, 2030, 178, 2046, 538.0, 186, 0.0, 0.0, 352, 32, 4, 18, 0.000, 0, 0.000, 45, 0.001, 0.001
382, 183.5, 2030, 178, 2046, 538.0, 186, 0.0, 0.0, 352, 32, 4, 18, 0.000, 0, 0.000, 45, 0.001, 0.001
383, 185.2, 2030, 178, 2046, 538.0, 186, 0.0, 0.0, 352, 32, 4, 18, 0.000, 0, 0.000, 45, 0.001, 0.001
385, 183.9, 2030, 178, 2046, 538.0, 186, 0.0, 0.0, 352, 32, 4, 18, 0.000, 0, 0.000, 45, 0.001, 0.001
386, 183.9, 2030, 178, 2046, 538.0, 186, 0.0, 0.0, 352, 32, 4, 18, 0.000, 0, 0.000, 45, 0.001, 0.001
387, 183.3, 2030, 178, 2046, 538.0, 186, 0.0, 0.0, 352, 32, 4, 18, 0.000, 0, 0.000, 45, 0.001, 0.001
389, 185.0, 2030, 178, 2046, 538.0, 186, 0.0, 0.0, 352, 32, 4, 18, 0.000, 0, 0.000, 45, 0.001, 0.001
390, 183.8, 2030, 178, 2046, 538.0, 186, 0.0, 0.0, 352, 32, 4, 18, 0.000, 0, 0.000, 45, 0.001, 0.001
392, 183.9, 2030, 178, 2046, 538.0, 186, 0.0, 0.0, 352, 32, 4, 18, 0.000, 0, 0.000, 45, 0.001, 0.001
393, 183.9, 2030, 178, 2046, 538.0, 186, 0.0, 0.0, 352, 32, 4, 18, 0.000, 0, 0.000, 45, 0.001, 0.001
395, 206.6, 2030, 178, 2046, 1122.0, 776, 0.0, 0.0, 346, 32, 4, 21, 0.000, 0, 0.000, 45, 0.001, 0.001
396, 189.2, 2030, 178, 2046, 1122.0, 776, 0.0, 0.0, 346, 32, 4, 21, 0.000, 0, 0.000, 45, 0.001, 0.001
398, 184.2, 2030, 178, 2046, 1122.0, 776, 0.0, 0.0, 346, 32, 4, 21, 0.000, 0, 0.000, 45, 0.001, 0.001
399, 234.5, 2030, 178, 2046, 494.0, 146, 0.0, 0.0, 348, 32, 4, 21, 0.000, 0, 0.000, 50, 0.001, 0.001
401, 187.1, 2030, 178, 2046, 494.0, 146, 0.0, 0.0, 348, 32, 4, 21, 0.000, 0, 0.000, 50, 0.001, 0.001
402, 185.6, 2030, 178, 2046, 494.0, 146, 0.0, 0.0, 348, 32, 4, 21, 0.000, 0, 0.000, 50, 0.001, 0.001
404, 183.3, 2030, 178, 2046, 494.0, 146, 0.0, 0.0, 348, 32, 4, 21, 0.000, 0, 0.000, 50, 0.001, 0.001
405, 184.7, 2030, 178, 2046, 494.0, 146, 0.0, 0.0, 348, 32, 4, 21, 0.000, 0, 0.000, 50, 0.001, 0.001
406, 184.8, 2030, 178, 2046, 494.0, 146, 0.0, 0.0, 348, 32, 4, 21, 0.000, 0, 0.000, 50, 0.001, 0.001
408, 183.8, 2030, 178, 2046, 494.0, 146, 0.0, 0.0, 348, 32, 4, 21, 0.000, 0, 0.000, 50, 0.001, 0.001
409, 183.3, 2030, 178, 2046, 494.0, 146, 0.0, 0.0, 348, 32, 4, 21, 0.000, 0, 0.000, 50, 0.001, 0.001
411, 184.0, 2030, 178, 2046, 494.0, 146, 0.0, 0.0, 348, 32, 4, 21, 0.000, 0, 0.000, 50, 0.001, 0.001
412, 183.4, 2030, 178, 2046, 494.0, 146, 0.0, 0.0, 348, 32, 4, 21, 0.000, 0, 0.000, 50, 0.001, 0.001
414, 185.0, 2030, 178, 2046, 494.0, 146, 0.0, 0.0, 348, 32, 4, 21, 0.000, 0, 0.000, 50, 0.001, 0.001
415, 183.5, 2030, 178, 2046, 494.0, 146, 0.0, 0.0, 348, 32, 4, 21, 0.000, 0, 0.000, 50, 0.001, 0.001
417, 183.7, 2030, 178, 2046, 494.0, 146, 0.0, 0.0, 348, 32, 4, 21, 0.000, 0, 0.000, 50, 0.001, 0.001
418, 184.1, 2030, 178, 2046, 494.0, 146, 0.0, 0.0, 348, 32, 4, 21, 0.000, 0, 0.000, 50, 0.001, 0.001
420, 183.9, 2030, 178, 2046, 494.0, 146, 0.0, 0.0, 348, 32, 4, 21, 0.000, 0, 0.000, 50, 0.001, 0.001
421, 184.7, 2030, 178, 2046, 494.0, 146, 0.0, 0.0, 348, 32, 4, 21, 0.000, 0, 0.000, 50, 0.001, 0.001
423, 183.5, 2030, 178, 2046, 494.0, 146, 0.0, 0.0, 348, 32, 4, 21, 0.000, 0, 0.000, 50, 0.001, 0.001
424, 183.8, 2030, 178, 2046, 494.0, 146, 0.0, 0.0, 348, 32, 4, 21, 0.000, 0, 0.000, 50, 0.001, 0.001
426, 183.2, 2030, 178, 2046, 494.0, 146, 0.0, 0.0, 348, 32, 4, 21, 0.000, 0, 0.000, 50, 0.001, 0.001
427, 184.7, 2030, 178, 2046, 494.0, 146, 0.0, 0.0, 348, 32, 4, 21, 0.000, 0, 0.000, 50, 0.001, 0.001
428, 217.6, 2030, 178, 2046, 516.0, 170, 0.0, 0.0, 346, 32, 4, 21, 0.000, 0, 0.000, 55, 0.001, 0.001
430, 199.6, 2030, 178, 2046, 516.0, 170, 0.0, 0.0, 346, 32, 4, 21, 0.000, 0, 0.000, 55, 0.001, 0.001
431, 183.8, 2030, 178, 2046, 516.0, 170, 0.0, 0.0, 346, 32, 4, 21, 0.000, 0, 0.000, 55, 0.001, 0.001
433, 183.8, 2030, 178, 2046, 516.0, 170, 0.0, 0.0, 346, 32, 4, 21, 0.000, 0, 0.000, 55, 0.001, 0.001
434, 184.6, 2030, 178, 2046, 516.0, 170, 0.0, 0.0, 346, 32, 4, 21, 0.000, 0, 0.000, 55, 0.001, 0.001
436, 184.4, 2030, 178, 2046, 516.0, 170, 0.0, 0.0, 346, 32, 4, 21, 0.000, 0, 0.000, 55, 0.001, 0.001
437, 184.7, 2030, 178, 2046, 516.0, 170, 0.0, 0.0, 346, 32, 4, 21, 0.000, 0, 0.000, 55, 0.001, 0.001
439, 182.9, 2030, 178, 2046, 516.0, 170, 0.0, 0.0, 346, 32, 4, 21, 0.000, 0, 0.000, 55, 0.001, 0.001
440, 184.6, 2030, 178, 2046, 516.0, 170, 0.0, 0.0, 346, 32, 4, 21, 0.000, 0, 0.000, 55, 0.001, 0.001
442, 185.7, 2030, 178, 2046, 516.0, 170, 0.0, 0.0, 346, 32, 4, 21, 0.000, 0, 0.000, 55, 0.001, 0.001
443, 185.5, 2030, 178, 2046, 516.0, 170, 0.0, 0.0, 346, 32, 4, 21, 0.000, 0, 0.000, 55, 0.001, 0.001
445, 185.0, 2030, 178, 2046, 516.0, 170, 0.0, 0.0, 346, 32, 4, 21, 0.000, 0, 0.000, 55, 0.001, 0.001
446, 183.5, 2030, 178, 2046, 516.0, 170, 0.0, 0.0, 346, 32, 4, 21, 0.000, 0, 0.000, 55, 0.001, 0.001
447, 184.8, 2030, 178, 2046, 516.0, 170, 0.0, 0.0, 346, 32, 4, 21, 0.000, 0, 0.000, 55, 0.001, 0.001
449, 182.1, 2030, 178, 2046, 516.0, 170, 0.0, 0.0, 346, 32, 4, 21, 0.000, 0, 0.000, 55, 0.001, 0.001
450, 184.7, 2030, 178, 2046, 516.0, 170, 0.0, 0.0, 346, 32, 4, 21, 0.000, 0, 0.000, 55, 0.001, 0.001
452, 184.8, 2030, 178, 2046, 516.0, 170, 0.0, 0.0, 346, 32, 4, 21, 0.000, 0, 0.000, 55, 0.001, 0.001
453, 186.4, 2030, 178, 2046, 516.0, 170, 0.0, 0.0, 346, 32, 4, 21, 0.000, 0, 0.000, 55, 0.001, 0.001
455, 185.0, 2030, 178, 2046, 516.0, 170, 0.0, 0.0, 346, 32, 4, 21, 0.000, 0, 0.000, 55, 0.001, 0.001
456, 183.6, 2030, 178, 2046, 516.0, 170, 0.0, 0.0, 346, 32, 4, 21, 0.000, 0, 0.000, 55, 0.001, 0.001
458, 185.7, 2030, 178, 2046, 516.0, 170, 0.0, 0.0, 346, 32, 4, 21, 0.000, 0, 0.000, 55, 0.001, 0.001
459, 184.7, 2030, 178, 2046, 7750.0, 7404, 0.0, 0.0, 346, 32, 4, 22, 0.000, 0, 0.000, 55, 0.001, 0.001
461, 208.8, 2030, 178, 2046, 1008.0, 662, 0.0, 0.0, 346, 32, 4, 24, 0.000, 0, 0.000, 55, 0.001, 0.001
462, 184.5, 2030, 178, 2046, 1008.0, 662, 0.0, 0.0, 346, 32, 4, 24, 0.000, 0, 0.000, 55, 0.001, 0.001
464, 200.1, 2030, 178, 2046, 488.0, 142, 0.0, 0.0, 346, 32, 4, 24, 0.000, 0, 0.000, 60, 0.001, 0.001
465, 201.5, 2030, 178, 2046, 488.0, 142, 0.0, 0.0, 346, 32, 4, 24, 0.000, 0, 0.000, 60, 0.001, 0.001
467, 185.2, 2030, 178, 2046, 488.0, 142, 0.0, 0.0, 346, 32, 4, 24, 0.000, 0, 0.000, 60, 0.001, 0.001
468, 183.7, 2030, 178, 2046, 488.0, 142, 0.0, 0.0, 346, 32, 4, 24, 0.000, 0, 0.000, 60, 0.001, 0.001
469, 184.7, 2030, 178, 2046, 488.0, 142, 0.0, 0.0, 346, 32, 4, 24, 0.000, 0, 0.000, 60, 0.001, 0.001
471, 185.2, 2030, 178, 2046, 488.0, 142, 0.0, 0.0, 346, 32, 4, 24, 0.000, 0, 0.000, 60, 0.001, 0.001
472, 184.3, 2030, 178, 2046, 488.0, 142, 0.0, 0.0, 346, 32, 4, 24, 0.000, 0, 0.000, 60, 0.001, 0.001
474, 183.9, 2030, 178, 2046, 488.0, 142, 0.0, 0.0, 346, 32, 4, 24, 0.000, 0, 0.000, 60, 0.001, 0.001
475, 185.5, 2030, 178, 2046, 488.0, 142, 0.0, 0.0, 346, 32, 4, 24, 0.000, 0, 0.000, 60, 0.001, 0.001
477, 184.9, 2030, 178, 2046, 488.0, 142, 0.0, 0.0, 346, 32, 4, 24, 0.000, 0, 0.000, 60, 0.001, 0.001
478, 183.9, 2030, 178, 2046, 488.0, 142, 0.0, 0.0, 346, 32, 4, 24, 0.000, 0, 0.000, 60, 0.001, 0.001
480, 184.2, 2030, 178, 2046, 488.0, 142, 0.0, 0.0, 346, 32, 4, 24, 0.000, 0, 0.000, 60, 0.001, 0.001
481, 185.0, 2030, 178, 2046, 488.0, 142, 0.0, 0.0, 346, 32, 4, 24, 0.000, 0, 0.000, 60, 0.001, 0.001
483, 183.8, 2030, 178, 2046, 488.0, 142, 0.0, 0.0, 346, 32, 4, 24, 0.000, 0, 0.000, 60, 0.001, 0.001
484, 184.5, 2030, 178, 2046, 488.0, 142, 0.0, 0.0, 346, 32, 4, 24, 0.000, 0, 0.000, 60, 0.001, 0.001
486, 183.4, 2030, 178, 2046, 488.0, 142, 0.0, 0.0, 346, 32, 4, 24, 0.000, 0, 0.000, 60, 0.001, 0.001
487, 184.5, 2030, 178, 2046, 488.0, 142, 0.0, 0.0, 346, 32, 4, 24, 0.000, 0, 0.000, 60, 0.001, 0.001
489, 185.2, 2030, 178, 2046, 488.0, 142, 0.0, 0.0, 346, 32, 4, 24, 0.000, 0, 0.000, 60, 0.001, 0.001
490, 182.9, 2030, 178, 2046, 488.0, 142, 0.0, 0.0, 346, 32, 4, 24, 0.000, 0, 0.000, 60, 0.001, 0.001
491, 188.8, 2030, 178, 2046, 488.0, 142, 0.0, 0.0, 346, 32, 4, 24, 0.000, 0, 0.000, 60, 0.001, 0.001
493, 183.9, 2030, 178, 2046, 488.0, 142, 0.0, 0.0, 346, 32, 4, 24, 0.000, 0, 0.000, 60, 0.001, 0.001
494, 184.7, 2030, 178, 2046, 488.0, 142, 0.0, 0.0, 346, 32, 4, 24, 0.000, 0, 0.000, 60, 0.001, 0.001
496, 217.6, 2030, 178, 2046, 978.0, 632, 0.0, 0.0, 346, 32, 4, 27, 0.000, 0, 0.000, 60, 0.001, 0.001
497, 185.0, 2030, 178, 2046, 978.0, 632, 0.0, 0.0, 346, 32, 4, 27, 0.000, 0, 0.000, 60, 0.001, 0.001
499, 185.0, 2030, 178, 2046, 834.0, 486, 0.0, 0.0, 348, 32, 4, 27, 0.000, 0, 0.000, 63, 0.001, 0.001
500, 216.7, 2030, 178, 2046, 534.0, 186, 0.0, 0.0, 348, 32, 4, 27, 0.000, 0, 0.000, 65, 0.001, 0.001
502, 185.3, 2030, 178, 2046, 534.0, 186, 0.0, 0.0, 348, 32, 4, 27, 0.000, 0, 0.000, 65, 0.001, 0.001
503, 184.7, 2030, 178, 2046, 534.0, 186, 0.0, 0.0, 348, 32, 4, 27, 0.000, 0, 0.000, 65, 0.001, 0.001
505, 185.5, 2030, 178, 2046, 534.0, 186, 0.0, 0.0, 348, 32, 4, 27, 0.000, 0, 0.000, 65, 0.001, 0.001
506, 184.9, 2030, 178, 2046, 534.0, 186, 0.0, 0.0, 348, 32, 4, 27, 0.000, 0, 0.000, 65, 0.001, 0.001
508, 183.7, 2030, 178, 2046, 534.0, 186, 0.0, 0.0, 348, 32, 4, 27, 0.000, 0, 0.000, 65, 0.001, 0.001
509, 185.3, 2030, 178, 2046, 534.0, 186, 0.0, 0.0, 348, 32, 4, 27, 0.000, 0, 0.000, 65, 0.001, 0.001
511, 186.1, 2030, 178, 2046, 534.0, 186, 0.0, 0.0, 348, 32, 4, 27, 0.000, 0, 0.000, 65, 0.001, 0.001
512, 183.6, 2030, 178, 2046, 534.0, 186, 0.0, 0.0, 348, 32, 4, 27, 0.000, 0, 0.000, 65, 0.001, 0.001
513, 184.9, 2030, 178, 2046, 534.0, 186, 0.0, 0.0, 348, 32, 4, 27, 0.000, 0, 0.000, 65, 0.001, 0.001
515, 183.7, 2030, 178, 2046, 534.0, 186, 0.0, 0.0, 348, 32, 4, 27, 0.000, 0, 0.000, 65, 0.001, 0.001
516, 184.3, 2030, 178, 2046, 534.0, 186, 0.0, 0.0, 348, 32, 4, 27, 0.000, 0, 0.000, 65, 0.001, 0.001
518, 184.6, 2030, 178, 2046, 534.0, 186, 0.0, 0.0, 348, 32, 4, 27, 0.000, 0, 0.000, 65, 0.001, 0.001
519, 185.5, 2030, 178, 2046, 534.0, 186, 0.0, 0.0, 348, 32, 4, 27, 0.000, 0, 0.000, 65, 0.001, 0.001
521, 186.1, 2030, 178, 2046, 534.0, 186, 0.0, 0.0, 348, 32, 4, 27, 0.000, 0, 0.000, 65, 0.001, 0.001
522, 185.7, 2030, 178, 2046, 534.0, 186, 0.0, 0.0, 348, 32, 4, 27, 0.000, 0, 0.000, 65, 0.001, 0.001
524, 183.5, 2030, 178, 2046, 534.0, 186, 0.0, 0.0, 348, 32, 4, 27, 0.000, 0, 0.000, 65, 0.001, 0.001
525, 185.7, 2030, 178, 2046, 534.0, 186, 0.0, 0.0, 348, 32, 4, 27, 0.000, 0, 0.000, 65, 0.001, 0.001
527, 184.0, 2030, 178, 2046, 534.0, 186, 0.0, 0.0, 348, 32, 4, 27, 0.000, 0, 0.000, 65, 0.001, 0.001
528, 186.0, 2030, 178, 2046, 534.0, 186, 0.0, 0.0, 348, 32, 4, 27, 0.000, 0, 0.000, 65, 0.001, 0.001
530, 184.6, 2030, 178, 2046, 534.0, 186, 0.0, 0.0, 348, 32, 4, 27, 0.000, 0, 0.000, 65, 0.001, 0.001
531, 211.1, 2030, 178, 2046, 1040.0, 692, 0.0, 0.0, 348, 32, 4, 30, 0.000, 0, 0.000, 65, 0.001, 0.001
533, 184.3, 2030, 178, 2046, 1040.0, 692, 0.0, 0.0, 348, 32, 4, 30, 0.000, 0, 0.000, 65, 0.001, 0.001
534, 185.1, 2030, 178, 2046, 846.0, 498, 0.0, 0.0, 348, 32, 4, 30, 0.000, 0, 0.000, 68, 0.001, 0.001
536, 222.6, 2030, 178, 2046, 504.0, 156, 0.0, 0.0, 348, 32, 4, 30, 0.000, 0, 0.000, 70, 0.001, 0.001
537, 186.5, 2030, 178, 2046, 504.0, 156, 0.0, 0.0, 348, 32, 4, 30, 0.000, 0, 0.000, 70, 0.001, 0.001
538, 185.6, 2030, 178, 2046, 504.0, 156, 0.0, 0.0, 348, 32, 4, 30, 0.000, 0, 0.000, 70, 0.001, 0.001
540, 186.0, 2030, 178, 2046, 504.0, 156, 0.0, 0.0, 348, 32, 4, 30, 0.000, 0, 0.000, 70, 0.001, 0.001
541, 184.0, 2030, 178, 2046, 504.0, 156, 0.0, 0.0, 348, 32, 4, 30, 0.000, 0, 0.000, 70, 0.001, 0.001
543, 184.2, 2030, 178, 2046, 504.0, 156, 0.0, 0.0, 348, 32, 4, 30, 0.000, 0, 0.000, 70, 0.001, 0.001
544, 184.2, 2030, 178, 2046, 504.0, 156, 0.0, 0.0, 348, 32, 4, 30, 0.000, 0, 0.000, 70, 0.001, 0.001
546, 183.8, 2030, 178, 2046, 504.0, 156, 0.0, 0.0, 348, 32, 4, 30, 0.000, 0, 0.000, 70, 0.001, 0.001
547, 185.0, 2030, 178, 2046, 504.0, 156, 0.0, 0.0, 348, 32, 4, 30, 0.000, 0, 0.000, 70, 0.001, 0.001
549, 183.3, 2030, 178, 2046, 504.0, 156, 0.0, 0.0, 348, 32, 4, 30, 0.000, 0, 0.000, 70, 0.001, 0.001
550, 184.9, 2030, 178, 2046, 504.0, 156, 0.0, 0.0, 348, 32, 4, 30, 0.000, 0, 0.000, 70, 0.001, 0.001
552, 184.2, 2030, 178, 2046, 504.0, 156, 0.0, 0.0, 348, 32, 4, 30, 0.000, 0, 0.000, 70, 0.001, 0.001
553, 185.3, 2030, 178, 2046, 504.0, 156, 0.0, 0.0, 348, 32, 4, 30, 0.000, 0, 0.000, 70, 0.001, 0.001
555, 184.8, 2030, 178, 2046, 504.0, 156, 0.0, 0.0, 348, 32, 4, 30, 0.000, 0, 0.000, 70, 0.001, 0.001
556, 185.2, 2030, 178, 2046, 504.0, 156, 0.0, 0.0, 348, 32, 4, 30, 0.000, 0, 0.000, 70, 0.001, 0.001
558, 184.9, 2030, 178, 2046, 504.0, 156, 0.0, 0.0, 348, 32, 4, 30, 0.000, 0, 0.000, 70, 0.001, 0.001
559, 185.2, 2030, 178, 2046, 504.0, 156, 0.0, 0.0, 348, 32, 4, 30, 0.000, 0, 0.000, 70, 0.001, 0.001
560, 183.3, 2030, 178, 2046, 504.0, 156, 0.0, 0.0, 348, 32, 4, 30, 0.000, 0, 0.000, 70, 0.001, 0.001
562, 184.6, 2030, 178, 2046, 504.0, 156, 0.0, 0.0, 348, 32, 4, 30, 0.000, 0, 0.000, 70, 0.001, 0.001
563, 183.8, 2030, 178, 2046, 504.0, 156, 0.0, 0.0, 348, 32, 4, 30, 0.000, 0, 0.000, 70, 0.001, 0.001
565, 183.9, 2030, 178, 2046, 504.0, 156, 0.0, 0.0, 348, 32, 4, 30, 0.000, 0, 0.000, 70, 0.001, 0.001
566, 218.0, 2030, 178, 2046, 1058.0, 710, 0.0, 0.0, 348, 32, 4, 33, 0.000, 0, 0.000, 70, 0.001, 0.001
568, 184.3, 2030, 178, 2046, 1058.0, 710, 0.0, 0.0, 348, 32, 4, 33, 0.000, 0, 0.000, 70, 0.001, 0.001
569, 186.2, 2030, 178, 2046, 864.0, 514, 0.0, 0.0, 350, 32, 4, 33, 0.000, 0, 0.000, 73, 0.001, 0.001
571, 227.6, 2030, 178, 2046, 514.0, 164, 0.0, 0.0, 350, 32, 4, 33, 0.000, 0, 0.000, 75, 0.001, 0.001
572, 185.8, 2030, 178, 2046, 514.0, 164, 0.0, 0.0, 350, 32, 4, 33, 0.000, 0, 0.000, 75, 0.001, 0.001
574, 184.8, 2030, 178, 2046, 514.0, 164, 0.0, 0.0, 350, 32, 4, 33, 0.000, 0, 0.000, 75, 0.001, 0.001
575, 184.4, 2030, 178, 2046, 514.0, 164, 0.0, 0.0, 350, 32, 4, 33, 0.000, 0, 0.000, 75, 0.001, 0.001
577, 185.1, 2030, 178, 2046, 514.0, 164, 0.0, 0.0, 350, 32, 4, 33, 0.000, 0, 0.000, 75, 0.001, 0.001
578, 186.9, 2030, 178, 2046, 514.0, 164, 0.0, 0.0, 350, 32, 4, 33, 0.000, 0, 0.000, 75, 0.001, 0.001
579, 184.7, 2030, 178, 2046, 514.0, 164, 0.0, 0.0, 350, 32, 4, 33, 0.000, 0, 0.000, 75, 0.001, 0.001
581, 184.7, 2030, 178, 2046, 514.0, 164, 0.0, 0.0, 350, 32, 4, 33, 0.000, 0, 0.000, 75, 0.001, 0.001
582, 184.5, 2030, 178, 2046, 514.0, 164, 0.0, 0.0, 350, 32, 4, 33, 0.000, 0, 0.000, 75, 0.001, 0.001
584, 183.6, 2030, 178, 2046, 514.0, 164, 0.0, 0.0, 350, 32, 4, 33, 0.000, 0, 0.000, 75, 0.001, 0.001
585, 186.5, 2030, 178, 2046, 514.0, 164, 0.0, 0.0, 350, 32, 4, 33, 0.000, 0, 0.000, 75, 0.001, 0.001
587, 184.7, 2030, 178, 2046, 514.0, 164, 0.0, 0.0, 350, 32, 4, 33, 0.000, 0, 0.000, 75, 0.001, 0.001
588, 183.9, 2030, 178, 2046, 514.0, 164, 0.0, 0.0, 350, 32, 4, 33, 0.000, 0, 0.000, 75, 0.001, 0.001
590, 185.0, 2030, 178, 2046, 514.0, 164, 0.0, 0.0, 350, 32, 4, 33, 0.000, 0, 0.000, 75, 0.001, 0.001
591, 184.2, 2030, 178, 2046, 514.0, 164, 0.0, 0.0, 350, 32, 4, 33, 0.000, 0, 0.000, 75, 0.001, 0.001
593, 184.1, 2030, 178, 2046, 514.0, 164, 0.0, 0.0, 350, 32, 4, 33, 0.000, 0, 0.000, 75, 0.001, 0.001
594, 185.9, 2030, 178, 2046, 514.0, 164, 0.0, 0.0, 350, 32, 4, 33, 0.000, 0, 0.000, 75, 0.001, 0.001
596, 183.6, 2030, 178, 2046, 514.0, 164, 0.0, 0.0, 350, 32, 4, 33, 0.000, 0, 0.000, 75, 0.001, 0.001
597, 183.9, 2030, 178, 2046, 514.0, 164, 0.0, 0.0, 350, 32, 4, 33, 0.000, 0, 0.000, 75, 0.001, 0.001
598, 183.8, 2030, 178, 2046, 514.0, 164, 0.0, 0.0, 350, 32, 4, 33, 0.000, 0, 0.000, 75, 0.001, 0.001
600, 183.7, 2030, 178, 2046, 514.0, 164, 0.0, 0.0, 350, 32, 4, 33, 0.000, 0, 0.000, 75, 0.001, 0.001
601, 220.5, 2030, 178, 2046, 972.0, 622, 0.0, 0.0, 350, 32, 4, 36, 0.000, 0, 0.000, 75, 0.001, 0.001
603, 184.6, 2030, 178, 2046, 972.0, 622, 0.0, 0.0, 350, 32, 4, 36, 0.000, 0, 0.000, 75, 0.001, 0.001
604, 185.1, 2030, 178, 2046, 1338.0, 986, 0.0, 0.0, 352, 32, 4, 36, 0.000, 0, 0.000, 76, 0.001, 0.001
606, 234.6, 2030, 178, 2046, 524.0, 172, 0.0, 0.0, 352, 32, 4, 36, 0.000, 0, 0.000, 80, 0.001, 0.002
607, 185.5, 2030, 178, 2046, 524.0, 172, 0.0, 0.0, 352, 32, 4, 36, 0.000, 0, 0.000, 80, 0.001, 0.002
609, 185.5, 2030, 178, 2046, 524.0, 172, 0.0, 0.0, 352, 32, 4, 36, 0.000, 0, 0.000, 80, 0.001, 0.002
610, 185.2, 2030, 178, 2046, 524.0, 172, 0.0, 0.0, 352, 32, 4, 36, 0.000, 0, 0.000, 80, 0.001, 0.002
612, 184.8, 2030, 178, 2046, 524.0, 172, 0.0, 0.0, 352, 32, 4, 36, 0.000, 0, 0.000, 80, 0.001, 0.002
613, 184.4, 2030, 178, 2046, 524.0, 172, 0.0, 0.0, 352, 32, 4, 36, 0.000, 0, 0.000, 80, 0.001, 0.002
615, 184.5, 2030, 178, 2046, 524.0, 172, 0.0, 0.0, 352, 32, 4, 36, 0.000, 0, 0.000, 80, 0.001, 0.002
616, 184.4, 2030, 178, 2046, 524.0, 172, 0.0, 0.0, 352, 32, 4, 36, 0.000, 0, 0.000, 80, 0.001, 0.002
618, 185.1, 2030, 178, 2046, 524.0, 172, 0.0, 0.0, 352, 32, 4, 36, 0.000, 0, 0.000, 80, 0.001, 0.002
619, 184.9, 2030, 178, 2046, 524.0, 172, 0.0, 0.0, 352, 32, 4, 36, 0.000, 0, 0.000, 80, 0.001, 0.002
620, 183.9, 2030, 178, 2046, 524.0, 172, 0.0, 0.0, 352, 32, 4, 36, 0.000, 0, 0.000, 80, 0.001, 0.002
622, 185.4, 2030, 178, 2046, 524.0, 172, 0.0, 0.0, 352, 32, 4, 36, 0.000, 0, 0.000, 80, 0.001, 0.002
623, 184.6, 2030, 178, 2046, 524.0, 172, 0.0, 0.0, 352, 32, 4, 36, 0.000, 0, 0.000, 80, 0.001, 0.002
625, 183.8, 2030, 178, 2046, 524.0, 172, 0.0, 0.0, 352, 32, 4, 36, 0.000, 0, 0.000, 80, 0.001, 0.002
626, 185.1, 2030, 178, 2046, 524.0, 172, 0.0, 0.0, 352, 32, 4, 36, 0.000, 0, 0.000, 80, 0.001, 0.002
628, 183.7, 2030, 178, 2046, 524.0, 172, 0.0, 0.0, 352, 32, 4, 36, 0.000, 0, 0.000, 80, 0.001, 0.002
629, 185.5, 2030, 178, 2046, 524.0, 172, 0.0, 0.0, 352, 32, 4, 36, 0.000, 0, 0.000, 80, 0.001, 0.002
631, 185.0, 2030, 178, 2046, 524.0, 172, 0.0, 0.0, 352, 32, 4, 36, 0.000, 0, 0.000, 80, 0.001, 0.002
632, 185.2, 2030, 178, 2046, 524.0, 172, 0.0, 0.0, 352, 32, 4, 36, 0.000, 0, 0.000, 80, 0.001, 0.002
634, 185.0, 2030, 178, 2046, 524.0, 172, 0.0, 0.0, 352, 32, 4, 36, 0.000, 0, 0.000, 80, 0.001, 0.002
635, 184.6, 2030, 178, 2046, 976.0, 626, 0.0, 0.0, 350, 32, 4, 36, 0.000, 0, 0.000, 83, 0.001, 0.002
637, 212.4, 2030, 178, 2046, 526.0, 174, 0.0, 0.0, 352, 32, 4, 36, 0.000, 0, 0.000, 85, 0.001, 0.002
638, 184.7, 2030, 178, 2046, 526.0, 174, 0.0, 0.0, 352, 32, 4, 36, 0.000, 0, 0.000, 85, 0.001, 0.002
640, 184.8, 2030, 178, 2046, 526.0, 174, 0.0, 0.0, 352, 32, 4, 36, 0.000, 0, 0.000, 85, 0.001, 0.002
641, 185.4, 2030, 178, 2046, 526.0, 174, 0.0, 0.0, 352, 32, 4, 36, 0.000, 0, 0.000, 85, 0.001, 0.002
643, 184.0, 2030, 178, 2046, 526.0, 174, 0.0, 0.0, 352, 32, 4, 36, 0.000, 0, 0.000, 85, 0.001, 0.002
644, 186.2, 2030, 178, 2046, 526.0, 174, 0.0, 0.0, 352, 32, 4, 36, 0.000, 0, 0.000, 85, 0.001, 0.002
645, 185.7, 2030, 178, 2046, 526.0, 174, 0.0, 0.0, 352, 32, 4, 36, 0.000, 0, 0.000, 85, 0.001, 0.002
647, 184.3, 2030, 178, 2046, 526.0, 174, 0.0, 0.0, 352, 32, 4, 36, 0.000, 0, 0.000, 85, 0.001, 0.002
648, 183.9, 2030, 178, 2046, 526.0, 174, 0.0, 0.0, 352, 32, 4, 36, 0.000, 0, 0.000, 85, 0.001, 0.002
650, 185.1, 2030, 178, 2046, 526.0, 174, 0.0, 0.0, 352, 32, 4, 36, 0.000, 0, 0.000, 85, 0.001, 0.002
651, 183.6, 2030, 178, 2046, 526.0, 174, 0.0, 0.0, 352, 32, 4, 36, 0.000, 0, 0.000, 85, 0.001, 0.002
653, 185.6, 2030, 178, 2046, 526.0, 174, 0.0, 0.0, 352, 32, 4, 36, 0.000, 0, 0.000, 85, 0.001, 0.002
654, 186.6, 2030, 178, 2046, 526.0, 174, 0.0, 0.0, 352, 32, 4, 36, 0.000, 0, 0.000, 85, 0.001, 0.002
656, 184.7, 2030, 178, 2046, 526.0, 174, 0.0, 0.0, 352, 32, 4, 36, 0.000, 0, 0.000, 85, 0.001, 0.002
657, 185.4, 2030, 178, 2046, 526.0, 174, 0.0, 0.0, 352, 32, 4, 36, 0.000, 0, 0.000, 85, 0.001, 0.002
659, 183.6, 2030, 178, 2046, 526.0, 174, 0.0, 0.0, 352, 32, 4, 36, 0.000, 0, 0.000, 85, 0.001, 0.002
660, 184.8, 2030, 178, 2046, 526.0, 174, 0.0, 0.0, 352, 32, 4, 36, 0.000, 0, 0.000, 85, 0.001, 0.002
662, 183.9, 2030, 178, 2046, 526.0, 174, 0.0, 0.0, 352, 32, 4, 36, 0.000, 0, 0.000, 85, 0.001, 0.002
663, 184.6, 2030, 178, 2046, 526.0, 174, 0.0, 0.0, 352, 32, 4, 36, 0.000, 0, 0.000, 85, 0.001, 0.002
665, 185.1, 2030, 178, 2046, 526.0, 174, 0.0, 0.0, 352, 32, 4, 36, 0.000, 0, 0.000, 85, 0.001, 0.002
666, 184.7, 2030, 178, 2046, 7750.0, 7400, 0.0, 0.0, 350, 32, 4, 37, 0.001, 0, 0.000, 85, 0.001, 0.002
667, 217.3, 2030, 178, 2046, 964.0, 614, 0.0, 0.0, 350, 32, 4, 39, 0.001, 0, 0.000, 85, 0.001, 0.002
669, 185.0, 2030, 178, 2046, 964.0, 614, 0.0, 0.0, 350, 32, 4, 39, 0.001, 0, 0.000, 85, 0.001, 0.002
670, 186.5, 2030, 178, 2046, 834.0, 482, 0.0, 0.0, 352, 32, 4, 39, 0.001, 0, 0.000, 88, 0.001, 0.002
672, 215.4, 2030, 178, 2046, 518.0, 164, 0.0, 0.0, 354, 32, 4, 39, 0.001, 0, 0.000, 90, 0.001, 0.002
673, 186.3, 2030, 178, 2046, 518.0, 164, 0.0, 0.0, 354, 32, 4, 39, 0.001, 0, 0.000, 90, 0.001, 0.002
675, 183.7, 2030, 178, 2046, 518.0, 164, 0.0, 0.0, 354, 32, 4, 39, 0.001, 0, 0.000, 90, 0.001, 0.002
676, 184.7, 2030, 178, 2046, 518.0, 164, 0.0, 0.0, 354, 32, 4, 39, 0.001, 0, 0.000, 90, 0.001, 0.002
678, 184.3, 2030, 178, 2046, 518.0, 164, 0.0, 0.0, 354, 32, 4, 39, 0.001, 0, 0.000, 90, 0.001, 0.002
679, 185.1, 2030, 178, 2046, 518.0, 164, 0.0, 0.0, 354, 32, 4, 39, 0.001, 0, 0.000, 90, 0.001, 0.002
681, 184.1, 2030, 178, 2046, 518.0, 164, 0.0, 0.0, 354, 32, 4, 39, 0.001, 0, 0.000, 90, 0.001, 0.002
682, 184.6, 2030, 178, 2046, 518.0, 164, 0.0, 0.0, 354, 32, 4, 39, 0.001, 0, 0.000, 90, 0.001, 0.002
684, 185.5, 2030, 178, 2046, 518.0, 164, 0.0, 0.0, 354, 32, 4, 39, 0.001, 0, 0.000, 90, 0.001, 0.002
685, 186.0, 2030, 178, 2046, 518.0, 164, 0.0, 0.0, 354, 32, 4, 39, 0.001, 0, 0.000, 90, 0.001, 0.002
686, 185.4, 2030, 178, 2046, 518.0, 164, 0.0, 0.0, 354, 32, 4, 39, 0.001, 0, 0.000, 90, 0.001, 0.002
688, 184.4, 2030, 178, 2046, 518.0, 164, 0.0, 0.0, 354, 32, 4, 39, 0.001, 0, 0.000, 90, 0.001, 0.002
689, 184.5, 2030, 178, 2046, 518.0, 164, 0.0, 0.0, 354, 32, 4, 39, 0.001, 0, 0.000, 90, 0.001, 0.002
691, 184.5, 2030, 178, 2046, 518.0, 164, 0.0, 0.0, 354, 32, 4, 39, 0.001, 0, 0.000, 90, 0.001, 0.002
692, 186.4, 2030, 178, 2046, 518.0, 164, 0.0, 0.0, 354, 32, 4, 39, 0.001, 0, 0.000, 90, 0.001, 0.002
694, 184.8, 2030, 178, 2046, 518.0, 164, 0.0, 0.0, 354, 32, 4, 39, 0.001, 0, 0.000, 90, 0.001, 0.002
695, 185.2, 2030, 178, 2046, 518.0, 164, 0.0, 0.0, 354, 32, 4, 39, 0.001, 0, 0.000, 90, 0.001, 0.002
697, 184.0, 2030, 178, 2046, 518.0, 164, 0.0, 0.0, 354, 32, 4, 39, 0.001, 0, 0.000, 90, 0.001, 0.002
698, 185.7, 2030, 178, 2046, 518.0, 164, 0.0, 0.0, 354, 32, 4, 39, 0.001, 0, 0.000, 90, 0.001, 0.002
700, 185.5, 2030, 178, 2046, 518.0, 164, 0.0, 0.0, 354, 32, 4, 39, 0.001, 0, 0.000, 90, 0.001, 0.002
701, 184.5, 2030, 178, 2046, 7750.0, 7400, 0.0, 0.0, 350, 32, 4, 40, 0.001, 0, 0.000, 90, 0.001, 0.002
703, 209.2, 2030, 178, 2046, 960.0, 610, 0.0, 0.0, 350, 32, 4, 42, 0.001, 0, 0.000, 90, 0.001, 0.002
704, 185.6, 2030, 178, 2046, 960.0, 610, 0.0, 0.0, 350, 32, 4, 42, 0.001, 0, 0.000, 90, 0.001, 0.002
706, 190.8, 2030, 178, 2046, 504.0, 154, 0.0, 0.0, 350, 32, 4, 42, 0.001, 0, 0.000, 95, 0.001, 0.002
707, 199.4, 2030, 178, 2046, 504.0, 154, 0.0, 0.0, 350, 32, 4, 42, 0.001, 0, 0.000, 95, 0.001, 0.002
709, 185.2, 2030, 178, 2046, 504.0, 154, 0.0, 0.0, 350, 32, 4, 42, 0.001, 0, 0.000, 95, 0.001, 0.002
710, 184.3, 2030, 178, 2046, 504.0, 154, 0.0, 0.0, 350, 32, 4, 42, 0.001, 0, 0.000, 95, 0.001, 0.002
712, 185.2, 2030, 178, 2046, 504.0, 154, 0.0, 0.0, 350, 32, 4, 42, 0.001, 0, 0.000, 95, 0.001, 0.002
713, 184.8, 2030, 178, 2046, 504.0, 154, 0.0, 0.0, 350, 32, 4, 42, 0.001, 0, 0.000, 95, 0.001, 0.002
714, 185.2, 2030, 178, 2046, 504.0, 154, 0.0, 0.0, 350, 32, 4, 42, 0.001, 0, 0.000, 95, 0.001, 0.002
716, 185.4, 2030, 178, 2046, 504.0, 154, 0.0, 0.0, 350, 32, 4, 42, 0.001, 0, 0.000, 95, 0.001, 0.002
717, 185.5, 2030, 178, 2046, 504.0, 154, 0.0, 0.0, 350, 32, 4, 42, 0.001, 0, 0.000, 95, 0.001, 0.002
719, 185.2, 2030, 178, 2046, 504.0, 154, 0.0, 0.0, 350, 32, 4, 42, 0.001, 0, 0.000, 95, 0.001, 0.002
720, 184.7, 2030, 178, 2046, 504.0, 154, 0.0, 0.0, 350, 32, 4, 42, 0.001, 0, 0.000, 95, 0.001, 0.002
722, 185.2, 2030, 178, 2046, 504.0, 154, 0.0, 0.0, 350, 32, 4, 42, 0.001, 0, 0.000, 95, 0.001, 0.002
723, 184.9, 2030, 178, 2046, 504.0, 154, 0.0, 0.0, 350, 32, 4, 42, 0.001, 0, 0.000, 95, 0.001, 0.002
725, 184.7, 2030, 178, 2046, 504.0, 154, 0.0, 0.0, 350, 32, 4, 42, 0.001, 0, 0.000, 95, 0.001, 0.002
726, 184.8, 2030, 178, 2046, 504.0, 154, 0.0, 0.0, 350, 32, 4, 42, 0.001, 0, 0.000, 95, 0.001, 0.002
728, 185.1, 2030, 178, 2046, 504.0, 154, 0.0, 0.0, 350, 32, 4, 42, 0.001, 0, 0.000, 95, 0.001, 0.002
729, 183.5, 2030, 178, 2046, 504.0, 154, 0.0, 0.0, 350, 32, 4, 42, 0.001, 0, 0.000, 95, 0.001, 0.002
731, 184.4, 2030, 178, 2046, 504.0, 154, 0.0, 0.0, 350, 32, 4, 42, 0.001, 0, 0.000, 95, 0.001, 0.002
732, 178.8, 2030, 183, 2046, 504.0, 154, 0.0, 0.0, 350, 32, 4, 42, 0.001, 0, 0.000, 95, 0.001, 0.002
733, 95.3, 2030, 183, 2046, 504.0, 154, 0.0, 0.0, 350, 32, 4, 42, 0.001, 0, 0.000, 95, 0.001, 0.002
735, 207.2, 2030, 183, 2046, 504.0, 154, 0.0, 0.0, 350, 32, 4, 42, 0.001, 0, 0.000, 95, 0.001, 0.002
736, 268.3, 2030, 183, 2046, 542.0, 194, 0.0, 0.0, 348, 32, 4, 42, 0.001, 0, 0.000, 100, 0.001, 0.002
738, 206.7, 2030, 183, 2046, 542.0, 194, 0.0, 0.0, 348, 32, 4, 42, 0.001, 0, 0.000, 100, 0.001, 0.002
740, 206.2, 2030, 183, 2046, 542.0, 194, 0.0, 0.0, 348, 32, 4, 42, 0.001, 0, 0.000, 100, 0.001, 0.002
741, 203.9, 2030, 183, 2046, 542.0, 194, 0.0, 0.0, 348, 32, 4, 42, 0.001, 0, 0.000, 100, 0.001, 0.002
742, 204.9, 2030, 183, 2046, 542.0, 194, 0.0, 0.0, 348, 32, 4, 42, 0.001, 0, 0.000, 100, 0.001, 0.002
744, 207.7, 2030, 183, 2046, 542.0, 194, 0.0, 0.0, 348, 32, 4, 42, 0.001, 0, 0.000, 100, 0.001, 0.002
745, 207.3, 2030, 183, 2046, 542.0, 194, 0.0, 0.0, 348, 32, 4, 42, 0.001, 0, 0.000, 100, 0.001, 0.002
747, 207.9, 2030, 183, 2046, 542.0, 194, 0.0, 0.0, 348, 32, 4, 42, 0.001, 0, 0.000, 100, 0.001, 0.002
748, 207.2, 2030, 183, 2046, 542.0, 194, 0.0, 0.0, 348, 32, 4, 42, 0.001, 0, 0.000, 100, 0.001, 0.002
750, 207.2, 2030, 183, 2046, 542.0, 194, 0.0, 0.0, 348, 32, 4, 42, 0.001, 0, 0.000, 100, 0.001, 0.002
751, 207.4, 2030, 183, 2046, 542.0, 194, 0.0, 0.0, 348, 32, 4, 42, 0.001, 0, 0.000, 100, 0.001, 0.002
753, 207.9, 2030, 183, 2046, 542.0, 194, 0.0, 0.0, 348, 32, 4, 42, 0.001, 0, 0.000, 100, 0.001, 0.002
754, 209.5, 2030, 183, 2046, 542.0, 194, 0.0, 0.0, 348, 32, 4, 42, 0.001, 0, 0.000, 100, 0.001, 0.002
756, 207.7, 2030, 183, 2046, 542.0, 194, 0.0, 0.0, 348, 32, 4, 42, 0.001, 0, 0.000, 100, 0.001, 0.002
757, 208.9, 2030, 183, 2046, 542.0, 194, 0.0, 0.0, 348, 32, 4, 42, 0.001, 0, 0.000, 100, 0.001, 0.002
759, 208.3, 2030, 183, 2046, 542.0, 194, 0.0, 0.0, 348, 32, 4, 42, 0.001, 0, 0.000, 100, 0.001, 0.002
760, 209.9, 2030, 183, 2046, 542.0, 194, 0.0, 0.0, 348, 32, 4, 42, 0.001, 0, 0.000, 100, 0.001, 0.002
762, 207.2, 2030, 183, 2046, 542.0, 194, 0.0, 0.0, 348, 32, 4, 42, 0.001, 0, 0.000, 100, 0.001, 0.002
763, 208.1, 2030, 183, 2046, 542.0, 194, 0.0, 0.0, 348, 32, 4, 42, 0.001, 0, 0.000, 100, 0.001, 0.002
765, 242.3, 2030, 183, 2046, 956.0, 604, 0.0, 0.0, 352, 32, 4, 45, 0.001, 0, 0.000, 100, 0.001, 0.002
766, 210.1, 2030, 183, 2046, 956.0, 604, 0.0, 0.0, 352, 32, 4, 45, 0.001, 0, 0.000, 100, 0.001, 0.002
768, 207.6, 2030, 183, 2046, 962.0, 610, 0.0, 0.0, 352, 32, 4, 45, 0.001, 0, 0.000, 103, 0.001, 0.002
769, 243.8, 2030, 183, 2046, 542.0, 180, 0.0, 0.0, 362, 32, 4, 45, 0.001, 0, 0.000, 105, 0.001, 0.002
771, 207.4, 2030, 183, 2046, 542.0, 180, 0.0, 0.0, 362, 32, 4, 45, 0.001, 0, 0.000, 105, 0.001, 0.002
772, 208.7, 2030, 183, 2046, 542.0, 180, 0.0, 0.0, 362, 32, 4, 45, 0.001, 0, 0.000, 105, 0.001, 0.002
774, 209.3, 2030, 183, 2046, 542.0, 180, 0.0, 0.0, 362, 32, 4, 45, 0.001, 0, 0.000, 105, 0.001, 0.002
775, 209.1, 2030, 183, 2046, 542.0, 180, 0.0, 0.0, 362, 32, 4, 45, 0.001, 0, 0.000, 105, 0.001, 0.002
777, 208.8, 2030, 183, 2046, 542.0, 180, 0.0, 0.0, 362, 32, 4, 45, 0.001, 0, 0.000, 105, 0.001, 0.002
778, 207.8, 2030, 183, 2046, 542.0, 180, 0.0, 0.0, 362, 32, 4, 45, 0.001, 0, 0.000, 105, 0.001, 0.002
780, 209.5, 2030, 183, 2046, 542.0, 180, 0.0, 0.0, 362, 32, 4, 45, 0.001, 0, 0.000, 105, 0.001, 0.002
781, 208.8, 2030, 183, 2046, 542.0, 180, 0.0, 0.0, 362, 32, 4, 45, 0.001, 0, 0.000, 105, 0.001, 0.002
783, 210.2, 2030, 183, 2046, 542.0, 180, 0.0, 0.0, 362, 32, 4, 45, 0.001, 0, 0.000, 105, 0.001, 0.002
784, 207.5, 2030, 183, 2046, 542.0, 180, 0.0, 0.0, 362, 32, 4, 45, 0.001, 0, 0.000, 105, 0.001, 0.002
786, 207.2, 2030, 183, 2046, 542.0, 180, 0.0, 0.0, 362, 32, 4, 45, 0.001, 0, 0.000, 105, 0.001, 0.002
787, 208.9, 2030, 183, 2046, 542.0, 180, 0.0, 0.0, 362, 32, 4, 45, 0.001, 0, 0.000, 105, 0.001, 0.002
789, 208.8, 2030, 183, 2046, 542.0, 180, 0.0, 0.0, 362, 32, 4, 45, 0.001, 0, 0.000, 105, 0.001, 0.002
790, 207.7, 2030, 183, 2046, 542.0, 180, 0.0, 0.0, 362, 32, 4, 45, 0.001, 0, 0.000, 105, 0.001, 0.002
792, 209.2, 2030, 183, 2046, 542.0, 180, 0.0, 0.0, 362, 32, 4, 45, 0.001, 0, 0.000, 105, 0.001, 0.002
793, 209.1, 2030, 183, 2046, 542.0, 180, 0.0, 0.0, 362, 32, 4, 45, 0.001, 0, 0.000, 105, 0.001, 0.002
795, 208.5, 2030, 183, 2046, 542.0, 180, 0.0, 0.0, 362, 32, 4, 45, 0.001, 0, 0.000, 105, 0.001, 0.002
796, 207.3, 2030, 183, 2046, 542.0, 180, 0.0, 0.0, 362, 32, 4, 45, 0.001, 0, 0.000, 105, 0.001, 0.002
798, 238.4, 2030, 183, 2046, 1018.0, 662, 0.0, 0.0, 356, 32, 4, 48, 0.001, 0, 0.000, 105, 0.001, 0.002
799, 207.4, 2030, 183, 2046, 1018.0, 662, 0.0, 0.0, 356, 32, 4, 48, 0.001, 0, 0.000, 105, 0.001, 0.002
801, 207.9, 2030, 183, 2046, 1368.0, 1012, 0.0, 0.0, 356, 32, 4, 48, 0.001, 0, 0.000, 106, 0.001, 0.002
802, 264.2, 2030, 183, 2046, 524.0, 168, 0.0, 0.0, 356, 32, 4, 48, 0.001, 0, 0.000, 110, 0.001, 0.002
804, 208.2, 2030, 183, 2046, 524.0, 168, 0.0, 0.0, 356, 32, 4, 48, 0.001, 0, 0.000, 110, 0.001, 0.002
805, 207.1, 2030, 183, 2046, 524.0, 168, 0.0, 0.0, 356, 32, 4, 48, 0.001, 0, 0.000, 110, 0.001, 0.002
807, 207.6, 2030, 183, 2046, 524.0, 168, 0.0, 0.0, 356, 32, 4, 48, 0.001, 0, 0.000, 110, 0.001, 0.002
808, 208.6, 2030, 183, 2046, 524.0, 168, 0.0, 0.0, 356, 32, 4, 48, 0.001, 0, 0.000, 110, 0.001, 0.002
810, 208.6, 2030, 183, 2046, 524.0, 168, 0.0, 0.0, 356, 32, 4, 48, 0.001, 0, 0.000, 110, 0.001, 0.002
811, 209.0, 2030, 183, 2046, 524.0, 168, 0.0, 0.0, 356, 32, 4, 48, 0.001, 0, 0.000, 110, 0.001, 0.002
813, 208.9, 2030, 183, 2046, 524.0, 168, 0.0, 0.0, 356, 32, 4, 48, 0.001, 0, 0.000, 110, 0.001, 0.002
814, 206.1, 2030, 183, 2046, 524.0, 168, 0.0, 0.0, 356, 32, 4, 48, 0.001, 0, 0.000, 110, 0.001, 0.002
816, 207.6, 2030, 183, 2046, 524.0, 168, 0.0, 0.0, 356, 32, 4, 48, 0.001, 0, 0.000, 110, 0.001, 0.002
817, 207.0, 2030, 183, 2046, 524.0, 168, 0.0, 0.0, 356, 32, 4, 48, 0.001, 0, 0.000, 110, 0.001, 0.002
819, 207.8, 2030, 183, 2046, 524.0, 168, 0.0, 0.0, 356, 32, 4, 48, 0.001, 0, 0.000, 110, 0.001, 0.002
820, 209.2, 2030, 183, 2046, 524.0, 168, 0.0, 0.0, 356, 32, 4, 48, 0.001, 0, 0.000, 110, 0.001, 0.002
822, 210.4, 2030, 183, 2046, 524.0, 168, 0.0, 0.0, 356, 32, 4, 48, 0.001, 0, 0.000, 110, 0.001, 0.002
823, 208.6, 2030, 183, 2046, 524.0, 168, 0.0, 0.0, 356, 32, 4, 48, 0.001, 0, 0.000, 110, 0.001, 0.002
825, 208.8, 2030, 183, 2046, 524.0, 168, 0.0, 0.0, 356, 32, 4, 48, 0.001, 0, 0.000, 110, 0.001, 0.002
826, 207.4, 2030, 183, 2046, 524.0, 168, 0.0, 0.0, 356, 32, 4, 48, 0.001, 0, 0.000, 110, 0.001, 0.002
828, 208.9, 2030, 183, 2046, 524.0, 168, 0.0, 0.0, 356, 32, 4, 48, 0.001, 0, 0.000, 110, 0.001, 0.002
829, 209.7, 2030, 183, 2046, 524.0, 168, 0.0, 0.0, 356, 32, 4, 48, 0.001, 0, 0.000, 110, 0.001, 0.002
831, 217.9, 2030, 183, 2046, 1116.0, 766, 0.0, 0.0, 350, 32, 4, 51, 0.001, 0, 0.000, 110, 0.001, 0.002
832, 210.7, 2030, 183, 2046, 1116.0, 766, 0.0, 0.0, 350, 32, 4, 51, 0.001, 0, 0.000, 110, 0.001, 0.002
834, 208.7, 2030, 183, 2046, 1116.0, 766, 0.0, 0.0, 350, 32, 4, 51, 0.001, 0, 0.000, 110, 0.001, 0.002
835, 268.1, 2030, 183, 2046, 526.0, 176, 0.0, 0.0, 350, 32, 4, 51, 0.001, 0, 0.000, 115, 0.002, 0.002
837, 209.2, 2030, 183, 2046, 526.0, 176, 0.0, 0.0, 350, 32, 4, 51, 0.001, 0, 0.000, 115, 0.002, 0.002
838, 210.0, 2030, 183, 2046, 526.0, 176, 0.0, 0.0, 350, 32, 4, 51, 0.001, 0, 0.000, 115, 0.002, 0.002
840, 209.4, 2030, 183, 2046, 526.0, 176, 0.0, 0.0, 350, 32, 4, 51, 0.001, 0, 0.000, 115, 0.002, 0.002
841, 210.0, 2030, 183, 2046, 526.0, 176, 0.0, 0.0, 350, 32, 4, 51, 0.001, 0, 0.000, 115, 0.002, 0.002
843, 210.5, 2030, 183, 2046, 526.0, 176, 0.0, 0.0, 350, 32, 4, 51, 0.001, 0, 0.000, 115, 0.002, 0.002
844, 210.6, 2030, 183, 2046, 526.0, 176, 0.0, 0.0, 350, 32, 4, 51, 0.001, 0, 0.000, 115, 0.002, 0.002
846, 207.9, 2030, 183, 2046, 526.0, 176, 0.0, 0.0, 350, 32, 4, 51, 0.001, 0, 0.000, 115, 0.002, 0.002
847, 207.6, 2030, 183, 2046, 526.0, 176, 0.0, 0.0, 350, 32, 4, 51, 0.001, 0, 0.000, 115, 0.002, 0.002
849, 211.0, 2030, 183, 2046, 526.0, 176, 0.0, 0.0, 350, 32, 4, 51, 0.001, 0, 0.000, 115, 0.002, 0.002
850, 207.3, 2030, 183, 2046, 526.0, 176, 0.0, 0.0, 350, 32, 4, 51, 0.001, 0, 0.000, 115, 0.002, 0.002
852, 208.0, 2030, 183, 2046, 526.0, 176, 0.0, 0.0, 350, 32, 4, 51, 0.001, 0, 0.000, 115, 0.002, 0.002
853, 208.3, 2030, 183, 2046, 526.0, 176, 0.0, 0.0, 350, 32, 4, 51, 0.001, 0, 0.000, 115, 0.002, 0.002
855, 209.1, 2030, 183, 2046, 526.0, 176, 0.0, 0.0, 350, 32, 4, 51, 0.001, 0, 0.000, 115, 0.002, 0.002
856, 208.8, 2030, 183, 2046, 526.0, 176, 0.0, 0.0, 350, 32, 4, 51, 0.001, 0, 0.000, 115, 0.002, 0.002
858, 208.8, 2030, 183, 2046, 526.0, 176, 0.0, 0.0, 350, 32, 4, 51, 0.001, 0, 0.000, 115, 0.002, 0.002
859, 208.5, 2030, 183, 2046, 526.0, 176, 0.0, 0.0, 350, 32, 4, 51, 0.001, 0, 0.000, 115, 0.002, 0.002
860, 208.3, 2030, 183, 2046, 526.0, 176, 0.0, 0.0, 350, 32, 4, 51, 0.001, 0, 0.000, 115, 0.002, 0.002
862, 211.0, 2030, 183, 2046, 526.0, 176, 0.0, 0.0, 350, 32, 4, 51, 0.001, 0, 0.000, 115, 0.002, 0.002
863, 210.5, 2030, 183, 2046, 1058.0, 704, 0.0, 0.0, 354, 32, 4, 54, 0.001, 0, 0.000, 115, 0.002, 0.002
865, 214.7, 2030, 183, 2046, 1058.0, 704, 0.0, 0.0, 354, 32, 4, 54, 0.001, 0, 0.000, 115, 0.002, 0.002
867, 207.5, 2030, 183, 2046, 1058.0, 704, 0.0, 0.0, 354, 32, 4, 54, 0.001, 0, 0.000, 115, 0.002, 0.002
868, 206.2, 2030, 183, 2046, 966.0, 612, 0.0, 0.0, 354, 32, 4, 54, 0.001, 0, 0.000, 118, 0.002, 0.002
870, 236.8, 2030, 183, 2046, 546.0, 192, 0.0, 0.0, 354, 32, 4, 54, 0.001, 0, 0.000, 120, 0.002, 0.002
871, 207.7, 2030, 183, 2046, 546.0, 192, 0.0, 0.0, 354, 32, 4, 54, 0.001, 0, 0.000, 120, 0.002, 0.002
873, 208.6, 2030, 183, 2046, 546.0, 192, 0.0, 0.0, 354, 32, 4, 54, 0.001, 0, 0.000, 120, 0.002, 0.002
874, 209.6, 2030, 183, 2046, 546.0, 192, 0.0, 0.0, 354, 32, 4, 54, 0.001, 0, 0.000, 120, 0.002, 0.002
876, 211.7, 2030, 183, 2046, 546.0, 192, 0.0, 0.0, 354, 32, 4, 54, 0.001, 0, 0.000, 120, 0.002, 0.002
877, 208.0, 2030, 183, 2046, 546.0, 192, 0.0, 0.0, 354, 32, 4, 54, 0.001, 0, 0.000, 120, 0.002, 0.002
879, 210.0, 2030, 183, 2046, 546.0, 192, 0.0, 0.0, 354, 32, 4, 54, 0.001, 0, 0.000, 120, 0.002, 0.002
880, 208.5, 2030, 183, 2046, 546.0, 192, 0.0, 0.0, 354, 32, 4, 54, 0.001, 0, 0.000, 120, 0.002, 0.002
882, 209.2, 2030, 183, 2046, 546.0, 192, 0.0, 0.0, 354, 32, 4, 54, 0.001, 0, 0.000, 120, 0.002, 0.002
883, 208.6, 2030, 183, 2046, 546.0, 192, 0.0, 0.0, 354, 32, 4, 54, 0.001, 0, 0.000, 120, 0.002, 0.002
885, 210.3, 2030, 183, 2046, 546.0, 192, 0.0, 0.0, 354, 32, 4, 54, 0.001, 0, 0.000, 120, 0.002, 0.002
886, 207.6, 2030, 183, 2046, 546.0, 192, 0.0, 0.0, 354, 32, 4, 54, 0.001, 0, 0.000, 120, 0.002, 0.002
888, 209.0, 2030, 183, 2046, 546.0, 192, 0.0, 0.0, 354, 32, 4, 54, 0.001, 0, 0.000, 120, 0.002, 0.002
889, 208.1, 2030, 183, 2046, 546.0, 192, 0.0, 0.0, 354, 32, 4, 54, 0.001, 0, 0.000, 120, 0.002, 0.002
891, 208.4, 2030, 183, 2046, 546.0, 192, 0.0, 0.0, 354, 32, 4, 54, 0.001, 0, 0.000, 120, 0.002, 0.002
892, 209.8, 2030, 183, 2046, 546.0, 192, 0.0, 0.0, 354, 32, 4, 54, 0.001, 0, 0.000, 120, 0.002, 0.002
893, 208.1, 2030, 183, 2046, 546.0, 192, 0.0, 0.0, 354, 32, 4, 54, 0.001, 0, 0.000, 120, 0.002, 0.002
895, 207.9, 2030, 183, 2046, 546.0, 192, 0.0, 0.0, 354, 32, 4, 54, 0.001, 0, 0.000, 120, 0.002, 0.002
896, 207.7, 2030, 183, 2046, 546.0, 192, 0.0, 0.0, 354, 32, 4, 54, 0.001, 0, 0.000, 120, 0.002, 0.002
898, 239.3, 2030, 183, 2046, 1166.0, 816, 0.0, 0.0, 350, 32, 4, 57, 0.001, 0, 0.000, 120, 0.002, 0.002
899, 208.8, 2030, 183, 2046, 1166.0, 816, 0.0, 0.0, 350, 32, 4, 57, 0.001, 0, 0.000, 120, 0.002, 0.002
901, 209.7, 2030, 183, 2046, 1166.0, 816, 0.0, 0.0, 350, 32, 4, 57, 0.001, 0, 0.000, 120, 0.002, 0.002
902, 208.0, 2030, 183, 2046, 1166.0, 816, 0.0, 0.0, 350, 32, 4, 57, 0.001, 0, 0.000, 120, 0.002, 0.002
904, 208.5, 2030, 183, 2046, 1166.0, 816, 0.0, 0.0, 350, 32, 4, 57, 0.001, 0, 0.000, 120, 0.002, 0.002
905, 208.4, 2030, 183, 2046, 1166.0, 816, 0.0, 0.0, 350, 32, 4, 57, 0.001, 0, 0.000, 120, 0.002, 0.002
907, 254.5, 2030, 183, 2046, 528.0, 178, 0.0, 0.0, 350, 32, 4, 57, 0.001, 0, 0.000, 125, 0.002, 0.002
908, 209.6, 2030, 183, 2046, 528.0, 178, 0.0, 0.0, 350, 32, 4, 57, 0.001, 0, 0.000, 125, 0.002, 0.002
910, 208.8, 2030, 183, 2046, 528.0, 178, 0.0, 0.0, 350, 32, 4, 57, 0.001, 0, 0.000, 125, 0.002, 0.002
911, 209.9, 2030, 183, 2046, 528.0, 178, 0.0, 0.0, 350, 32, 4, 57, 0.001, 0, 0.000, 125, 0.002, 0.002
913, 207.3, 2030, 183, 2046, 528.0, 178, 0.0, 0.0, 350, 32, 4, 57, 0.001, 0, 0.000, 125, 0.002, 0.002
914, 209.8, 2030, 183, 2046, 528.0, 178, 0.0, 0.0, 350, 32, 4, 57, 0.001, 0, 0.000, 125, 0.002, 0.002
916, 207.8, 2030, 183, 2046, 528.0, 178, 0.0, 0.0, 350, 32, 4, 57, 0.001, 0, 0.000, 125, 0.002, 0.002
917, 208.5, 2030, 183, 2046, 528.0, 178, 0.0, 0.0, 350, 32, 4, 57, 0.001, 0, 0.000, 125, 0.002, 0.002
919, 209.6, 2030, 183, 2046, 528.0, 178, 0.0, 0.0, 350, 32, 4, 57, 0.001, 0, 0.000, 125, 0.002, 0.002
920, 207.3, 2030, 183, 2046, 528.0, 178, 0.0, 0.0, 350, 32, 4, 57, 0.001, 0, 0.000, 125, 0.002, 0.002
922, 208.4, 2030, 183, 2046, 528.0, 178, 0.0, 0.0, 350, 32, 4, 57, 0.001, 0, 0.000, 125, 0.002, 0.002
923, 208.5, 2030, 183, 2046, 528.0, 178, 0.0, 0.0, 350, 32, 4, 57, 0.001, 0, 0.000, 125, 0.002, 0.002
925, 208.3, 2030, 183, 2046, 528.0, 178, 0.0, 0.0, 350, 32, 4, 57, 0.001, 0, 0.000, 125, 0.002, 0.002
926, 208.8, 2030, 183, 2046, 528.0, 178, 0.0, 0.0, 350, 32, 4, 57, 0.001, 0, 0.000, 125, 0.002, 0.002
928, 209.3, 2030, 183, 2046, 528.0, 178, 0.0, 0.0, 350, 32, 4, 57, 0.001, 0, 0.000, 125, 0.002, 0.002
929, 208.5, 2030, 183, 2046, 528.0, 178, 0.0, 0.0, 350, 32, 4, 57, 0.001, 0, 0.000, 125, 0.002, 0.002
931, 208.0, 2030, 183, 2046, 528.0, 178, 0.0, 0.0, 350, 32, 4, 57, 0.001, 0, 0.000, 125, 0.002, 0.002
932, 210.0, 2030, 183, 2046, 528.0, 178, 0.0, 0.0, 350, 32, 4, 57, 0.001, 0, 0.000, 125, 0.002, 0.002
934, 206.4, 2030, 183, 2046, 528.0, 178, 0.0, 0.0, 350, 32, 4, 57, 0.001, 0, 0.000, 125, 0.002, 0.002
935, 208.0, 2030, 183, 2046, 7750.0, 7396, 0.0, 0.0, 354, 32, 4, 58, 0.001, 0, 0.000, 125, 0.002, 0.002
937, 233.4, 2030, 183, 2046, 1176.0, 822, 0.0, 0.0, 354, 32, 4, 60, 0.001, 0, 0.000, 125, 0.002, 0.002
938, 208.7, 2030, 183, 2046, 1176.0, 822, 0.0, 0.0, 354, 32, 4, 60, 0.001, 0, 0.000, 125, 0.002, 0.002
940, 207.7, 2030, 183, 2046, 1176.0, 822, 0.0, 0.0, 354, 32, 4, 60, 0.001, 0, 0.000, 125, 0.002, 0.002
941, 208.4, 2030, 183, 2046, 1176.0, 822, 0.0, 0.0, 354, 32, 4, 60, 0.001, 0, 0.000, 125, 0.002, 0.002
943, 262.1, 2030, 183, 2046, 534.0, 178, 0.0, 0.0, 356, 32, 4, 60, 0.001, 0, 0.000, 130, 0.002, 0.003
944, 208.8, 2030, 183, 2046, 534.0, 178, 0.0, 0.0, 356, 32, 4, 60, 0.001, 0, 0.000, 130, 0.002, 0.003
946, 210.6, 2030, 183, 2046, 534.0, 178, 0.0, 0.0, 356, 32, 4, 60, 0.001, 0, 0.000, 130, 0.002, 0.003
947, 206.0, 2030, 183, 2046, 534.0, 178, 0.0, 0.0, 356, 32, 4, 60, 0.001, 0, 0.000, 130, 0.002, 0.003
949, 207.8, 2030, 183, 2046, 534.0, 178, 0.0, 0.0, 356, 32, 4, 60, 0.001, 0, 0.000, 130, 0.002, 0.003
950, 207.7, 2030, 183, 2046, 534.0, 178, 0.0, 0.0, 356, 32, 4, 60, 0.001, 0, 0.000, 130, 0.002, 0.003
952, 205.6, 2030, 183, 2046, 534.0, 178, 0.0, 0.0, 356, 32, 4, 60, 0.001, 0, 0.000, 130, 0.002, 0.003
953, 206.8, 2030, 183, 2046, 534.0, 178, 0.0, 0.0, 356, 32, 4, 60, 0.001, 0, 0.000, 130, 0.002, 0.003
955, 207.6, 2030, 183, 2046, 534.0, 178, 0.0, 0.0, 356, 32, 4, 60, 0.001, 0, 0.000, 130, 0.002, 0.003
956, 208.7, 2030, 183, 2046, 534.0, 178, 0.0, 0.0, 356, 32, 4, 60, 0.001, 0, 0.000, 130, 0.002, 0.003
958, 206.7, 2030, 183, 2046, 534.0, 178, 0.0, 0.0, 356, 32, 4, 60, 0.001, 0, 0.000, 130, 0.002, 0.003
959, 208.6, 2030, 183, 2046, 534.0, 178, 0.0, 0.0, 356, 32, 4, 60, 0.001, 0, 0.000, 130, 0.002, 0.003
961, 209.2, 2030, 183, 2046, 534.0, 178, 0.0, 0.0, 356, 32, 4, 60, 0.001, 0, 0.000, 130, 0.002, 0.003
962, 208.1, 2030, 183, 2046, 534.0, 178, 0.0, 0.0, 356, 32, 4, 60, 0.001, 0, 0.000, 130, 0.002, 0.003
964, 206.3, 2030, 183, 2046, 534.0, 178, 0.0, 0.0, 356, 32, 4, 60, 0.001, 0, 0.000, 130, 0.002, 0.003
965, 206.6, 2030, 183, 2046, 534.0, 178, 0.0, 0.0, 356, 32, 4, 60, 0.001, 0, 0.000, 130, 0.002, 0.003
967, 206.3, 2030, 183, 2046, 534.0, 178, 0.0, 0.0, 356, 32, 4, 60, 0.001, 0, 0.000, 130, 0.002, 0.003
968, 209.0, 2030, 183, 2046, 534.0, 178, 0.0, 0.0, 356, 32, 4, 60, 0.001, 0, 0.000, 130, 0.002, 0.003
970, 206.5, 2030, 183, 2046, 534.0, 178, 0.0, 0.0, 356, 32, 4, 60, 0.001, 0, 0.000, 130, 0.002, 0.003
971, 207.9, 2030, 183, 2046, 7750.0, 7400, 0.0, 0.0, 350, 32, 4, 61, 0.001, 0, 0.000, 130, 0.002, 0.003
973, 241.2, 2030, 183, 2046, 1078.0, 728, 0.0, 0.0, 350, 32, 4, 63, 0.001, 0, 0.000, 130, 0.002, 0.003
974, 205.1, 2030, 183, 2046, 1078.0, 728, 0.0, 0.0, 350, 32, 4, 63, 0.001, 0, 0.000, 130, 0.002, 0.003
976, 206.8, 2030, 183, 2046, 1078.0, 728, 0.0, 0.0, 350, 32, 4, 63, 0.001, 0, 0.000, 130, 0.002, 0.003
977, 275.9, 2030, 183, 2046, 530.0, 180, 0.0, 0.0, 350, 32, 4, 63, 0.001, 0, 0.000, 135, 0.002, 0.003
979, 208.9, 2030, 183, 2046, 530.0, 180, 0.0, 0.0, 350, 32, 4, 63, 0.001, 0, 0.000, 135, 0.002, 0.003
980, 209.2, 2030, 183, 2046, 530.0, 180, 0.0, 0.0, 350, 32, 4, 63, 0.001, 0, 0.000, 135, 0.002, 0.003
982, 207.4, 2030, 183, 2046, 530.0, 180, 0.0, 0.0, 350, 32, 4, 63, 0.001, 0, 0.000, 135, 0.002, 0.003
983, 207.4, 2030, 183, 2046, 530.0, 180, 0.0, 0.0, 350, 32, 4, 63, 0.001, 0, 0.000, 135, 0.002, 0.003
985, 209.5, 2030, 183, 2046, 530.0, 180, 0.0, 0.0, 350, 32, 4, 63, 0.001, 0, 0.000, 135, 0.002, 0.003
986, 207.6, 2030, 183, 2046, 530.0, 180, 0.0, 0.0, 350, 32, 4, 63, 0.001, 0, 0.000, 135, 0.002, 0.003
988, 209.5, 2030, 183, 2046, 530.0, 180, 0.0, 0.0, 350, 32, 4, 63, 0.001, 0, 0.000, 135, 0.002, 0.003
989, 207.9, 2030, 183, 2046, 530.0, 180, 0.0, 0.0, 350, 32, 4, 63, 0.001, 0, 0.000, 135, 0.002, 0.003
991, 207.2, 2030, 183, 2046, 530.0, 180, 0.0, 0.0, 350, 32, 4, 63, 0.001, 0, 0.000, 135, 0.002, 0.003
992, 208.8, 2030, 183, 2046, 530.0, 180, 0.0, 0.0, 350, 32, 4, 63, 0.001, 0, 0.000, 135, 0.002, 0.003
994, 207.8, 2030, 183, 2046, 530.0, 180, 0.0, 0.0, 350, 32, 4, 63, 0.001, 0, 0.000, 135, 0.002, 0.003
995, 211.0, 2030, 183, 2046, 530.0, 180, 0.0, 0.0, 350, 32, 4, 63, 0.001, 0, 0.000, 135, 0.002, 0.003
997, 207.1, 2030, 183, 2046, 530.0, 180, 0.0, 0.0, 350, 32, 4, 63, 0.001, 0, 0.000, 135, 0.002, 0.003
998, 210.6, 2030, 183, 2046, 530.0, 180, 0.0, 0.0, 350, 32, 4, 63, 0.001, 0, 0.000, 135, 0.002, 0.003
1000, 207.3, 2030, 183, 2046, 530.0, 180, 0.0, 0.0, 350, 32, 4, 63, 0.001, 0, 0.000, 135, 0.002, 0.003
1001, 207.3, 2030, 183, 2046, 530.0, 180, 0.0, 0.0, 350, 32, 4, 63, 0.001, 0, 0.000, 135, 0.002, 0.003
1003, 209.2, 2030, 183, 2046, 530.0, 180, 0.0, 0.0, 350, 32, 4, 63, 0.001, 0, 0.000, 135, 0.002, 0.003
1004, 209.1, 2030, 183, 2046, 530.0, 180, 0.0, 0.0, 350, 32, 4, 63, 0.001, 0, 0.000, 135, 0.002, 0.003
1006, 209.2, 2030, 183, 2046, 1278.0, 932, 0.0, 0.0, 346, 32, 4, 66, 0.001, 0, 0.000, 135, 0.002, 0.003
1007, 212.9, 2030, 183, 2046, 1278.0, 932, 0.0, 0.0, 346, 32, 4, 66, 0.001, 0, 0.000, 135, 0.002, 0.003
1009, 207.3, 2030, 183, 2046, 1278.0, 932, 0.0, 0.0, 346, 32, 4, 66, 0.001, 0, 0.000, 135, 0.002, 0.003
1010, 263.9, 2030, 183, 2046, 518.0, 172, 0.0, 0.0, 346, 32, 4, 66, 0.001, 0, 0.000, 140, 0.002, 0.003
1012, 208.5, 2030, 183, 2046, 518.0, 172, 0.0, 0.0, 346, 32, 4, 66, 0.001, 0, 0.000, 140, 0.002, 0.003
1013, 210.7, 2030, 183, 2046, 518.0, 172, 0.0, 0.0, 346, 32, 4, 66, 0.001, 0, 0.000, 140, 0.002, 0.003
1015, 209.2, 2030, 183, 2046, 518.0, 172, 0.0, 0.0, 346, 32, 4, 66, 0.001, 0, 0.000, 140, 0.002, 0.003
1016, 210.1, 2030, 183, 2046, 518.0, 172, 0.0, 0.0, 346, 32, 4, 66, 0.001, 0, 0.000, 140, 0.002, 0.003
1018, 208.2, 2030, 183, 2046, 518.0, 172, 0.0, 0.0, 346, 32, 4, 66, 0.001, 0, 0.000, 140, 0.002, 0.003
1019, 209.3, 2030, 183, 2046, 518.0, 172, 0.0, 0.0, 346, 32, 4, 66, 0.001, 0, 0.000, 140, 0.002, 0.003
1021, 211.2, 2030, 183, 2046, 518.0, 172, 0.0, 0.0, 346, 32, 4, 66, 0.001, 0, 0.000, 140, 0.002, 0.003
1022, 209.4, 2030, 183, 2046, 518.0, 172, 0.0, 0.0, 346, 32, 4, 66, 0.001, 0, 0.000, 140, 0.002, 0.003
1024, 210.1, 2030, 183, 2046, 518.0, 172, 0.0, 0.0, 346, 32, 4, 66, 0.001, 0, 0.000, 140, 0.002, 0.003
1025, 207.9, 2030, 183, 2046, 518.0, 172, 0.0, 0.0, 346, 32, 4, 66, 0.001, 0, 0.000, 140, 0.002, 0.003
1027, 206.4, 2030, 183, 2046, 518.0, 172, 0.0, 0.0, 346, 32, 4, 66, 0.001, 0, 0.000, 140, 0.002, 0.003
1028, 208.6, 2030, 183, 2046, 518.0, 172, 0.0, 0.0, 346, 32, 4, 66, 0.001, 0, 0.000, 140, 0.002, 0.003
1030, 207.0, 2030, 183, 2046, 518.0, 172, 0.0, 0.0, 346, 32, 4, 66, 0.001, 0, 0.000, 140, 0.002, 0.003
1031, 209.8, 2030, 183, 2046, 518.0, 172, 0.0, 0.0, 346, 32, 4, 66, 0.001, 0, 0.000, 140, 0.002, 0.003
1033, 210.4, 2030, 183, 2046, 518.0, 172, 0.0, 0.0, 346, 32, 4, 66, 0.001, 0, 0.000, 140, 0.002, 0.003
1034, 208.1, 2030, 183, 2046, 518.0, 172, 0.0, 0.0, 346, 32, 4, 66, 0.001, 0, 0.000, 140, 0.002, 0.003
1036, 208.7, 2030, 183, 2046, 518.0, 172, 0.0, 0.0, 346, 32, 4, 66, 0.001, 0, 0.000, 140, 0.002, 0.003
1037, 209.6, 2030, 183, 2046, 518.0, 172, 0.0, 0.0, 346, 32, 4, 66, 0.001, 0, 0.000, 140, 0.002, 0.003
1039, 209.0, 2030, 183, 2046, 518.0, 172, 0.0, 0.0, 346, 32, 4, 66, 0.001, 0, 0.000, 140, 0.002, 0.003
1040, 248.3, 2030, 183, 2046, 1224.0, 878, 0.0, 0.0, 346, 32, 4, 69, 0.001, 0, 0.000, 140, 0.002, 0.003
1041, 211.6, 2030, 183, 2046, 1224.0, 878, 0.0, 0.0, 346, 32, 4, 69, 0.001, 0, 0.000, 140, 0.002, 0.003
1043, 231.1, 2030, 183, 2046, 532.0, 186, 0.0, 0.0, 346, 32, 4, 69, 0.001, 0, 0.000, 145, 0.002, 0.003
1045, 220.4, 2030, 183, 2046, 532.0, 186, 0.0, 0.0, 346, 32, 4, 69, 0.001, 0, 0.000, 145, 0.002, 0.003
1046, 209.3, 2030, 183, 2046, 532.0, 186, 0.0, 0.0, 346, 32, 4, 69, 0.001, 0, 0.000, 145, 0.002, 0.003
1048, 209.4, 2030, 183, 2046, 532.0, 186, 0.0, 0.0, 346, 32, 4, 69, 0.001, 0, 0.000, 145, 0.002, 0.003
1049, 207.8, 2030, 183, 2046, 532.0, 186, 0.0, 0.0, 346, 32, 4, 69, 0.001, 0, 0.000, 145, 0.002, 0.003
1051, 209.0, 2030, 183, 2046, 532.0, 186, 0.0, 0.0, 346, 32, 4, 69, 0.001, 0, 0.000, 145, 0.002, 0.003
1052, 207.6, 2030, 183, 2046, 532.0, 186, 0.0, 0.0, 346, 32, 4, 69, 0.001, 0, 0.000, 145, 0.002, 0.003
1054, 209.3, 2030, 183, 2046, 532.0, 186, 0.0, 0.0, 346, 32, 4, 69, 0.001, 0, 0.000, 145, 0.002, 0.003
1055, 209.4, 2030, 183, 2046, 532.0, 186, 0.0, 0.0, 346, 32, 4, 69, 0.001, 0, 0.000, 145, 0.002, 0.003
1056, 207.3, 2030, 183, 2046, 532.0, 186, 0.0, 0.0, 346, 32, 4, 69, 0.001, 0, 0.000, 145, 0.002, 0.003
1058, 209.7, 2030, 183, 2046, 532.0, 186, 0.0, 0.0, 346, 32, 4, 69, 0.001, 0, 0.000, 145, 0.002, 0.003
1059, 209.4, 2030, 183, 2046, 532.0, 186, 0.0, 0.0, 346, 32, 4, 69, 0.001, 0, 0.000, 145, 0.002, 0.003
1061, 208.9, 2030, 183, 2046, 532.0, 186, 0.0, 0.0, 346, 32, 4, 69, 0.001, 0, 0.000, 145, 0.002, 0.003
1062, 209.7, 2030, 183, 2046, 532.0, 186, 0.0, 0.0, 346, 32, 4, 69, 0.001, 0, 0.000, 145, 0.002, 0.003
1064, 208.5, 2030, 183, 2046, 532.0, 186, 0.0, 0.0, 346, 32, 4, 69, 0.001, 0, 0.000, 145, 0.002, 0.003
1065, 207.7, 2030, 183, 2046, 532.0, 186, 0.0, 0.0, 346, 32, 4, 69, 0.001, 0, 0.000, 145, 0.002, 0.003
1067, 208.3, 2030, 183, 2046, 532.0, 186, 0.0, 0.0, 346, 32, 4, 69, 0.001, 0, 0.000, 145, 0.002, 0.003
1068, 208.6, 2030, 183, 2046, 532.0, 186, 0.0, 0.0, 346, 32, 4, 69, 0.001, 0, 0.000, 145, 0.002, 0.003
1070, 209.4, 2030, 183, 2046, 532.0, 186, 0.0, 0.0, 346, 32, 4, 69, 0.001, 0, 0.000, 145, 0.002, 0.003
1071, 207.3, 2030, 183, 2046, 532.0, 186, 0.0, 0.0, 346, 32, 4, 69, 0.001, 0, 0.000, 145, 0.002, 0.003
1073, 251.9, 2030, 183, 2046, 1274.0, 928, 0.0, 0.0, 346, 32, 4, 72, 0.001, 0, 0.000, 145, 0.002, 0.003
1074, 210.2, 2030, 183, 2046, 1274.0, 928, 0.0, 0.0, 346, 32, 4, 72, 0.001, 0, 0.000, 145, 0.002, 0.003
1076, 209.3, 2030, 183, 2046, 1274.0, 928, 0.0, 0.0, 346, 32, 4, 72, 0.001, 0, 0.000, 145, 0.002, 0.003
1077, 209.4, 2030, 183, 2046, 1274.0, 928, 0.0, 0.0, 346, 32, 4, 72, 0.001, 0, 0.000, 145, 0.002, 0.003
1079, 209.8, 2030, 183, 2046, 1274.0, 928, 0.0, 0.0, 346, 32, 4, 72, 0.001, 0, 0.000, 145, 0.002, 0.003
1080, 208.0, 2030, 183, 2046, 1274.0, 928, 0.0, 0.0, 346, 32, 4, 72, 0.001, 0, 0.000, 145, 0.002, 0.003
1082, 209.4, 2030, 183, 2046, 1340.0, 994, 0.0, 0.0, 346, 32, 4, 72, 0.001, 0, 0.000, 148, 0.002, 0.003
1083, 236.4, 2030, 183, 2046, 524.0, 178, 0.0, 0.0, 346, 32, 4, 72, 0.001, 0, 0.000, 150, 0.002, 0.003
1085, 207.9, 2030, 183, 2046, 524.0, 178, 0.0, 0.0, 346, 32, 4, 72, 0.001, 0, 0.000, 150, 0.002, 0.003
1086, 208.8, 2030, 183, 2046, 524.0, 178, 0.0, 0.0, 346, 32, 4, 72, 0.001, 0, 0.000, 150, 0.002, 0.003
1088, 209.3, 2030, 183, 2046, 524.0, 178, 0.0, 0.0, 346, 32, 4, 72, 0.001, 0, 0.000, 150, 0.002, 0.003
1089, 208.7, 2030, 183, 2046, 524.0, 178, 0.0, 0.0, 346, 32, 4, 72, 0.001, 0, 0.000, 150, 0.002, 0.003
1091, 206.3, 2030, 183, 2046, 524.0, 178, 0.0, 0.0, 346, 32, 4, 72, 0.001, 0, 0.000, 150, 0.002, 0.003
1092, 207.2, 2030, 183, 2046, 524.0, 178, 0.0, 0.0, 346, 32, 4, 72, 0.001, 0, 0.000, 150, 0.002, 0.003
1094, 210.1, 2030, 183, 2046, 524.0, 178, 0.0, 0.0, 346, 32, 4, 72, 0.001, 0, 0.000, 150, 0.002, 0.003
1095, 208.3, 2030, 183, 2046, 524.0, 178, 0.0, 0.0, 346, 32, 4, 72, 0.001, 0, 0.000, 150, 0.002, 0.003
1097, 207.0, 2030, 183, 2046, 524.0, 178, 0.0, 0.0, 346, 32, 4, 72, 0.001, 0, 0.000, 150, 0.002, 0.003
1098, 208.8, 2030, 183, 2046, 524.0, 178, 0.0, 0.0, 346, 32, 4, 72, 0.001, 0, 0.000, 150, 0.002, 0.003
1100, 210.4, 2030, 183, 2046, 524.0, 178, 0.0, 0.0, 346, 32, 4, 72, 0.001, 0, 0.000, 150, 0.002, 0.003
1101, 209.4, 2030, 183, 2046, 524.0, 178, 0.0, 0.0, 346, 32, 4, 72, 0.001, 0, 0.000, 150, 0.002, 0.003
1103, 209.7, 2030, 183, 2046, 524.0, 178, 0.0, 0.0, 346, 32, 4, 72, 0.001, 0, 0.000, 150, 0.002, 0.003
1104, 207.1, 2030, 183, 2046, 524.0, 178, 0.0, 0.0, 346, 32, 4, 72, 0.001, 0, 0.000, 150, 0.002, 0.003
1106, 207.7, 2030, 183, 2046, 524.0, 178, 0.0, 0.0, 346, 32, 4, 72, 0.001, 0, 0.000, 150, 0.002, 0.003
1107, 207.9, 2030, 183, 2046, 524.0, 178, 0.0, 0.0, 346, 32, 4, 72, 0.001, 0, 0.000, 150, 0.002, 0.003
1109, 208.7, 2030, 183, 2046, 524.0, 178, 0.0, 0.0, 346, 32, 4, 72, 0.001, 0, 0.000, 150, 0.002, 0.003
1110, 208.7, 2030, 183, 2046, 524.0, 178, 0.0, 0.0, 346, 32, 4, 72, 0.001, 0, 0.000, 150, 0.002, 0.003
1112, 240.5, 2030, 183, 2046, 1324.0, 978, 0.0, 0.0, 346, 32, 4, 75, 0.001, 0, 0.000, 150, 0.002, 0.003
1113, 207.4, 2030, 183, 2046, 1324.0, 978, 0.0, 0.0, 346, 32, 4, 75, 0.001, 0, 0.000, 150, 0.002, 0.003
1115, 208.0, 2030, 183, 2046, 1324.0, 978, 0.0, 0.0, 346, 32, 4, 75, 0.001, 0, 0.000, 150, 0.002, 0.003
1116, 207.6, 2030, 183, 2046, 1324.0, 978, 0.0, 0.0, 346, 32, 4, 75, 0.001, 0, 0.000, 150, 0.002, 0.003
1118, 209.8, 2030, 183, 2046, 1324.0, 978, 0.0, 0.0, 346, 32, 4, 75, 0.001, 0, 0.000, 150, 0.002, 0.003
1119, 208.0, 2030, 183, 2046, 1324.0, 978, 0.0, 0.0, 346, 32, 4, 75, 0.001, 0, 0.000, 150, 0.002, 0.003
1121, 207.6, 2030, 183, 2046, 1324.0, 978, 0.0, 0.0, 346, 32, 4, 75, 0.001, 0, 0.000, 150, 0.002, 0.003
1122, 260.1, 2030, 183, 2046, 522.0, 176, 0.0, 0.0, 346, 32, 4, 75, 0.001, 0, 0.000, 155, 0.002, 0.003
1124, 209.2, 2030, 183, 2046, 522.0, 176, 0.0, 0.0, 346, 32, 4, 75, 0.001, 0, 0.000, 155, 0.002, 0.003
1125, 207.0, 2030, 183, 2046, 522.0, 176, 0.0, 0.0, 346, 32, 4, 75, 0.001, 0, 0.000, 155, 0.002, 0.003
1127, 207.4, 2030, 183, 2046, 522.0, 176, 0.0, 0.0, 346, 32, 4, 75, 0.001, 0, 0.000, 155, 0.002, 0.003
1128, 207.8, 2030, 183, 2046, 522.0, 176, 0.0, 0.0, 346, 32, 4, 75, 0.001, 0, 0.000, 155, 0.002, 0.003
1130, 207.3, 2030, 183, 2046, 522.0, 176, 0.0, 0.0, 346, 32, 4, 75, 0.001, 0, 0.000, 155, 0.002, 0.003
1131, 207.9, 2030, 183, 2046, 522.0, 176, 0.0, 0.0, 346, 32, 4, 75, 0.001, 0, 0.000, 155, 0.002, 0.003
1133, 208.7, 2030, 183, 2046, 522.0, 176, 0.0, 0.0, 346, 32, 4, 75, 0.001, 0, 0.000, 155, 0.002, 0.003
1134, 207.9, 2030, 183, 2046, 522.0, 176, 0.0, 0.0, 346, 32, 4, 75, 0.001, 0, 0.000, 155, 0.002, 0.003
1136, 207.4, 2030, 183, 2046, 522.0, 176, 0.0, 0.0, 346, 32, 4, 75, 0.001, 0, 0.000, 155, 0.002, 0.003
1137, 207.8, 2030, 183, 2046, 522.0, 176, 0.0, 0.0, 346, 32, 4, 75, 0.001, 0, 0.000, 155, 0.002, 0.003
1139, 209.6, 2030, 183, 2046, 522.0, 176, 0.0, 0.0, 346, 32, 4, 75, 0.001, 0, 0.000, 155, 0.002, 0.003
1140, 208.2, 2030, 183, 2046, 522.0, 176, 0.0, 0.0, 346, 32, 4, 75, 0.001, 0, 0.000, 155, 0.002, 0.003
1142, 206.9, 2030, 183, 2046, 522.0, 176, 0.0, 0.0, 346, 32, 4, 75, 0.001, 0, 0.000, 155, 0.002, 0.003
1143, 209.5, 2030, 183, 2046, 522.0, 176, 0.0, 0.0, 346, 32, 4, 75, 0.001, 0, 0.000, 155, 0.002, 0.003
1145, 209.2, 2030, 183, 2046, 522.0, 176, 0.0, 0.0, 346, 32, 4, 75, 0.001, 0, 0.000, 155, 0.002, 0.003
1146, 208.0, 2030, 183, 2046, 522.0, 176, 0.0, 0.0, 346, 32, 4, 75, 0.001, 0, 0.000, 155, 0.002, 0.003
1148, 207.7, 2030, 183, 2046, 522.0, 176, 0.0, 0.0, 346, 32, 4, 75, 0.001, 0, 0.000, 155, 0.002, 0.003
1149, 208.6, 2030, 183, 2046, 522.0, 176, 0.0, 0.0, 346, 32, 4, 75, 0.001, 0, 0.000, 155, 0.002, 0.003
1151, 205.1, 2030, 183, 2046, 522.0, 176, 0.0, 0.0, 346, 32, 4, 75, 0.001, 0, 0.000, 155, 0.002, 0.003
1152, 248.3, 2030, 183, 2046, 1206.0, 860, 0.0, 0.0, 346, 32, 4, 78, 0.001, 0, 0.000, 155, 0.002, 0.003
1154, 208.4, 2030, 183, 2046, 1206.0, 860, 0.0, 0.0, 346, 32, 4, 78, 0.001, 0, 0.000, 155, 0.002, 0.003
1155, 215.3, 2030, 183, 2046, 518.0, 170, 0.0, 0.0, 348, 32, 4, 78, 0.001, 0, 0.000, 160, 0.002, 0.003
1157, 225.2, 2030, 183, 2046, 518.0, 170, 0.0, 0.0, 348, 32, 4, 78, 0.001, 0, 0.000, 160, 0.002, 0.003
1158, 207.1, 2030, 183, 2046, 518.0, 170, 0.0, 0.0, 348, 32, 4, 78, 0.001, 0, 0.000, 160, 0.002, 0.003
1160, 207.7, 2030, 183, 2046, 518.0, 170, 0.0, 0.0, 348, 32, 4, 78, 0.001, 0, 0.000, 160, 0.002, 0.003
1161, 207.9, 2030, 183, 2046, 518.0, 170, 0.0, 0.0, 348, 32, 4, 78, 0.001, 0, 0.000, 160, 0.002, 0.003
1163, 208.6, 2030, 183, 2046, 518.0, 170, 0.0, 0.0, 348, 32, 4, 78, 0.001, 0, 0.000, 160, 0.002, 0.003
1164, 207.8, 2030, 183, 2046, 518.0, 170, 0.0, 0.0, 348, 32, 4, 78, 0.001, 0, 0.000, 160, 0.002, 0.003
1166, 207.3, 2030, 183, 2046, 518.0, 170, 0.0, 0.0, 348, 32, 4, 78, 0.001, 0, 0.000, 160, 0.002, 0.003
1167, 206.1, 2030, 183, 2046, 518.0, 170, 0.0, 0.0, 348, 32, 4, 78, 0.001, 0, 0.000, 160, 0.002, 0.003
1169, 208.5, 2030, 183, 2046, 518.0, 170, 0.0, 0.0, 348, 32, 4, 78, 0.001, 0, 0.000, 160, 0.002, 0.003
1170, 208.4, 2030, 183, 2046, 518.0, 170, 0.0, 0.0, 348, 32, 4, 78, 0.001, 0, 0.000, 160, 0.002, 0.003
1172, 207.5, 2030, 183, 2046, 518.0, 170, 0.0, 0.0, 348, 32, 4, 78, 0.001, 0, 0.000, 160, 0.002, 0.003
1173, 207.4, 2030, 183, 2046, 518.0, 170, 0.0, 0.0, 348, 32, 4, 78, 0.001, 0, 0.000, 160, 0.002, 0.003
1175, 209.1, 2030, 183, 2046, 518.0, 170, 0.0, 0.0, 348, 32, 4, 78, 0.001, 0, 0.000, 160, 0.002, 0.003
1176, 207.1, 2030, 183, 2046, 518.0, 170, 0.0, 0.0, 348, 32, 4, 78, 0.001, 0, 0.000, 160, 0.002, 0.003
1178, 208.0, 2030, 183, 2046, 518.0, 170, 0.0, 0.0, 348, 32, 4, 78, 0.001, 0, 0.000, 160, 0.002, 0.003
1179, 207.6, 2030, 183, 2046, 518.0, 170, 0.0, 0.0, 348, 32, 4, 78, 0.001, 0, 0.000, 160, 0.002, 0.003
1181, 207.5, 2030, 183, 2046, 518.0, 170, 0.0, 0.0, 348, 32, 4, 78, 0.001, 0, 0.000, 160, 0.002, 0.003
1182, 207.6, 2030, 183, 2046, 518.0, 170, 0.0, 0.0, 348, 32, 4, 78, 0.001, 0, 0.000, 160, 0.002, 0.003
1184, 210.3, 2030, 183, 2046, 518.0, 170, 0.0, 0.0, 348, 32, 4, 78, 0.001, 0, 0.000, 160, 0.002, 0.003
1185, 238.7, 2030, 183, 2046, 1198.0, 846, 0.0, 0.0, 352, 32, 4, 81, 0.001, 0, 0.000, 160, 0.002, 0.003
1187, 208.3, 2030, 183, 2046, 1198.0, 846, 0.0, 0.0, 352, 32, 4, 81, 0.001, 0, 0.000, 160, 0.002, 0.003
1188, 207.4, 2030, 183, 2046, 1344.0, 992, 0.0, 0.0, 352, 32, 4, 81, 0.001, 0, 0.000, 161, 0.002, 0.003
1190, 262.7, 2030, 183, 2046, 544.0, 192, 0.0, 0.0, 352, 32, 4, 81, 0.001, 0, 0.000, 165, 0.002, 0.003
1191, 209.9, 2030, 183, 2046, 544.0, 192, 0.0, 0.0, 352, 32, 4, 81, 0.001, 0, 0.000, 165, 0.002, 0.003
1193, 209.9, 2030, 183, 2046, 544.0, 192, 0.0, 0.0, 352, 32, 4, 81, 0.001, 0, 0.000, 165, 0.002, 0.003
1194, 209.6, 2030, 183, 2046, 544.0, 192, 0.0, 0.0, 352, 32, 4, 81, 0.001, 0, 0.000, 165, 0.002, 0.003
1196, 207.8, 2030, 183, 2046, 544.0, 192, 0.0, 0.0, 352, 32, 4, 81, 0.001, 0, 0.000, 165, 0.002, 0.003
1197, 209.4, 2030, 183, 2046, 544.0, 192, 0.0, 0.0, 352, 32, 4, 81, 0.001, 0, 0.000, 165, 0.002, 0.003
1199, 208.1, 2030, 183, 2046, 544.0, 192, 0.0, 0.0, 352, 32, 4, 81, 0.001, 0, 0.000, 165, 0.002, 0.003
1200, 209.0, 2030, 183, 2046, 544.0, 192, 0.0, 0.0, 352, 32, 4, 81, 0.001, 0, 0.000, 165, 0.002, 0.003
1202, 206.9, 2030, 183, 2046, 544.0, 192, 0.0, 0.0, 352, 32, 4, 81, 0.001, 0, 0.000, 165, 0.002, 0.003
1203, 208.7, 2030, 183, 2046, 544.0, 192, 0.0, 0.0, 352, 32, 4, 81, 0.001, 0, 0.000, 165, 0.002, 0.003
1205, 210.0, 2030, 183, 2046, 544.0, 192, 0.0, 0.0, 352, 32, 4, 81, 0.001, 0, 0.000, 165, 0.002, 0.003
1206, 209.0, 2030, 183, 2046, 544.0, 192, 0.0, 0.0, 352, 32, 4, 81, 0.001, 0, 0.000, 165, 0.002, 0.003
1208, 207.8, 2030, 183, 2046, 544.0, 192, 0.0, 0.0, 352, 32, 4, 81, 0.001, 0, 0.000, 165, 0.002, 0.003
1209, 209.4, 2030, 183, 2046, 544.0, 192, 0.0, 0.0, 352, 32, 4, 81, 0.001, 0, 0.000, 165, 0.002, 0.003
1211, 206.5, 2030, 183, 2046, 544.0, 192, 0.0, 0.0, 352, 32, 4, 81, 0.001, 0, 0.000, 165, 0.002, 0.003
1212, 207.8, 2030, 183, 2046, 544.0, 192, 0.0, 0.0, 352, 32, 4, 81, 0.001, 0, 0.000, 165, 0.002, 0.003
1214, 207.8, 2030, 183, 2046, 544.0, 192, 0.0, 0.0, 352, 32, 4, 81, 0.001, 0, 0.000, 165, 0.002, 0.003
1215, 208.1, 2030, 183, 2046, 544.0, 192, 0.0, 0.0, 352, 32, 4, 81, 0.001, 0, 0.000, 165, 0.002, 0.003
1217, 207.1, 2030, 183, 2046, 544.0, 192, 0.0, 0.0, 352, 32, 4, 81, 0.001, 0, 0.000, 165, 0.002, 0.003
1218, 233.8, 2030, 183, 2046, 1126.0, 772, 0.0, 0.0, 354, 32, 4, 84, 0.001, 0, 0.000, 165, 0.002, 0.003
1220, 208.4, 2030, 183, 2046, 1126.0, 772, 0.0, 0.0, 354, 32, 4, 84, 0.001, 0, 0.000, 165, 0.002, 0.003
1221, 208.4, 2030, 183, 2046, 1126.0, 772, 0.0, 0.0, 354, 32, 4, 84, 0.001, 0, 0.000, 165, 0.002, 0.003
1223, 209.8, 2030, 183, 2046, 1126.0, 772, 0.0, 0.0, 354, 32, 4, 84, 0.001, 0, 0.000, 165, 0.002, 0.003
1224, 209.9, 2030, 183, 2046, 1126.0, 772, 0.0, 0.0, 354, 32, 4, 84, 0.001, 0, 0.000, 165, 0.002, 0.003
1226, 259.3, 2030, 183, 2046, 518.0, 164, 0.0, 0.0, 354, 32, 4, 84, 0.001, 0, 0.000, 170, 0.002, 0.003
1227, 209.8, 2030, 183, 2046, 518.0, 164, 0.0, 0.0, 354, 32, 4, 84, 0.001, 0, 0.000, 170, 0.002, 0.003
1229, 208.3, 2030, 183, 2046, 518.0, 164, 0.0, 0.0, 354, 32, 4, 84, 0.001, 0, 0.000, 170, 0.002, 0.003
1230, 209.2, 2030, 183, 2046, 518.0, 164, 0.0, 0.0, 354, 32, 4, 84, 0.001, 0, 0.000, 170, 0.002, 0.003
1232, 208.3, 2030, 183, 2046, 518.0, 164, 0.0, 0.0, 354, 32, 4, 84, 0.001, 0, 0.000, 170, 0.002, 0.003
1233, 208.3, 2030, 183, 2046, 518.0, 164, 0.0, 0.0, 354, 32, 4, 84, 0.001, 0, 0.000, 170, 0.002, 0.003
1235, 208.6, 2030, 183, 2046, 518.0, 164, 0.0, 0.0, 354, 32, 4, 84, 0.001, 0, 0.000, 170, 0.002, 0.003
1236, 206.7, 2030, 183, 2046, 518.0, 164, 0.0, 0.0, 354, 32, 4, 84, 0.001, 0, 0.000, 170, 0.002, 0.003
1238, 207.4, 2030, 183, 2046, 518.0, 164, 0.0, 0.0, 354, 32, 4, 84, 0.001, 0, 0.000, 170, 0.002, 0.003
1239, 208.6, 2030, 183, 2046, 518.0, 164, 0.0, 0.0, 354, 32, 4, 84, 0.001, 0, 0.000, 170, 0.002, 0.003
1241, 209.8, 2030, 183, 2046, 518.0, 164, 0.0, 0.0, 354, 32, 4, 84, 0.001, 0, 0.000, 170, 0.002, 0.003
1242, 207.9, 2030, 183, 2046, 518.0, 164, 0.0, 0.0, 354, 32, 4, 84, 0.001, 0, 0.000, 170, 0.002, 0.003
1244, 208.7, 2030, 183, 2046, 518.0, 164, 0.0, 0.0, 354, 32, 4, 84, 0.001, 0, 0.000, 170, 0.002, 0.003
1245, 207.7, 2030, 183, 2046, 518.0, 164, 0.0, 0.0, 354, 32, 4, 84, 0.001, 0, 0.000, 170, 0.002, 0.003
1247, 208.6, 2030, 183, 2046, 518.0, 164, 0.0, 0.0, 354, 32, 4, 84, 0.001, 0, 0.000, 170, 0.002, 0.003
1248, 207.7, 2030, 183, 2046, 518.0, 164, 0.0, 0.0, 354, 32, 4, 84, 0.001, 0, 0.000, 170, 0.002, 0.003
1250, 208.3, 2030, 183, 2046, 518.0, 164, 0.0, 0.0, 354, 32, 4, 84, 0.001, 0, 0.000, 170, 0.002, 0.003
1251, 207.4, 2030, 183, 2046, 518.0, 164, 0.0, 0.0, 354, 32, 4, 84, 0.001, 0, 0.000, 170, 0.002, 0.003
1252, 207.5, 2030, 183, 2046, 518.0, 164, 0.0, 0.0, 354, 32, 4, 84, 0.001, 0, 0.000, 170, 0.002, 0.003
1254, 208.2, 2030, 183, 2046, 518.0, 164, 0.0, 0.0, 354, 32, 4, 84, 0.001, 0, 0.000, 170, 0.002, 0.003
1255, 248.3, 2030, 183, 2046, 1212.0, 864, 0.0, 0.0, 348, 32, 4, 87, 0.001, 0, 0.000, 170, 0.002, 0.003
1257, 207.4, 2030, 183, 2046, 1212.0, 864, 0.0, 0.0, 348, 32, 4, 87, 0.001, 0, 0.000, 170, 0.002, 0.003
1258, 207.5, 2030, 183, 2046, 988.0, 640, 0.0, 0.0, 348, 32, 4, 87, 0.001, 0, 0.000, 173, 0.002, 0.004
1260, 232.2, 2030, 183, 2046, 536.0, 188, 0.0, 0.0, 348, 32, 4, 87, 0.001, 0, 0.000, 175, 0.002, 0.004
1262, 211.9, 2030, 183, 2046, 536.0, 188, 0.0, 0.0, 348, 32, 4, 87, 0.001, 0, 0.000, 175, 0.002, 0.004
1263, 204.4, 2030, 183, 2046, 536.0, 188, 0.0, 0.0, 348, 32, 4, 87, 0.001, 0, 0.000, 175, 0.002, 0.004
1265, 206.0, 2030, 183, 2046, 536.0, 188, 0.0, 0.0, 348, 32, 4, 87, 0.001, 0, 0.000, 175, 0.002, 0.004
1266, 205.4, 2030, 183, 2046, 536.0, 188, 0.0, 0.0, 348, 32, 4, 87, 0.001, 0, 0.000, 175, 0.002, 0.004
1268, 208.6, 2030, 183, 2046, 536.0, 188, 0.0, 0.0, 348, 32, 4, 87, 0.001, 0, 0.000, 175, 0.002, 0.004
1269, 207.6, 2030, 183, 2046, 536.0, 188, 0.0, 0.0, 348, 32, 4, 87, 0.001, 0, 0.000, 175, 0.002, 0.004
1270, 209.1, 2030, 183, 2046, 536.0, 188, 0.0, 0.0, 348, 32, 4, 87, 0.001, 0, 0.000, 175, 0.002, 0.004
1272, 206.0, 2030, 183, 2046, 536.0, 188, 0.0, 0.0, 348, 32, 4, 87, 0.001, 0, 0.000, 175, 0.002, 0.004
1273, 208.9, 2030, 183, 2046, 536.0, 188, 0.0, 0.0, 348, 32, 4, 87, 0.001, 0, 0.000, 175, 0.002, 0.004
1275, 207.3, 2030, 183, 2046, 536.0, 188, 0.0, 0.0, 348, 32, 4, 87, 0.001, 0, 0.000, 175, 0.002, 0.004
1276, 207.8, 2030, 183, 2046, 536.0, 188, 0.0, 0.0, 348, 32, 4, 87, 0.001, 0, 0.000, 175, 0.002, 0.004
1278, 208.6, 2030, 183, 2046, 536.0, 188, 0.0, 0.0, 348, 32, 4, 87, 0.001, 0, 0.000, 175, 0.002, 0.004
1279, 206.9, 2030, 183, 2046, 536.0, 188, 0.0, 0.0, 348, 32, 4, 87, 0.001, 0, 0.000, 175, 0.002, 0.004
1281, 207.3, 2030, 183, 2046, 536.0, 188, 0.0, 0.0, 348, 32, 4, 87, 0.001, 0, 0.000, 175, 0.002, 0.004
1282, 207.9, 2030, 183, 2046, 536.0, 188, 0.0, 0.0, 348, 32, 4, 87, 0.001, 0, 0.000, 175, 0.002, 0.004
1284, 209.1, 2030, 183, 2046, 536.0, 188, 0.0, 0.0, 348, 32, 4, 87, 0.001, 0, 0.000, 175, 0.002, 0.004
1285, 208.1, 2030, 183, 2046, 536.0, 188, 0.0, 0.0, 348, 32, 4, 87, 0.001, 0, 0.000, 175, 0.002, 0.004
1287, 207.3, 2030, 183, 2046, 536.0, 188, 0.0, 0.0, 348, 32, 4, 87, 0.001, 0, 0.000, 175, 0.002, 0.004
1288, 244.0, 2030, 183, 2046, 1204.0, 852, 0.0, 0.0, 352, 32, 4, 90, 0.001, 0, 0.000, 175, 0.002, 0.004
1290, 208.4, 2030, 183, 2046, 1204.0, 852, 0.0, 0.0, 352, 32, 4, 90, 0.001, 0, 0.000, 175, 0.002, 0.004
1291, 211.7, 2030, 183, 2046, 1204.0, 852, 0.0, 0.0, 352, 32, 4, 90, 0.001, 0, 0.000, 175, 0.002, 0.004
1293, 211.1, 2030, 183, 2046, 1204.0, 852, 0.0, 0.0, 352, 32, 4, 90, 0.001, 0, 0.000, 175, 0.002, 0.004
1294, 209.2, 2030, 183, 2046, 1204.0, 852, 0.0, 0.0, 352, 32, 4, 90, 0.001, 0, 0.000, 175, 0.002, 0.004
1296, 272.5, 2030, 183, 2046, 526.0, 172, 0.0, 0.0, 354, 32, 4, 90, 0.001, 0, 0.000, 180, 0.002, 0.004
1297, 207.2, 2030, 183, 2046, 526.0, 172, 0.0, 0.0, 354, 32, 4, 90, 0.001, 0, 0.000, 180, 0.002, 0.004
1299, 209.7, 2030, 183, 2046, 526.0, 172, 0.0, 0.0, 354, 32, 4, 90, 0.001, 0, 0.000, 180, 0.002, 0.004
1300, 205.1, 2030, 183, 2046, 526.0, 172, 0.0, 0.0, 354, 32, 4, 90, 0.001, 0, 0.000, 180, 0.002, 0.004
1302, 208.3, 2030, 183, 2046, 526.0, 172, 0.0, 0.0, 354, 32, 4, 90, 0.001, 0, 0.000, 180, 0.002, 0.004
1303, 208.6, 2030, 183, 2046, 526.0, 172, 0.0, 0.0, 354, 32, 4, 90, 0.001, 0, 0.000, 180, 0.002, 0.004
1305, 207.9, 2030, 183, 2046, 526.0, 172, 0.0, 0.0, 354, 32, 4, 90, 0.001, 0, 0.000, 180, 0.002, 0.004
1306, 209.0, 2030, 183, 2046, 526.0, 172, 0.0, 0.0, 354, 32, 4, 90, 0.001, 0, 0.000, 180, 0.002, 0.004
1308, 209.5, 2030, 183, 2046, 526.0, 172, 0.0, 0.0, 354, 32, 4, 90, 0.001, 0, 0.000, 180, 0.002, 0.004
1309, 207.1, 2030, 183, 2046, 526.0, 172, 0.0, 0.0, 354, 32, 4, 90, 0.001, 0, 0.000, 180, 0.002, 0.004
1311, 206.7, 2030, 183, 2046, 526.0, 172, 0.0, 0.0, 354, 32, 4, 90, 0.001, 0, 0.000, 180, 0.002, 0.004
1312, 207.2, 2030, 183, 2046, 526.0, 172, 0.0, 0.0, 354, 32, 4, 90, 0.001, 0, 0.000, 180, 0.002, 0.004
1314, 207.2, 2030, 183, 2046, 526.0, 172, 0.0, 0.0, 354, 32, 4, 90, 0.001, 0, 0.000, 180, 0.002, 0.004
1315, 207.0, 2030, 183, 2046, 526.0, 172, 0.0, 0.0, 354, 32, 4, 90, 0.001, 0, 0.000, 180, 0.002, 0.004
1317, 208.5, 2030, 183, 2046, 526.0, 172, 0.0, 0.0, 354, 32, 4, 90, 0.001, 0, 0.000, 180, 0.002, 0.004
1318, 207.4, 2030, 183, 2046, 526.0, 172, 0.0, 0.0, 354, 32, 4, 90, 0.001, 0, 0.000, 180, 0.002, 0.004
1320, 208.6, 2030, 183, 2046, 526.0, 172, 0.0, 0.0, 354, 32, 4, 90, 0.001, 0, 0.000, 180, 0.002, 0.004
1321, 209.5, 2030, 183, 2046, 526.0, 172, 0.0, 0.0, 354, 32, 4, 90, 0.001, 0, 0.000, 180, 0.002, 0.004
1323, 209.3, 2030, 183, 2046, 526.0, 172, 0.0, 0.0, 354, 32, 4, 90, 0.001, 0, 0.000, 180, 0.002, 0.004
1324, 208.6, 2030, 183, 2046, 7752.0, 7400, 0.0, 0.0, 352, 32, 4, 91, 0.001, 0, 0.000, 180, 0.002, 0.004
1326, 230.8, 2030, 183, 2046, 1148.0, 796, 0.0, 0.0, 352, 32, 4, 93, 0.001, 0, 0.000, 180, 0.002, 0.004
1327, 206.9, 2030, 183, 2046, 1148.0, 796, 0.0, 0.0, 352, 32, 4, 93, 0.001, 0, 0.000, 180, 0.002, 0.004
1329, 228.9, 2030, 183, 2046, 526.0, 174, 0.0, 0.0, 352, 32, 4, 93, 0.001, 0, 0.000, 185, 0.002, 0.004
1330, 221.1, 2030, 183, 2046, 526.0, 174, 0.0, 0.0, 352, 32, 4, 93, 0.001, 0, 0.000, 185, 0.002, 0.004
1332, 207.5, 2030, 183, 2046, 526.0, 174, 0.0, 0.0, 352, 32, 4, 93, 0.001, 0, 0.000, 185, 0.002, 0.004
1333, 161.9, 2030, 206, 2046, 526.0, 174, 0.0, 0.0, 352, 32, 4, 93, 0.001, 0, 0.000, 185, 0.002, 0.004
1335, 264.5, 2030, 206, 2046, 526.0, 174, 0.0, 0.0, 352, 32, 4, 93, 0.001, 0, 0.000, 185, 0.002, 0.004
1336, 269.8, 2030, 206, 2046, 526.0, 174, 0.0, 0.0, 352, 32, 4, 93, 0.001, 0, 0.000, 185, 0.002, 0.004
1338, 268.3, 2030, 206, 2046, 526.0, 174, 0.0, 0.0, 352, 32, 4, 93, 0.001, 0, 0.000, 185, 0.002, 0.004
1339, 269.8, 2030, 206, 2046, 526.0, 174, 0.0, 0.0, 352, 32, 4, 93, 0.001, 0, 0.000, 185, 0.002, 0.004
1341, 269.2, 2030, 206, 2046, 526.0, 174, 0.0, 0.0, 352, 32, 4, 93, 0.001, 0, 0.000, 185, 0.002, 0.004
1343, 271.6, 2030, 206, 2046, 526.0, 174, 0.0, 0.0, 352, 32, 4, 93, 0.001, 0, 0.000, 185, 0.002, 0.004
1344, 269.7, 2030, 206, 2046, 526.0, 174, 0.0, 0.0, 352, 32, 4, 93, 0.001, 0, 0.000, 185, 0.002, 0.004
1346, 269.8, 2030, 206, 2046, 526.0, 174, 0.0, 0.0, 352, 32, 4, 93, 0.001, 0, 0.000, 185, 0.002, 0.004
1348, 265.3, 2030, 206, 2046, 526.0, 174, 0.0, 0.0, 352, 32, 4, 93, 0.001, 0, 0.000, 185, 0.002, 0.004
1349, 268.1, 2030, 206, 2046, 526.0, 174, 0.0, 0.0, 352, 32, 4, 93, 0.001, 0, 0.000, 185, 0.002, 0.004
1351, 267.8, 2030, 206, 2046, 526.0, 174, 0.0, 0.0, 352, 32, 4, 93, 0.001, 0, 0.000, 185, 0.002, 0.004
1352, 266.0, 2030, 206, 2046, 526.0, 174, 0.0, 0.0, 352, 32, 4, 93, 0.001, 0, 0.000, 185, 0.002, 0.004
1354, 268.6, 2030, 206, 2046, 3234.0, 2880, 0.0, 0.0, 354, 32, 4, 96, 0.001, 0, 0.000, 185, 0.002, 0.004
1356, 261.1, 2030, 206, 2046, 3234.0, 2880, 0.0, 0.0, 354, 32, 4, 96, 0.001, 0, 0.000, 185, 0.002, 0.004
1357, 263.5, 2030, 206, 2046, 3234.0, 2880, 0.0, 0.0, 354, 32, 4, 96, 0.001, 0, 0.000, 185, 0.002, 0.004
1359, 266.6, 2030, 206, 2046, 3234.0, 2880, 0.0, 0.0, 354, 32, 4, 96, 0.001, 0, 0.000, 185, 0.002, 0.004
1360, 268.1, 2030, 206, 2046, 3234.0, 2880, 0.0, 0.0, 354, 32, 4, 96, 0.001, 0, 0.000, 185, 0.002, 0.004
1362, 264.8, 2030, 206, 2046, 3234.0, 2880, 0.0, 0.0, 354, 32, 4, 96, 0.001, 0, 0.000, 185, 0.002, 0.004
1363, 270.9, 2030, 206, 2046, 3234.0, 2880, 0.0, 0.0, 354, 32, 4, 96, 0.001, 0, 0.000, 185, 0.002, 0.004
1365, 270.8, 2030, 206, 2046, 3234.0, 2880, 0.0, 0.0, 354, 32, 4, 96, 0.001, 0, 0.000, 185, 0.002, 0.004
1367, 267.5, 2030, 206, 2046, 3234.0, 2880, 0.0, 0.0, 354, 32, 4, 96, 0.001, 0, 0.000, 185, 0.002, 0.004
1368, 268.9, 2030, 206, 2046, 3234.0, 2880, 0.0, 0.0, 354, 32, 4, 96, 0.001, 0, 0.000, 185, 0.002, 0.004
1370, 270.8, 2030, 206, 2046, 3234.0, 2880, 0.0, 0.0, 354, 32, 4, 96, 0.001, 0, 0.000, 185, 0.002, 0.004
1371, 267.1, 2030, 206, 2046, 3234.0, 2880, 0.0, 0.0, 354, 32, 4, 96, 0.001, 0, 0.000, 185, 0.002, 0.004
1373, 267.5, 2030, 206, 2046, 3234.0, 2880, 0.0, 0.0, 354, 32, 4, 96, 0.001, 0, 0.000, 185, 0.002, 0.004
1375, 268.4, 2030, 206, 2046, 3234.0, 2880, 0.0, 0.0, 354, 32, 4, 96, 0.001, 0, 0.000, 185, 0.002, 0.004
1376, 270.3, 2030, 206, 2046, 3234.0, 2880, 0.0, 0.0, 354, 32, 4, 96, 0.001, 0, 0.000, 185, 0.002, 0.004
1378, 269.9, 2030, 206, 2046, 3234.0, 2880, 0.0, 0.0, 354, 32, 4, 96, 0.001, 0, 0.000, 185, 0.002, 0.004
1379, 304.5, 2030, 206, 2046, 3260.0, 2906, 0.0, 0.0, 354, 32, 4, 99, 0.001, 0, 0.000, 185, 0.002, 0.004
1381, 267.3, 2030, 206, 2046, 1348.0, 994, 0.0, 0.0, 354, 32, 4, 99, 0.001, 0, 0.000, 186, 0.002, 0.004
1383, 334.8, 2030, 206, 2046, 644.0, 228, 0.0, 0.0, 416, 32, 4, 99, 0.001, 0, 0.000, 190, 0.003, 0.004
1384, 271.5, 2030, 206, 2046, 644.0, 228, 0.0, 0.0, 416, 32, 4, 99, 0.001, 0, 0.000, 190, 0.003, 0.004
1386, 269.0, 2030, 206, 2046, 644.0, 228, 0.0, 0.0, 416, 32, 4, 99, 0.001, 0, 0.000, 190, 0.003, 0.004
1387, 271.1, 2030, 206, 2046, 644.0, 228, 0.0, 0.0, 416, 32, 4, 99, 0.001, 0, 0.000, 190, 0.003, 0.004
1389, 272.3, 2030, 206, 2046, 644.0, 228, 0.0, 0.0, 416, 32, 4, 99, 0.001, 0, 0.000, 190, 0.003, 0.004
1390, 268.2, 2030, 206, 2046, 644.0, 228, 0.0, 0.0, 416, 32, 4, 99, 0.001, 0, 0.000, 190, 0.003, 0.004
1392, 264.9, 2030, 206, 2046, 644.0, 228, 0.0, 0.0, 416, 32, 4, 99, 0.001, 0, 0.000, 190, 0.003, 0.004
1394, 266.6, 2030, 206, 2046, 644.0, 228, 0.0, 0.0, 416, 32, 4, 99, 0.001, 0, 0.000, 190, 0.003, 0.004
1395, 269.3, 2030, 206, 2046, 644.0, 228, 0.0, 0.0, 416, 32, 4, 99, 0.001, 0, 0.000, 190, 0.003, 0.004
1397, 269.3, 2030, 206, 2046, 644.0, 228, 0.0, 0.0, 416, 32, 4, 99, 0.001, 0, 0.000, 190, 0.003, 0.004
1398, 269.2, 2030, 206, 2046, 644.0, 228, 0.0, 0.0, 416, 32, 4, 99, 0.001, 0, 0.000, 190, 0.003, 0.004
1400, 269.8, 2030, 206, 2046, 644.0, 228, 0.0, 0.0, 416, 32, 4, 99, 0.001, 0, 0.000, 190, 0.003, 0.004
1402, 269.3, 2030, 206, 2046, 644.0, 228, 0.0, 0.0, 416, 32, 4, 99, 0.001, 0, 0.000, 190, 0.003, 0.004
1403, 267.9, 2030, 206, 2046, 644.0, 228, 0.0, 0.0, 416, 32, 4, 99, 0.001, 0, 0.000, 190, 0.003, 0.004
1405, 266.9, 2030, 206, 2046, 644.0, 228, 0.0, 0.0, 416, 32, 4, 99, 0.001, 0, 0.000, 190, 0.003, 0.004
1406, 274.8, 2030, 206, 2046, 4108.0, 3746, 0.0, 0.0, 362, 32, 4, 102, 0.001, 0, 0.000, 190, 0.003, 0.004
1408, 266.3, 2030, 206, 2046, 4108.0, 3746, 0.0, 0.0, 362, 32, 4, 102, 0.001, 0, 0.000, 190, 0.003, 0.004
1410, 262.0, 2030, 206, 2046, 4108.0, 3746, 0.0, 0.0, 362, 32, 4, 102, 0.001, 0, 0.000, 190, 0.003, 0.004
1411, 265.1, 2030, 206, 2046, 4108.0, 3746, 0.0, 0.0, 362, 32, 4, 102, 0.001, 0, 0.000, 190, 0.003, 0.004
1413, 263.6, 2030, 206, 2046, 4108.0, 3746, 0.0, 0.0, 362, 32, 4, 102, 0.001, 0, 0.000, 190, 0.003, 0.004
1414, 263.9, 2030, 206, 2046, 4108.0, 3746, 0.0, 0.0, 362, 32, 4, 102, 0.001, 0, 0.000, 190, 0.003, 0.004
1416, 265.7, 2030, 206, 2046, 4108.0, 3746, 0.0, 0.0, 362, 32, 4, 102, 0.001, 0, 0.000, 190, 0.003, 0.004
1418, 267.5, 2030, 206, 2046, 4108.0, 3746, 0.0, 0.0, 362, 32, 4, 102, 0.001, 0, 0.000, 190, 0.003, 0.004
1419, 269.7, 2030, 206, 2046, 4108.0, 3746, 0.0, 0.0, 362, 32, 4, 102, 0.001, 0, 0.000, 190, 0.003, 0.004
1421, 267.7, 2030, 206, 2046, 4108.0, 3746, 0.0, 0.0, 362, 32, 4, 102, 0.001, 0, 0.000, 190, 0.003, 0.004
1422, 267.4, 2030, 206, 2046, 4108.0, 3746, 0.0, 0.0, 362, 32, 4, 102, 0.001, 0, 0.000, 190, 0.003, 0.004
1424, 265.3, 2030, 206, 2046, 2850.0, 2488, 0.0, 0.0, 362, 32, 4, 102, 0.001, 0, 0.000, 193, 0.003, 0.004
1426, 294.7, 2030, 206, 2046, 626.0, 264, 0.0, 0.0, 362, 32, 4, 102, 0.001, 0, 0.000, 195, 0.003, 0.004
1427, 268.8, 2030, 206, 2046, 626.0, 264, 0.0, 0.0, 362, 32, 4, 102, 0.001, 0, 0.000, 195, 0.003, 0.004
1429, 267.7, 2030, 206, 2046, 626.0, 264, 0.0, 0.0, 362, 32, 4, 102, 0.001, 0, 0.000, 195, 0.003, 0.004
1430, 267.7, 2030, 206, 2046, 626.0, 264, 0.0, 0.0, 362, 32, 4, 102, 0.001, 0, 0.000, 195, 0.003, 0.004
1432, 266.3, 2030, 206, 2046, 626.0, 264, 0.0, 0.0, 362, 32, 4, 102, 0.001, 0, 0.000, 195, 0.003, 0.004
1434, 268.5, 2030, 206, 2046, 626.0, 264, 0.0, 0.0, 362, 32, 4, 102, 0.001, 0, 0.000, 195, 0.003, 0.004
1435, 270.3, 2030, 206, 2046, 626.0, 264, 0.0, 0.0, 362, 32, 4, 102, 0.001, 0, 0.000, 195, 0.003, 0.004
1437, 266.4, 2030, 206, 2046, 626.0, 264, 0.0, 0.0, 362, 32, 4, 102, 0.001, 0, 0.000, 195, 0.003, 0.004
1438, 265.4, 2030, 206, 2046, 626.0, 264, 0.0, 0.0, 362, 32, 4, 102, 0.001, 0, 0.000, 195, 0.003, 0.004
1440, 265.1, 2030, 206, 2046, 626.0, 264, 0.0, 0.0, 362, 32, 4, 102, 0.001, 0, 0.000, 195, 0.003, 0.004
1442, 265.6, 2030, 206, 2046, 626.0, 264, 0.0, 0.0, 362, 32, 4, 102, 0.001, 0, 0.000, 195, 0.003, 0.004
1443, 268.8, 2030, 206, 2046, 626.0, 264, 0.0, 0.0, 362, 32, 4, 102, 0.001, 0, 0.000, 195, 0.003, 0.004
1445, 267.1, 2030, 206, 2046, 626.0, 264, 0.0, 0.0, 362, 32, 4, 102, 0.001, 0, 0.000, 195, 0.003, 0.004
1446, 269.2, 2030, 206, 2046, 626.0, 264, 0.0, 0.0, 362, 32, 4, 102, 0.001, 0, 0.000, 195, 0.003, 0.004
1448, 267.1, 2030, 206, 2046, 626.0, 264, 0.0, 0.0, 362, 32, 4, 102, 0.001, 0, 0.000, 195, 0.003, 0.004
1449, 298.6, 2030, 206, 2046, 3040.0, 2690, 0.0, 0.0, 350, 32, 4, 105, 0.001, 0, 0.000, 195, 0.003, 0.004
1451, 264.8, 2030, 206, 2046, 3040.0, 2690, 0.0, 0.0, 350, 32, 4, 105, 0.001, 0, 0.000, 195, 0.003, 0.004
1453, 268.5, 2030, 206, 2046, 3040.0, 2690, 0.0, 0.0, 350, 32, 4, 105, 0.001, 0, 0.000, 195, 0.003, 0.004
1454, 270.9, 2030, 206, 2046, 3040.0, 2690, 0.0, 0.0, 350, 32, 4, 105, 0.001, 0, 0.000, 195, 0.003, 0.004
1456, 265.8, 2030, 206, 2046, 3040.0, 2690, 0.0, 0.0, 350, 32, 4, 105, 0.001, 0, 0.000, 195, 0.003, 0.004
1457, 266.5, 2030, 206, 2046, 3040.0, 2690, 0.0, 0.0, 350, 32, 4, 105, 0.001, 0, 0.000, 195, 0.003, 0.004
1459, 264.2, 2030, 206, 2046, 3040.0, 2690, 0.0, 0.0, 350, 32, 4, 105, 0.001, 0, 0.000, 195, 0.003, 0.004
1460, 265.9, 2030, 206, 2046, 3040.0, 2690, 0.0, 0.0, 350, 32, 4, 105, 0.001, 0, 0.000, 195, 0.003, 0.004
1462, 270.3, 2030, 206, 2046, 3040.0, 2690, 0.0, 0.0, 350, 32, 4, 105, 0.001, 0, 0.000, 195, 0.003, 0.004
1464, 270.7, 2030, 206, 2046, 3040.0, 2690, 0.0, 0.0, 350, 32, 4, 105, 0.001, 0, 0.000, 195, 0.003, 0.004
1465, 266.4, 2030, 206, 2046, 3040.0, 2690, 0.0, 0.0, 350, 32, 4, 105, 0.001, 0, 0.000, 195, 0.003, 0.004
1467, 265.3, 2030, 206, 2046, 3040.0, 2690, 0.0, 0.0, 350, 32, 4, 105, 0.001, 0, 0.000, 195, 0.003, 0.004
1468, 299.1, 2030, 206, 2046, 602.0, 252, 0.0, 0.0, 350, 32, 4, 105, 0.001, 0, 0.000, 200, 0.003, 0.004
1470, 263.8, 2030, 206, 2046, 602.0, 252, 0.0, 0.0, 350, 32, 4, 105, 0.001, 0, 0.000, 200, 0.003, 0.004
1472, 269.6, 2030, 206, 2046, 602.0, 252, 0.0, 0.0, 350, 32, 4, 105, 0.001, 0, 0.000, 200, 0.003, 0.004
1473, 269.5, 2030, 206, 2046, 602.0, 252, 0.0, 0.0, 350, 32, 4, 105, 0.001, 0, 0.000, 200, 0.003, 0.004
1475, 264.5, 2030, 206, 2046, 602.0, 252, 0.0, 0.0, 350, 32, 4, 105, 0.001, 0, 0.000, 200, 0.003, 0.004
1477, 266.3, 2030, 206, 2046, 602.0, 252, 0.0, 0.0, 350, 32, 4, 105, 0.001, 0, 0.000, 200, 0.003, 0.004
1478, 269.6, 2030, 206, 2046, 602.0, 252, 0.0, 0.0, 350, 32, 4, 105, 0.001, 0, 0.000, 200, 0.003, 0.004
1480, 264.0, 2030, 206, 2046, 602.0, 252, 0.0, 0.0, 350, 32, 4, 105, 0.001, 0, 0.000, 200, 0.003, 0.004
1481, 263.2, 2030, 206, 2046, 602.0, 252, 0.0, 0.0, 350, 32, 4, 105, 0.001, 0, 0.000, 200, 0.003, 0.004
1483, 267.8, 2030, 206, 2046, 602.0, 252, 0.0, 0.0, 350, 32, 4, 105, 0.001, 0, 0.000, 200, 0.003, 0.004
1484, 265.7, 2030, 206, 2046, 602.0, 252, 0.0, 0.0, 350, 32, 4, 105, 0.001, 0, 0.000, 200, 0.003, 0.004
1486, 266.3, 2030, 206, 2046, 602.0, 252, 0.0, 0.0, 350, 32, 4, 105, 0.001, 0, 0.000, 200, 0.003, 0.004
1488, 265.3, 2030, 206, 2046, 602.0, 252, 0.0, 0.0, 350, 32, 4, 105, 0.001, 0, 0.000, 200, 0.003, 0.004
1489, 264.5, 2030, 206, 2046, 602.0, 252, 0.0, 0.0, 350, 32, 4, 105, 0.001, 0, 0.000, 200, 0.003, 0.004
1491, 262.4, 2030, 206, 2046, 602.0, 252, 0.0, 0.0, 350, 32, 4, 105, 0.001, 0, 0.000, 200, 0.003, 0.004
1492, 263.5, 2030, 206, 2046, 602.0, 252, 0.0, 0.0, 350, 32, 4, 105, 0.001, 0, 0.000, 200, 0.003, 0.004
1494, 298.5, 2030, 206, 2046, 2942.0, 2590, 0.0, 0.0, 352, 32, 4, 108, 0.001, 0, 0.000, 200, 0.003, 0.004
1495, 265.7, 2030, 206, 2046, 2942.0, 2590, 0.0, 0.0, 352, 32, 4, 108, 0.001, 0, 0.000, 200, 0.003, 0.004
1497, 263.9, 2030, 206, 2046, 2942.0, 2590, 0.0, 0.0, 352, 32, 4, 108, 0.001, 0, 0.000, 200, 0.003, 0.004
1499, 264.4, 2030, 206, 2046, 2942.0, 2590, 0.0, 0.0, 352, 32, 4, 108, 0.001, 0, 0.000, 200, 0.003, 0.004
1500, 263.4, 2030, 206, 2046, 2942.0, 2590, 0.0, 0.0, 352, 32, 4, 108, 0.001, 0, 0.000, 200, 0.003, 0.004
1502, 269.0, 2030, 206, 2046, 2942.0, 2590, 0.0, 0.0, 352, 32, 4, 108, 0.001, 0, 0.000, 200, 0.003, 0.004
1503, 264.6, 2030, 206, 2046, 2942.0, 2590, 0.0, 0.0, 352, 32, 4, 108, 0.001, 0, 0.000, 200, 0.003, 0.004
1505, 267.5, 2030, 206, 2046, 2942.0, 2590, 0.0, 0.0, 352, 32, 4, 108, 0.001, 0, 0.000, 200, 0.003, 0.004
1506, 297.4, 2030, 206, 2046, 618.0, 264, 0.0, 0.0, 354, 32, 4, 108, 0.001, 0, 0.000, 205, 0.003, 0.004
1508, 267.6, 2030, 206, 2046, 618.0, 264, 0.0, 0.0, 354, 32, 4, 108, 0.001, 0, 0.000, 205, 0.003, 0.004
1510, 266.2, 2030, 206, 2046, 618.0, 264, 0.0, 0.0, 354, 32, 4, 108, 0.001, 0, 0.000, 205, 0.003, 0.004
1511, 266.7, 2030, 206, 2046, 618.0, 264, 0.0, 0.0, 354, 32, 4, 108, 0.001, 0, 0.000, 205, 0.003, 0.004
1513, 264.0, 2030, 206, 2046, 618.0, 264, 0.0, 0.0, 354, 32, 4, 108, 0.001, 0, 0.000, 205, 0.003, 0.004
1514, 266.2, 2030, 206, 2046, 618.0, 264, 0.0, 0.0, 354, 32, 4, 108, 0.001, 0, 0.000, 205, 0.003, 0.004
1516, 264.5, 2030, 206, 2046, 618.0, 264, 0.0, 0.0, 354, 32, 4, 108, 0.001, 0, 0.000, 205, 0.003, 0.004
1518, 266.7, 2030, 206, 2046, 618.0, 264, 0.0, 0.0, 354, 32, 4, 108, 0.001, 0, 0.000, 205, 0.003, 0.004
1519, 269.8, 2030, 206, 2046, 618.0, 264, 0.0, 0.0, 354, 32, 4, 108, 0.001, 0, 0.000, 205, 0.003, 0.004
1521, 265.2, 2030, 206, 2046, 618.0, 264, 0.0, 0.0, 354, 32, 4, 108, 0.001, 0, 0.000, 205, 0.003, 0.004
1522, 268.0, 2030, 206, 2046, 618.0, 264, 0.0, 0.0, 354, 32, 4, 108, 0.001, 0, 0.000, 205, 0.003, 0.004
1524, 274.4, 2030, 206, 2046, 618.0, 264, 0.0, 0.0, 354, 32, 4, 108, 0.001, 0, 0.000, 205, 0.003, 0.004
1526, 263.3, 2030, 206, 2046, 618.0, 264, 0.0, 0.0, 354, 32, 4, 108, 0.001, 0, 0.000, 205, 0.003, 0.004
1527, 265.2, 2030, 206, 2046, 618.0, 264, 0.0, 0.0, 354, 32, 4, 108, 0.001, 0, 0.000, 205, 0.003, 0.004
1529, 270.3, 2030, 206, 2046, 618.0, 264, 0.0, 0.0, 354, 32, 4, 108, 0.001, 0, 0.000, 205, 0.003, 0.004
1530, 266.9, 2030, 206, 2046, 618.0, 264, 0.0, 0.0, 354, 32, 4, 108, 0.001, 0, 0.000, 205, 0.003, 0.004
1532, 299.2, 2030, 206, 2046, 2790.0, 2438, 0.0, 0.0, 352, 32, 4, 111, 0.002, 0, 0.000, 205, 0.003, 0.004
1534, 270.5, 2030, 206, 2046, 2790.0, 2438, 0.0, 0.0, 352, 32, 4, 111, 0.002, 0, 0.000, 205, 0.003, 0.004
1535, 270.3, 2030, 206, 2046, 2790.0, 2438, 0.0, 0.0, 352, 32, 4, 111, 0.002, 0, 0.000, 205, 0.003, 0.004
1537, 268.3, 2030, 206, 2046, 2790.0, 2438, 0.0, 0.0, 352, 32, 4, 111, 0.002, 0, 0.000, 205, 0.003, 0.004
1538, 267.1, 2030, 206, 2046, 2790.0, 2438, 0.0, 0.0, 352, 32, 4, 111, 0.002, 0, 0.000, 205, 0.003, 0.004
1540, 268.2, 2030, 206, 2046, 2790.0, 2438, 0.0, 0.0, 352, 32, 4, 111, 0.002, 0, 0.000, 205, 0.003, 0.004
1541, 270.1, 2030, 206, 2046, 2790.0, 2438, 0.0, 0.0, 352, 32, 4, 111, 0.002, 0, 0.000, 205, 0.003, 0.004
1543, 265.9, 2030, 206, 2046, 4044.0, 3692, 0.0, 0.0, 352, 32, 4, 111, 0.002, 0, 0.000, 206, 0.003, 0.004
1545, 306.3, 2030, 206, 2046, 624.0, 272, 0.0, 0.0, 352, 32, 4, 111, 0.002, 0, 0.000, 210, 0.003, 0.004
1546, 264.2, 2030, 206, 2046, 624.0, 272, 0.0, 0.0, 352, 32, 4, 111, 0.002, 0, 0.000, 210, 0.003, 0.004
1548, 262.8, 2030, 206, 2046, 624.0, 272, 0.0, 0.0, 352, 32, 4, 111, 0.002, 0, 0.000, 210, 0.003, 0.004
1549, 262.4, 2030, 206, 2046, 624.0, 272, 0.0, 0.0, 352, 32, 4, 111, 0.002, 0, 0.000, 210, 0.003, 0.004
1551, 271.2, 2030, 206, 2046, 624.0, 272, 0.0, 0.0, 352, 32, 4, 111, 0.002, 0, 0.000, 210, 0.003, 0.004
1553, 266.5, 2030, 206, 2046, 624.0, 272, 0.0, 0.0, 352, 32, 4, 111, 0.002, 0, 0.000, 210, 0.003, 0.004
1554, 268.9, 2030, 206, 2046, 624.0, 272, 0.0, 0.0, 352, 32, 4, 111, 0.002, 0, 0.000, 210, 0.003, 0.004
1556, 269.6, 2030, 206, 2046, 624.0, 272, 0.0, 0.0, 352, 32, 4, 111, 0.002, 0, 0.000, 210, 0.003, 0.004
1557, 264.1, 2030, 206, 2046, 624.0, 272, 0.0, 0.0, 352, 32, 4, 111, 0.002, 0, 0.000, 210, 0.003, 0.004
1559, 266.4, 2030, 206, 2046, 624.0, 272, 0.0, 0.0, 352, 32, 4, 111, 0.002, 0, 0.000, 210, 0.003, 0.004
1560, 266.0, 2030, 206, 2046, 624.0, 272, 0.0, 0.0, 352, 32, 4, 111, 0.002, 0, 0.000, 210, 0.003, 0.004
1562, 269.4, 2030, 206, 2046, 624.0, 272, 0.0, 0.0, 352, 32, 4, 111, 0.002, 0, 0.000, 210, 0.003, 0.004
1564, 271.0, 2030, 206, 2046, 624.0, 272, 0.0, 0.0, 352, 32, 4, 111, 0.002, 0, 0.000, 210, 0.003, 0.004
1565, 265.3, 2030, 206, 2046, 624.0, 272, 0.0, 0.0, 352, 32, 4, 111, 0.002, 0, 0.000, 210, 0.003, 0.004
1567, 268.1, 2030, 206, 2046, 624.0, 272, 0.0, 0.0, 352, 32, 4, 111, 0.002, 0, 0.000, 210, 0.003, 0.004
1568, 278.4, 2030, 206, 2046, 3154.0, 2802, 0.0, 0.0, 352, 32, 4, 114, 0.002, 0, 0.000, 210, 0.003, 0.004
1570, 264.6, 2030, 206, 2046, 3154.0, 2802, 0.0, 0.0, 352, 32, 4, 114, 0.002, 0, 0.000, 210, 0.003, 0.004
1572, 265.2, 2030, 206, 2046, 3154.0, 2802, 0.0, 0.0, 352, 32, 4, 114, 0.002, 0, 0.000, 210, 0.003, 0.004
1573, 262.8, 2030, 206, 2046, 3154.0, 2802, 0.0, 0.0, 352, 32, 4, 114, 0.002, 0, 0.000, 210, 0.003, 0.004
1575, 265.1, 2030, 206, 2046, 3154.0, 2802, 0.0, 0.0, 352, 32, 4, 114, 0.002, 0, 0.000, 210, 0.003, 0.004
1576, 264.6, 2030, 206, 2046, 3154.0, 2802, 0.0, 0.0, 352, 32, 4, 114, 0.002, 0, 0.000, 210, 0.003, 0.004
1578, 267.6, 2030, 206, 2046, 3154.0, 2802, 0.0, 0.0, 352, 32, 4, 114, 0.002, 0, 0.000, 210, 0.003, 0.004
1580, 269.5, 2030, 207, 2046, 3154.0, 2802, 0.0, 0.0, 352, 32, 4, 114, 0.002, 0, 0.000, 210, 0.003, 0.004
1581, 264.9, 2030, 207, 2046, 3154.0, 2802, 0.0, 0.0, 352, 32, 4, 114, 0.002, 0, 0.000, 210, 0.003, 0.004
1583, 266.6, 2030, 207, 2046, 3154.0, 2802, 0.0, 0.0, 352, 32, 4, 114, 0.002, 0, 0.000, 210, 0.003, 0.004
1584, 273.8, 2030, 207, 2046, 3154.0, 2802, 0.0, 0.0, 352, 32, 4, 114, 0.002, 0, 0.000, 210, 0.003, 0.004
1586, 262.7, 2030, 207, 2046, 3154.0, 2802, 0.0, 0.0, 352, 32, 4, 114, 0.002, 0, 0.000, 210, 0.003, 0.004
1587, 288.4, 2030, 207, 2046, 626.0, 272, 0.0, 0.0, 354, 32, 4, 114, 0.002, 0, 0.000, 215, 0.003, 0.004
1589, 262.2, 2030, 207, 2046, 626.0, 272, 0.0, 0.0, 354, 32, 4, 114, 0.002, 0, 0.000, 215, 0.003, 0.004
1591, 264.5, 2030, 207, 2046, 626.0, 272, 0.0, 0.0, 354, 32, 4, 114, 0.002, 0, 0.000, 215, 0.003, 0.004
1592, 265.2, 2030, 207, 2046, 626.0, 272, 0.0, 0.0, 354, 32, 4, 114, 0.002, 0, 0.000, 215, 0.003, 0.004
1594, 264.4, 2030, 207, 2046, 626.0, 272, 0.0, 0.0, 354, 32, 4, 114, 0.002, 0, 0.000, 215, 0.003, 0.004
1596, 269.1, 2030, 207, 2046, 626.0, 272, 0.0, 0.0, 354, 32, 4, 114, 0.002, 0, 0.000, 215, 0.003, 0.004
1597, 265.3, 2030, 207, 2046, 626.0, 272, 0.0, 0.0, 354, 32, 4, 114, 0.002, 0, 0.000, 215, 0.003, 0.004
1599, 265.3, 2030, 207, 2046, 626.0, 272, 0.0, 0.0, 354, 32, 4, 114, 0.002, 0, 0.000, 215, 0.003, 0.004
1600, 266.7, 2030, 207, 2046, 626.0, 272, 0.0, 0.0, 354, 32, 4, 114, 0.002, 0, 0.000, 215, 0.003, 0.004
1602, 266.7, 2030, 207, 2046, 626.0, 272, 0.0, 0.0, 354, 32, 4, 114, 0.002, 0, 0.000, 215, 0.003, 0.004
1603, 268.3, 2030, 207, 2046, 626.0, 272, 0.0, 0.0, 354, 32, 4, 114, 0.002, 0, 0.000, 215, 0.003, 0.004
1605, 265.2, 2030, 207, 2046, 626.0, 272, 0.0, 0.0, 354, 32, 4, 114, 0.002, 0, 0.000, 215, 0.003, 0.004
1607, 268.9, 2030, 207, 2046, 626.0, 272, 0.0, 0.0, 354, 32, 4, 114, 0.002, 0, 0.000, 215, 0.003, 0.004
1608, 267.2, 2030, 207, 2046, 626.0, 272, 0.0, 0.0, 354, 32, 4, 114, 0.002, 0, 0.000, 215, 0.003, 0.004
1610, 263.4, 2030, 207, 2046, 626.0, 272, 0.0, 0.0, 354, 32, 4, 114, 0.002, 0, 0.000, 215, 0.003, 0.004
1611, 264.7, 2030, 207, 2046, 626.0, 272, 0.0, 0.0, 354, 32, 4, 114, 0.002, 0, 0.000, 215, 0.003, 0.004
1613, 297.6, 2030, 207, 2046, 2874.0, 2520, 0.0, 0.0, 354, 32, 4, 117, 0.002, 0, 0.000, 215, 0.003, 0.005
1615, 267.6, 2030, 207, 2046, 2874.0, 2520, 0.0, 0.0, 354, 32, 4, 117, 0.002, 0, 0.000, 215, 0.003, 0.005
1616, 268.7, 2030, 207, 2046, 2874.0, 2520, 0.0, 0.0, 354, 32, 4, 117, 0.002, 0, 0.000, 215, 0.003, 0.005
1618, 268.4, 2030, 207, 2046, 2874.0, 2520, 0.0, 0.0, 354, 32, 4, 117, 0.002, 0, 0.000, 215, 0.003, 0.005
1619, 268.1, 2030, 207, 2046, 2874.0, 2520, 0.0, 0.0, 354, 32, 4, 117, 0.002, 0, 0.000, 215, 0.003, 0.005
1621, 265.8, 2030, 207, 2046, 2874.0, 2520, 0.0, 0.0, 354, 32, 4, 117, 0.002, 0, 0.000, 215, 0.003, 0.005
1622, 264.5, 2030, 207, 2046, 2874.0, 2520, 0.0, 0.0, 354, 32, 4, 117, 0.002, 0, 0.000, 215, 0.003, 0.005
1624, 265.2, 2030, 207, 2046, 2874.0, 2520, 0.0, 0.0, 354, 32, 4, 117, 0.002, 0, 0.000, 215, 0.003, 0.005
1626, 267.0, 2030, 207, 2046, 2874.0, 2520, 0.0, 0.0, 354, 32, 4, 117, 0.002, 0, 0.000, 215, 0.003, 0.005
1627, 264.1, 2030, 207, 2046, 2874.0, 2520, 0.0, 0.0, 354, 32, 4, 117, 0.002, 0, 0.000, 215, 0.003, 0.005
1629, 265.3, 2030, 207, 2046, 2874.0, 2520, 0.0, 0.0, 354, 32, 4, 117, 0.002, 0, 0.000, 215, 0.003, 0.005
1630, 267.6, 2030, 208, 2046, 2628.0, 2272, 0.0, 0.0, 356, 32, 4, 117, 0.002, 0, 0.000, 218, 0.003, 0.005
1632, 279.2, 2030, 208, 2046, 634.0, 278, 0.0, 0.0, 356, 32, 4, 117, 0.002, 0, 0.000, 220, 0.003, 0.005
1634, 265.8, 2030, 208, 2046, 634.0, 278, 0.0, 0.0, 356, 32, 4, 117, 0.002, 0, 0.000, 220, 0.003, 0.005
1635, 262.6, 2030, 208, 2046, 634.0, 278, 0.0, 0.0, 356, 32, 4, 117, 0.002, 0, 0.000, 220, 0.003, 0.005
1637, 264.5, 2030, 208, 2046, 634.0, 278, 0.0, 0.0, 356, 32, 4, 117, 0.002, 0, 0.000, 220, 0.003, 0.005
1639, 265.2, 2030, 208, 2046, 634.0, 278, 0.0, 0.0, 356, 32, 4, 117, 0.002, 0, 0.000, 220, 0.003, 0.005
1640, 268.6, 2030, 208, 2046, 634.0, 278, 0.0, 0.0, 356, 32, 4, 117, 0.002, 0, 0.000, 220, 0.003, 0.005
1642, 263.6, 2030, 208, 2046, 634.0, 278, 0.0, 0.0, 356, 32, 4, 117, 0.002, 0, 0.000, 220, 0.003, 0.005
1643, 261.3, 2030, 208, 2046, 634.0, 278, 0.0, 0.0, 356, 32, 4, 117, 0.002, 0, 0.000, 220, 0.003, 0.005
1645, 264.3, 2030, 208, 2046, 634.0, 278, 0.0, 0.0, 356, 32, 4, 117, 0.002, 0, 0.000, 220, 0.003, 0.005
1646, 266.0, 2030, 208, 2046, 634.0, 278, 0.0, 0.0, 356, 32, 4, 117, 0.002, 0, 0.000, 220, 0.003, 0.005
1648, 261.7, 2030, 208, 2046, 634.0, 278, 0.0, 0.0, 356, 32, 4, 117, 0.002, 0, 0.000, 220, 0.003, 0.005
1650, 266.9, 2030, 208, 2046, 634.0, 278, 0.0, 0.0, 356, 32, 4, 117, 0.002, 0, 0.000, 220, 0.003, 0.005
1651, 265.3, 2030, 208, 2046, 634.0, 278, 0.0, 0.0, 356, 32, 4, 117, 0.002, 0, 0.000, 220, 0.003, 0.005
1653, 263.3, 2030, 208, 2046, 634.0, 278, 0.0, 0.0, 356, 32, 4, 117, 0.002, 0, 0.000, 220, 0.003, 0.005
1654, 265.9, 2030, 208, 2046, 634.0, 278, 0.0, 0.0, 356, 32, 4, 117, 0.002, 0, 0.000, 220, 0.003, 0.005
1656, 300.2, 2030, 208, 2046, 2910.0, 2560, 0.0, 0.0, 350, 32, 4, 120, 0.002, 0, 0.000, 220, 0.003, 0.005
1658, 267.8, 2030, 208, 2046, 2910.0, 2560, 0.0, 0.0, 350, 32, 4, 120, 0.002, 0, 0.000, 220, 0.003, 0.005
1659, 267.1, 2030, 208, 2046, 2910.0, 2560, 0.0, 0.0, 350, 32, 4, 120, 0.002, 0, 0.000, 220, 0.003, 0.005
1661, 264.9, 2030, 208, 2046, 2910.0, 2560, 0.0, 0.0, 350, 32, 4, 120, 0.002, 0, 0.000, 220, 0.003, 0.005
1662, 269.1, 2030, 208, 2046, 2910.0, 2560, 0.0, 0.0, 350, 32, 4, 120, 0.002, 0, 0.000, 220, 0.003, 0.005
1664, 267.8, 2030, 208, 2046, 2910.0, 2560, 0.0, 0.0, 350, 32, 4, 120, 0.002, 0, 0.000, 220, 0.003, 0.005
1665, 267.3, 2030, 208, 2046, 2910.0, 2560, 0.0, 0.0, 350, 32, 4, 120, 0.002, 0, 0.000, 220, 0.003, 0.005
1667, 262.2, 2030, 208, 2046, 2910.0, 2560, 0.0, 0.0, 350, 32, 4, 120, 0.002, 0, 0.000, 220, 0.003, 0.005
1669, 266.1, 2030, 208, 2046, 2910.0, 2560, 0.0, 0.0, 350, 32, 4, 120, 0.002, 0, 0.000, 220, 0.003, 0.005
1670, 266.4, 2030, 208, 2046, 2910.0, 2560, 0.0, 0.0, 350, 32, 4, 120, 0.002, 0, 0.000, 220, 0.003, 0.005
1672, 263.6, 2030, 208, 2046, 2910.0, 2560, 0.0, 0.0, 350, 32, 4, 120, 0.002, 0, 0.000, 220, 0.003, 0.005
1673, 262.1, 2030, 208, 2046, 2910.0, 2560, 0.0, 0.0, 350, 32, 4, 120, 0.002, 0, 0.000, 220, 0.003, 0.005
1675, 264.7, 2030, 208, 2046, 2910.0, 2560, 0.0, 0.0, 350, 32, 4, 120, 0.002, 0, 0.000, 220, 0.003, 0.005
1677, 261.2, 2030, 208, 2046, 2910.0, 2560, 0.0, 0.0, 350, 32, 4, 120, 0.002, 0, 0.000, 220, 0.003, 0.005
1678, 264.8, 2030, 208, 2046, 7190.0, 6840, 0.0, 0.0, 350, 32, 4, 120, 0.002, 0, 0.000, 221, 0.003, 0.005
1680, 317.8, 2030, 208, 2046, 600.0, 250, 0.0, 0.0, 350, 32, 4, 120, 0.002, 0, 0.000, 225, 0.003, 0.005
1681, 264.2, 2030, 208, 2046, 600.0, 250, 0.0, 0.0, 350, 32, 4, 120, 0.002, 0, 0.000, 225, 0.003, 0.005
1683, 263.4, 2030, 208, 2046, 600.0, 250, 0.0, 0.0, 350, 32, 4, 120, 0.002, 0, 0.000, 225, 0.003, 0.005
1684, 262.2, 2030, 208, 2046, 600.0, 250, 0.0, 0.0, 350, 32, 4, 120, 0.002, 0, 0.000, 225, 0.003, 0.005
1686, 265.7, 2030, 208, 2046, 600.0, 250, 0.0, 0.0, 350, 32, 4, 120, 0.002, 0, 0.000, 225, 0.003, 0.005
1688, 266.7, 2030, 208, 2046, 600.0, 250, 0.0, 0.0, 350, 32, 4, 120, 0.002, 0, 0.000, 225, 0.003, 0.005
1689, 263.9, 2030, 208, 2046, 600.0, 250, 0.0, 0.0, 350, 32, 4, 120, 0.002, 0, 0.000, 225, 0.003, 0.005
1691, 264.2, 2030, 208, 2046, 600.0, 250, 0.0, 0.0, 350, 32, 4, 120, 0.002, 0, 0.000, 225, 0.003, 0.005
1692, 269.4, 2030, 208, 2046, 600.0, 250, 0.0, 0.0, 350, 32, 4, 120, 0.002, 0, 0.000, 225, 0.003, 0.005
1694, 263.5, 2030, 208, 2046, 600.0, 250, 0.0, 0.0, 350, 32, 4, 120, 0.002, 0, 0.000, 225, 0.003, 0.005
1695, 266.0, 2030, 208, 2046, 600.0, 250, 0.0, 0.0, 350, 32, 4, 120, 0.002, 0, 0.000, 225, 0.003, 0.005
1697, 265.6, 2030, 208, 2046, 600.0, 250, 0.0, 0.0, 350, 32, 4, 120, 0.002, 0, 0.000, 225, 0.003, 0.005
1699, 265.7, 2030, 208, 2046, 600.0, 250, 0.0, 0.0, 350, 32, 4, 120, 0.002, 0, 0.000, 225, 0.003, 0.005
1700, 267.9, 2030, 208, 2046, 600.0, 250, 0.0, 0.0, 350, 32, 4, 120, 0.002, 0, 0.000, 225, 0.003, 0.005
1702, 262.9, 2030, 208, 2046, 600.0, 250, 0.0, 0.0, 350, 32, 4, 120, 0.002, 0, 0.000, 225, 0.003, 0.005
1703, 269.6, 2030, 208, 2046, 3198.0, 2844, 0.0, 0.0, 354, 32, 4, 123, 0.002, 0, 0.000, 225, 0.003, 0.005
1705, 265.7, 2030, 208, 2046, 3198.0, 2844, 0.0, 0.0, 354, 32, 4, 123, 0.002, 0, 0.000, 225, 0.003, 0.005
1707, 261.4, 2030, 208, 2046, 3198.0, 2844, 0.0, 0.0, 354, 32, 4, 123, 0.002, 0, 0.000, 225, 0.003, 0.005
1708, 262.6, 2030, 208, 2046, 3198.0, 2844, 0.0, 0.0, 354, 32, 4, 123, 0.002, 0, 0.000, 225, 0.003, 0.005
1710, 266.2, 2030, 208, 2046, 3198.0, 2844, 0.0, 0.0, 354, 32, 4, 123, 0.002, 0, 0.000, 225, 0.003, 0.005
1711, 265.5, 2030, 208, 2046, 3198.0, 2844, 0.0, 0.0, 354, 32, 4, 123, 0.002, 0, 0.000, 225, 0.003, 0.005
1713, 264.1, 2030, 208, 2046, 3198.0, 2844, 0.0, 0.0, 354, 32, 4, 123, 0.002, 0, 0.000, 225, 0.003, 0.005
1714, 261.5, 2030, 208, 2046, 3198.0, 2844, 0.0, 0.0, 354, 32, 4, 123, 0.002, 0, 0.000, 225, 0.003, 0.005
1716, 265.5, 2030, 208, 2046, 3198.0, 2844, 0.0, 0.0, 354, 32, 4, 123, 0.002, 0, 0.000, 225, 0.003, 0.005
1718, 265.8, 2030, 208, 2046, 3198.0, 2844, 0.0, 0.0, 354, 32, 4, 123, 0.002, 0, 0.000, 225, 0.003, 0.005
1719, 268.6, 2030, 208, 2046, 3198.0, 2844, 0.0, 0.0, 354, 32, 4, 123, 0.002, 0, 0.000, 225, 0.003, 0.005
1721, 265.2, 2030, 208, 2046, 3198.0, 2844, 0.0, 0.0, 354, 32, 4, 123, 0.002, 0, 0.000, 225, 0.003, 0.005
1722, 262.7, 2030, 208, 2046, 3198.0, 2844, 0.0, 0.0, 354, 32, 4, 123, 0.002, 0, 0.000, 225, 0.003, 0.005
1724, 265.0, 2030, 208, 2046, 3198.0, 2844, 0.0, 0.0, 354, 32, 4, 123, 0.002, 0, 0.000, 225, 0.003, 0.005
1726, 302.7, 2030, 208, 2046, 612.0, 258, 0.0, 0.0, 354, 32, 4, 123, 0.002, 0, 0.000, 230, 0.003, 0.005
1727, 266.0, 2030, 208, 2046, 612.0, 258, 0.0, 0.0, 354, 32, 4, 123, 0.002, 0, 0.000, 230, 0.003, 0.005
1729, 264.0, 2030, 208, 2046, 612.0, 258, 0.0, 0.0, 354, 32, 4, 123, 0.002, 0, 0.000, 230, 0.003, 0.005
1730, 268.0, 2030, 208, 2046, 612.0, 258, 0.0, 0.0, 354, 32, 4, 123, 0.002, 0, 0.000, 230, 0.003, 0.005
1732, 264.2, 2030, 208, 2046, 612.0, 258, 0.0, 0.0, 354, 32, 4, 123, 0.002, 0, 0.000, 230, 0.003, 0.005
1734, 269.7, 2030, 208, 2046, 612.0, 258, 0.0, 0.0, 354, 32, 4, 123, 0.002, 0, 0.000, 230, 0.003, 0.005
1735, 265.9, 2030, 208, 2046, 612.0, 258, 0.0, 0.0, 354, 32, 4, 123, 0.002, 0, 0.000, 230, 0.003, 0.005
1737, 267.9, 2030, 208, 2046, 612.0, 258, 0.0, 0.0, 354, 32, 4, 123, 0.002, 0, 0.000, 230, 0.003, 0.005
1738, 264.4, 2030, 208, 2046, 612.0, 258, 0.0, 0.0, 354, 32, 4, 123, 0.002, 0, 0.000, 230, 0.003, 0.005
1740, 261.3, 2030, 208, 2046, 612.0, 258, 0.0, 0.0, 354, 32, 4, 123, 0.002, 0, 0.000, 230, 0.003, 0.005
1742, 265.0, 2030, 208, 2046, 612.0, 258, 0.0, 0.0, 354, 32, 4, 123, 0.002, 0, 0.000, 230, 0.003, 0.005
1743, 270.1, 2030, 210, 2046, 612.0, 258, 0.0, 0.0, 354, 32, 4, 123, 0.002, 0, 0.000, 230, 0.003, 0.005
1745, 265.3, 2030, 210, 2046, 612.0, 258, 0.0, 0.0, 354, 32, 4, 123, 0.002, 0, 0.000, 230, 0.003, 0.005
1746, 264.9, 2030, 210, 2046, 612.0, 258, 0.0, 0.0, 354, 32, 4, 123, 0.002, 0, 0.000, 230, 0.003, 0.005
1748, 266.7, 2030, 210, 2046, 612.0, 258, 0.0, 0.0, 354, 32, 4, 123, 0.002, 0, 0.000, 230, 0.003, 0.005
1749, 264.4, 2030, 210, 2046, 612.0, 258, 0.0, 0.0, 354, 32, 4, 123, 0.002, 0, 0.000, 230, 0.003, 0.005
1751, 295.1, 2030, 210, 2046, 2832.0, 2478, 0.0, 0.0, 354, 32, 4, 126, 0.002, 0, 0.000, 230, 0.003, 0.005
1753, 265.3, 2030, 210, 2046, 2832.0, 2478, 0.0, 0.0, 354, 32, 4, 126, 0.002, 0, 0.000, 230, 0.003, 0.005
1754, 267.8, 2030, 210, 2046, 2832.0, 2478, 0.0, 0.0, 354, 32, 4, 126, 0.002, 0, 0.000, 230, 0.003, 0.005
1756, 267.3, 2030, 210, 2046, 2832.0, 2478, 0.0, 0.0, 354, 32, 4, 126, 0.002, 0, 0.000, 230, 0.003, 0.005
1757, 266.4, 2030, 210, 2046, 2832.0, 2478, 0.0, 0.0, 354, 32, 4, 126, 0.002, 0, 0.000, 230, 0.003, 0.005
1759, 265.3, 2030, 210, 2046, 2832.0, 2478, 0.0, 0.0, 354, 32, 4, 126, 0.002, 0, 0.000, 230, 0.003, 0.005
1760, 266.1, 2030, 210, 2046, 2832.0, 2478, 0.0, 0.0, 354, 32, 4, 126, 0.002, 0, 0.000, 230, 0.003, 0.005
1762, 264.1, 2030, 210, 2046, 2832.0, 2478, 0.0, 0.0, 354, 32, 4, 126, 0.002, 0, 0.000, 230, 0.003, 0.005
1764, 261.4, 2030, 210, 2046, 2832.0, 2478, 0.0, 0.0, 354, 32, 4, 126, 0.002, 0, 0.000, 230, 0.003, 0.005
1765, 263.4, 2030, 210, 2046, 5010.0, 4656, 0.0, 0.0, 354, 32, 4, 126, 0.002, 0, 0.000, 231, 0.003, 0.005
1767, 323.7, 2030, 210, 2046, 624.0, 268, 0.0, 0.0, 356, 32, 4, 126, 0.002, 0, 0.000, 235, 0.003, 0.005
1768, 263.1, 2030, 210, 2046, 624.0, 268, 0.0, 0.0, 356, 32, 4, 126, 0.002, 0, 0.000, 235, 0.003, 0.005
1770, 264.1, 2030, 210, 2046, 624.0, 268, 0.0, 0.0, 356, 32, 4, 126, 0.002, 0, 0.000, 235, 0.003, 0.005
1772, 266.2, 2030, 210, 2046, 624.0, 268, 0.0, 0.0, 356, 32, 4, 126, 0.002, 0, 0.000, 235, 0.003, 0.005
1773, 267.6, 2030, 210, 2046, 624.0, 268, 0.0, 0.0, 356, 32, 4, 126, 0.002, 0, 0.000, 235, 0.003, 0.005
1775, 266.8, 2030, 210, 2046, 624.0, 268, 0.0, 0.0, 356, 32, 4, 126, 0.002, 0, 0.000, 235, 0.003, 0.005
1776, 263.4, 2030, 210, 2046, 624.0, 268, 0.0, 0.0, 356, 32, 4, 126, 0.002, 0, 0.000, 235, 0.003, 0.005
1778, 263.9, 2030, 210, 2046, 624.0, 268, 0.0, 0.0, 356, 32, 4, 126, 0.002, 0, 0.000, 235, 0.003, 0.005
1780, 265.8, 2030, 210, 2046, 624.0, 268, 0.0, 0.0, 356, 32, 4, 126, 0.002, 0, 0.000, 235, 0.003, 0.005
1781, 265.6, 2030, 210, 2046, 624.0, 268, 0.0, 0.0, 356, 32, 4, 126, 0.002, 0, 0.000, 235, 0.003, 0.005
1783, 266.0, 2030, 210, 2046, 624.0, 268, 0.0, 0.0, 356, 32, 4, 126, 0.002, 0, 0.000, 235, 0.003, 0.005
1784, 265.1, 2030, 210, 2046, 624.0, 268, 0.0, 0.0, 356, 32, 4, 126, 0.002, 0, 0.000, 235, 0.003, 0.005
1786, 263.2, 2030, 210, 2046, 624.0, 268, 0.0, 0.0, 356, 32, 4, 126, 0.002, 0, 0.000, 235, 0.003, 0.005
1787, 267.3, 2030, 210, 2046, 624.0, 268, 0.0, 0.0, 356, 32, 4, 126, 0.002, 0, 0.000, 235, 0.003, 0.005
1789, 269.8, 2030, 210, 2046, 624.0, 268, 0.0, 0.0, 356, 32, 4, 126, 0.002, 0, 0.000, 235, 0.003, 0.005
1791, 267.6, 2030, 210, 2046, 2790.0, 2434, 0.0, 0.0, 356, 32, 4, 129, 0.002, 0, 0.000, 235, 0.003, 0.005
1792, 264.3, 2030, 210, 2046, 2790.0, 2434, 0.0, 0.0, 356, 32, 4, 129, 0.002, 0, 0.000, 235, 0.003, 0.005
1794, 264.2, 2030, 210, 2046, 2790.0, 2434, 0.0, 0.0, 356, 32, 4, 129, 0.002, 0, 0.000, 235, 0.003, 0.005
1795, 261.8, 2030, 210, 2046, 2790.0, 2434, 0.0, 0.0, 356, 32, 4, 129, 0.002, 0, 0.000, 235, 0.003, 0.005
1797, 262.5, 2030, 210, 2046, 2790.0, 2434, 0.0, 0.0, 356, 32, 4, 129, 0.002, 0, 0.000, 235, 0.003, 0.005
1799, 264.9, 2030, 210, 2046, 2790.0, 2434, 0.0, 0.0, 356, 32, 4, 129, 0.002, 0, 0.000, 235, 0.003, 0.005
1800, 266.0, 2030, 210, 2046, 2790.0, 2434, 0.0, 0.0, 356, 32, 4, 129, 0.002, 0, 0.000, 235, 0.003, 0.005
1802, 265.2, 2030, 210, 2046, 2790.0, 2434, 0.0, 0.0, 356, 32, 4, 129, 0.002, 0, 0.000, 235, 0.003, 0.005
1803, 261.9, 2030, 210, 2046, 4230.0, 3872, 0.0, 0.0, 358, 32, 4, 129, 0.002, 0, 0.000, 236, 0.003, 0.005
1805, 312.6, 2030, 210, 2046, 632.0, 274, 0.0, 0.0, 358, 32, 4, 129, 0.002, 0, 0.000, 240, 0.003, 0.005
1807, 265.3, 2030, 210, 2046, 632.0, 274, 0.0, 0.0, 358, 32, 4, 129, 0.002, 0, 0.000, 240, 0.003, 0.005
1808, 268.8, 2030, 210, 2046, 632.0, 274, 0.0, 0.0, 358, 32, 4, 129, 0.002, 0, 0.000, 240, 0.003, 0.005
1810, 265.2, 2030, 210, 2046, 632.0, 274, 0.0, 0.0, 358, 32, 4, 129, 0.002, 0, 0.000, 240, 0.003, 0.005
1811, 267.6, 2030, 210, 2046, 632.0, 274, 0.0, 0.0, 358, 32, 4, 129, 0.002, 0, 0.000, 240, 0.003, 0.005
1813, 268.5, 2030, 210, 2046, 632.0, 274, 0.0, 0.0, 358, 32, 4, 129, 0.002, 0, 0.000, 240, 0.003, 0.005
1814, 266.4, 2030, 210, 2046, 632.0, 274, 0.0, 0.0, 358, 32, 4, 129, 0.002, 0, 0.000, 240, 0.003, 0.005
1816, 264.3, 2030, 210, 2046, 632.0, 274, 0.0, 0.0, 358, 32, 4, 129, 0.002, 0, 0.000, 240, 0.003, 0.005
1818, 269.5, 2030, 210, 2046, 632.0, 274, 0.0, 0.0, 358, 32, 4, 129, 0.002, 0, 0.000, 240, 0.003, 0.005
1819, 267.7, 2030, 210, 2046, 632.0, 274, 0.0, 0.0, 358, 32, 4, 129, 0.002, 0, 0.000, 240, 0.003, 0.005
1821, 269.1, 2030, 210, 2046, 632.0, 274, 0.0, 0.0, 358, 32, 4, 129, 0.002, 0, 0.000, 240, 0.003, 0.005
1822, 265.7, 2030, 210, 2046, 632.0, 274, 0.0, 0.0, 358, 32, 4, 129, 0.002, 0, 0.000, 240, 0.003, 0.005
1824, 265.9, 2030, 210, 2046, 632.0, 274, 0.0, 0.0, 358, 32, 4, 129, 0.002, 0, 0.000, 240, 0.003, 0.005
1826, 270.7, 2030, 210, 2046, 632.0, 274, 0.0, 0.0, 358, 32, 4, 129, 0.002, 0, 0.000, 240, 0.003, 0.005
1827, 264.5, 2030, 210, 2046, 632.0, 274, 0.0, 0.0, 358, 32, 4, 129, 0.002, 0, 0.000, 240, 0.003, 0.005
1829, 281.1, 2030, 210, 2046, 2918.0, 2566, 0.0, 0.0, 352, 32, 4, 132, 0.002, 0, 0.000, 240, 0.003, 0.005
1830, 263.5, 2030, 210, 2046, 2918.0, 2566, 0.0, 0.0, 352, 32, 4, 132, 0.002, 0, 0.000, 240, 0.003, 0.005
1832, 262.6, 2030, 210, 2046, 2918.0, 2566, 0.0, 0.0, 352, 32, 4, 132, 0.002, 0, 0.000, 240, 0.003, 0.005
1834, 264.0, 2030, 210, 2046, 2918.0, 2566, 0.0, 0.0, 352, 32, 4, 132, 0.002, 0, 0.000, 240, 0.003, 0.005
1835, 262.5, 2030, 210, 2046, 2918.0, 2566, 0.0, 0.0, 352, 32, 4, 132, 0.002, 0, 0.000, 240, 0.003, 0.005
1837, 264.2, 2030, 210, 2046, 2918.0, 2566, 0.0, 0.0, 352, 32, 4, 132, 0.002, 0, 0.000, 240, 0.003, 0.005
1838, 268.9, 2030, 210, 2046, 2918.0, 2566, 0.0, 0.0, 352, 32, 4, 132, 0.002, 0, 0.000, 240, 0.003, 0.005
1840, 262.8, 2030, 210, 2046, 2918.0, 2566, 0.0, 0.0, 352, 32, 4, 132, 0.002, 0, 0.000, 240, 0.003, 0.005
1842, 270.1, 2030, 210, 2046, 2918.0, 2566, 0.0, 0.0, 352, 32, 4, 132, 0.002, 0, 0.000, 240, 0.003, 0.005
1843, 298.7, 2030, 210, 2046, 634.0, 280, 0.0, 0.0, 354, 32, 4, 132, 0.002, 0, 0.000, 245, 0.003, 0.005
1845, 267.5, 2030, 210, 2046, 634.0, 280, 0.0, 0.0, 354, 32, 4, 132, 0.002, 0, 0.000, 245, 0.003, 0.005
1847, 265.5, 2030, 210, 2046, 634.0, 280, 0.0, 0.0, 354, 32, 4, 132, 0.002, 0, 0.000, 245, 0.003, 0.005
1848, 265.5, 2030, 210, 2046, 634.0, 280, 0.0, 0.0, 354, 32, 4, 132, 0.002, 0, 0.000, 245, 0.003, 0.005
1850, 271.1, 2030, 210, 2046, 634.0, 280, 0.0, 0.0, 354, 32, 4, 132, 0.002, 0, 0.000, 245, 0.003, 0.005
1851, 270.1, 2030, 210, 2046, 634.0, 280, 0.0, 0.0, 354, 32, 4, 132, 0.002, 0, 0.000, 245, 0.003, 0.005
1853, 268.9, 2030, 210, 2046, 634.0, 280, 0.0, 0.0, 354, 32, 4, 132, 0.002, 0, 0.000, 245, 0.003, 0.005
1855, 269.3, 2030, 210, 2046, 634.0, 280, 0.0, 0.0, 354, 32, 4, 132, 0.002, 0, 0.000, 245, 0.003, 0.005
1856, 265.1, 2030, 210, 2046, 634.0, 280, 0.0, 0.0, 354, 32, 4, 132, 0.002, 0, 0.000, 245, 0.003, 0.005
1858, 261.4, 2030, 210, 2046, 634.0, 280, 0.0, 0.0, 354, 32, 4, 132, 0.002, 0, 0.000, 245, 0.003, 0.005
1859, 268.3, 2030, 210, 2046, 634.0, 280, 0.0, 0.0, 354, 32, 4, 132, 0.002, 0, 0.000, 245, 0.003, 0.005
1861, 263.6, 2030, 210, 2046, 634.0, 280, 0.0, 0.0, 354, 32, 4, 132, 0.002, 0, 0.000, 245, 0.003, 0.005
1862, 266.9, 2030, 210, 2046, 634.0, 280, 0.0, 0.0, 354, 32, 4, 132, 0.002, 0, 0.000, 245, 0.003, 0.005
1864, 267.0, 2030, 210, 2046, 634.0, 280, 0.0, 0.0, 354, 32, 4, 132, 0.002, 0, 0.000, 245, 0.003, 0.005
1866, 265.5, 2030, 210, 2046, 634.0, 280, 0.0, 0.0, 354, 32, 4, 132, 0.002, 0, 0.000, 245, 0.003, 0.005
1867, 269.3, 2030, 210, 2046, 7752.0, 7396, 0.0, 0.0, 356, 32, 4, 133, 0.002, 0, 0.000, 245, 0.003, 0.005
1869, 290.7, 2030, 210, 2046, 2778.0, 2422, 0.0, 0.0, 356, 32, 4, 135, 0.002, 0, 0.000, 245, 0.003, 0.005
1870, 262.6, 2030, 210, 2046, 2778.0, 2422, 0.0, 0.0, 356, 32, 4, 135, 0.002, 0, 0.000, 245, 0.003, 0.005
1872, 264.9, 2030, 210, 2046, 2778.0, 2422, 0.0, 0.0, 356, 32, 4, 135, 0.002, 0, 0.000, 245, 0.003, 0.005
1874, 264.7, 2030, 210, 2046, 2778.0, 2422, 0.0, 0.0, 356, 32, 4, 135, 0.002, 0, 0.000, 245, 0.003, 0.005
1875, 266.7, 2030, 210, 2046, 2778.0, 2422, 0.0, 0.0, 356, 32, 4, 135, 0.002, 0, 0.000, 245, 0.003, 0.005
1877, 267.8, 2030, 210, 2046, 2778.0, 2422, 0.0, 0.0, 356, 32, 4, 135, 0.002, 0, 0.000, 245, 0.003, 0.005
1878, 264.8, 2030, 210, 2046, 2778.0, 2422, 0.0, 0.0, 356, 32, 4, 135, 0.002, 0, 0.000, 245, 0.003, 0.005
1880, 266.8, 2030, 210, 2046, 2778.0, 2422, 0.0, 0.0, 356, 32, 4, 135, 0.002, 0, 0.000, 245, 0.003, 0.005
1882, 266.6, 2030, 210, 2046, 2778.0, 2422, 0.0, 0.0, 356, 32, 4, 135, 0.002, 0, 0.000, 245, 0.003, 0.005
1883, 267.2, 2030, 210, 2046, 2778.0, 2422, 0.0, 0.0, 356, 32, 4, 135, 0.002, 0, 0.000, 245, 0.003, 0.005
1885, 267.9, 2030, 210, 2046, 2778.0, 2422, 0.0, 0.0, 356, 32, 4, 135, 0.002, 0, 0.000, 245, 0.003, 0.005
1886, 300.7, 2030, 210, 2046, 660.0, 302, 0.0, 0.0, 358, 32, 4, 135, 0.002, 0, 0.000, 250, 0.003, 0.005
1888, 268.7, 2030, 210, 2046, 660.0, 302, 0.0, 0.0, 358, 32, 4, 135, 0.002, 0, 0.000, 250, 0.003, 0.005
1890, 265.4, 2030, 210, 2046, 660.0, 302, 0.0, 0.0, 358, 32, 4, 135, 0.002, 0, 0.000, 250, 0.003, 0.005
1891, 266.5, 2030, 210, 2046, 660.0, 302, 0.0, 0.0, 358, 32, 4, 135, 0.002, 0, 0.000, 250, 0.003, 0.005
1893, 264.3, 2030, 210, 2046, 660.0, 302, 0.0, 0.0, 358, 32, 4, 135, 0.002, 0, 0.000, 250, 0.003, 0.005
1894, 263.4, 2030, 210, 2046, 660.0, 302, 0.0, 0.0, 358, 32, 4, 135, 0.002, 0, 0.000, 250, 0.003, 0.005
1896, 260.1, 2030, 210, 2046, 660.0, 302, 0.0, 0.0, 358, 32, 4, 135, 0.002, 0, 0.000, 250, 0.003, 0.005
1898, 265.5, 2030, 210, 2046, 660.0, 302, 0.0, 0.0, 358, 32, 4, 135, 0.002, 0, 0.000, 250, 0.003, 0.005
1899, 263.6, 2030, 210, 2046, 660.0, 302, 0.0, 0.0, 358, 32, 4, 135, 0.002, 0, 0.000, 250, 0.003, 0.005
1901, 267.6, 2030, 210, 2046, 660.0, 302, 0.0, 0.0, 358, 32, 4, 135, 0.002, 0, 0.000, 250, 0.003, 0.005
1902, 265.4, 2030, 210, 2046, 660.0, 302, 0.0, 0.0, 358, 32, 4, 135, 0.002, 0, 0.000, 250, 0.003, 0.005
1904, 264.0, 2030, 210, 2046, 660.0, 302, 0.0, 0.0, 358, 32, 4, 135, 0.002, 0, 0.000, 250, 0.003, 0.005
1906, 266.1, 2030, 210, 2046, 660.0, 302, 0.0, 0.0, 358, 32, 4, 135, 0.002, 0, 0.000, 250, 0.003, 0.005
1907, 263.0, 2030, 210, 2046, 660.0, 302, 0.0, 0.0, 358, 32, 4, 135, 0.002, 0, 0.000, 250, 0.003, 0.005
1909, 263.4, 2030, 210, 2046, 660.0, 302, 0.0, 0.0, 358, 32, 4, 135, 0.002, 0, 0.000, 250, 0.003, 0.005
1910, 264.4, 2030, 210, 2046, 660.0, 302, 0.0, 0.0, 358, 32, 4, 135, 0.002, 0, 0.000, 250, 0.003, 0.005
1912, 294.7, 2030, 210, 2046, 2994.0, 2640, 0.0, 0.0, 354, 32, 4, 138, 0.002, 0, 0.000, 250, 0.003, 0.005
1913, 267.2, 2030, 210, 2046, 2994.0, 2640, 0.0, 0.0, 354, 32, 4, 138, 0.002, 0, 0.000, 250, 0.003, 0.005
1915, 267.2, 2030, 210, 2046, 2994.0, 2640, 0.0, 0.0, 354, 32, 4, 138, 0.002, 0, 0.000, 250, 0.003, 0.005
1917, 266.2, 2030, 210, 2046, 2994.0, 2640, 0.0, 0.0, 354, 32, 4, 138, 0.002, 0, 0.000, 250, 0.003, 0.005
1918, 267.2, 2030, 210, 2046, 2994.0, 2640, 0.0, 0.0, 354, 32, 4, 138, 0.002, 0, 0.000, 250, 0.003, 0.005
1920, 264.7, 2030, 210, 2046, 2994.0, 2640, 0.0, 0.0, 354, 32, 4, 138, 0.002, 0, 0.000, 250, 0.003, 0.005
1921, 268.3, 2030, 210, 2046, 2994.0, 2640, 0.0, 0.0, 354, 32, 4, 138, 0.002, 0, 0.000, 250, 0.003, 0.005
1923, 267.7, 2030, 210, 2046, 2994.0, 2640, 0.0, 0.0, 354, 32, 4, 138, 0.002, 0, 0.000, 250, 0.003, 0.005
1924, 266.4, 2030, 210, 2046, 2994.0, 2640, 0.0, 0.0, 354, 32, 4, 138, 0.002, 0, 0.000, 250, 0.003, 0.005
1926, 264.5, 2030, 210, 2046, 2994.0, 2640, 0.0, 0.0, 354, 32, 4, 138, 0.002, 0, 0.000, 250, 0.003, 0.005
1928, 263.9, 2030, 210, 2046, 2994.0, 2640, 0.0, 0.0, 354, 32, 4, 138, 0.002, 0, 0.000, 250, 0.003, 0.005
1929, 305.9, 2030, 210, 2046, 596.0, 238, 0.0, 0.0, 358, 32, 4, 138, 0.002, 0, 0.000, 255, 0.003, 0.005
1931, 266.1, 2030, 210, 2046, 596.0, 238, 0.0, 0.0, 358, 32, 4, 138, 0.002, 0, 0.000, 255, 0.003, 0.005
1932, 258.1, 2030, 210, 2046, 596.0, 238, 0.0, 0.0, 358, 32, 4, 138, 0.002, 0, 0.000, 255, 0.003, 0.005
1934, 162.9, 2030, 210, 2046, 596.0, 238, 0.0, 0.0, 358, 32, 4, 138, 0.002, 0, 0.000, 255, 0.003, 0.005
1936, 327.7, 2030, 210, 2046, 596.0, 238, 0.0, 0.0, 358, 32, 4, 138, 0.002, 0, 0.000, 255, 0.003, 0.005
1937, 332.8, 2030, 211, 2046, 596.0, 238, 0.0, 0.0, 358, 32, 4, 138, 0.002, 0, 0.000, 255, 0.003, 0.005
1939, 337.3, 2030, 213, 2046, 596.0, 238, 0.0, 0.0, 358, 32, 4, 138, 0.002, 0, 0.000, 255, 0.003, 0.005
1941, 350.8, 2030, 213, 2046, 596.0, 238, 0.0, 0.0, 358, 32, 4, 138, 0.002, 0, 0.000, 255, 0.003, 0.005
1943, 338.8, 2030, 213, 2046, 596.0, 238, 0.0, 0.0, 358, 32, 4, 138, 0.002, 0, 0.000, 255, 0.003, 0.005
1945, 336.9, 2030, 213, 2046, 596.0, 238, 0.0, 0.0, 358, 32, 4, 138, 0.002, 0, 0.000, 255, 0.003, 0.005
1947, 334.5, 2030, 213, 2046, 596.0, 238, 0.0, 0.0, 358, 32, 4, 138, 0.002, 0, 0.000, 255, 0.003, 0.005
1948, 337.9, 2030, 213, 2046, 5228.0, 4872, 0.0, 0.0, 356, 32, 4, 141, 0.002, 0, 0.000, 255, 0.003, 0.005
1950, 345.8, 2030, 213, 2046, 5228.0, 4872, 0.0, 0.0, 356, 32, 4, 141, 0.002, 0, 0.000, 255, 0.003, 0.005
1952, 334.8, 2030, 213, 2046, 5228.0, 4872, 0.0, 0.0, 356, 32, 4, 141, 0.002, 0, 0.000, 255, 0.003, 0.005
1954, 338.2, 2030, 214, 2046, 5228.0, 4872, 0.0, 0.0, 356, 32, 4, 141, 0.002, 0, 0.000, 255, 0.003, 0.005
1956, 335.7, 2030, 214, 2046, 5228.0, 4872, 0.0, 0.0, 356, 32, 4, 141, 0.002, 0, 0.000, 255, 0.003, 0.005
1958, 336.1, 2030, 214, 2046, 5228.0, 4872, 0.0, 0.0, 356, 32, 4, 141, 0.002, 0, 0.000, 255, 0.003, 0.005
1959, 335.3, 2030, 214, 2046, 5228.0, 4872, 0.0, 0.0, 356, 32, 4, 141, 0.002, 0, 0.000, 255, 0.003, 0.005
1961, 330.4, 2030, 214, 2046, 5228.0, 4872, 0.0, 0.0, 356, 32, 4, 141, 0.002, 0, 0.000, 255, 0.003, 0.005
1963, 336.6, 2030, 214, 2046, 5228.0, 4872, 0.0, 0.0, 356, 32, 4, 141, 0.002, 0, 0.000, 255, 0.003, 0.005
1965, 335.4, 2030, 214, 2046, 5588.0, 5230, 0.0, 0.0, 358, 32, 4, 144, 0.002, 0, 0.000, 255, 0.003, 0.005
1967, 334.3, 2030, 214, 2046, 5588.0, 5230, 0.0, 0.0, 358, 32, 4, 144, 0.002, 0, 0.000, 255, 0.003, 0.005
1969, 334.2, 2030, 214, 2046, 5588.0, 5230, 0.0, 0.0, 358, 32, 4, 144, 0.002, 0, 0.000, 255, 0.003, 0.005
1970, 330.1, 2030, 214, 2046, 5588.0, 5230, 0.0, 0.0, 358, 32, 4, 144, 0.002, 0, 0.000, 255, 0.003, 0.005
1972, 337.7, 2030, 214, 2046, 5588.0, 5230, 0.0, 0.0, 358, 32, 4, 144, 0.002, 0, 0.000, 255, 0.003, 0.005
1974, 338.9, 2030, 214, 2046, 5588.0, 5230, 0.0, 0.0, 358, 32, 4, 144, 0.002, 0, 0.000, 255, 0.003, 0.005
1976, 334.6, 2030, 214, 2046, 5588.0, 5230, 0.0, 0.0, 358, 32, 4, 144, 0.002, 0, 0.000, 255, 0.003, 0.005
1978, 335.8, 2030, 214, 2046, 5588.0, 5230, 0.0, 0.0, 358, 32, 4, 144, 0.002, 0, 0.000, 255, 0.003, 0.005
1979, 332.3, 2030, 214, 2046, 5588.0, 5230, 0.0, 0.0, 358, 32, 4, 144, 0.002, 0, 0.000, 255, 0.003, 0.005
1981, 326.5, 2030, 214, 2046, 5996.0, 5638, 0.0, 0.0, 358, 32, 4, 147, 0.002, 0, 0.000, 255, 0.003, 0.005
1983, 340.1, 2030, 214, 2046, 5996.0, 5638, 0.0, 0.0, 358, 32, 4, 147, 0.002, 0, 0.000, 255, 0.003, 0.005
1985, 333.8, 2030, 214, 2046, 5996.0, 5638, 0.0, 0.0, 358, 32, 4, 147, 0.002, 0, 0.000, 255, 0.003, 0.005
1987, 331.2, 2030, 214, 2046, 5996.0, 5638, 0.0, 0.0, 358, 32, 4, 147, 0.002, 0, 0.000, 255, 0.003, 0.005
1989, 334.0, 2030, 214, 2046, 5996.0, 5638, 0.0, 0.0, 358, 32, 4, 147, 0.002, 0, 0.000, 255, 0.003, 0.005
1990, 332.5, 2030, 214, 2046, 5996.0, 5638, 0.0, 0.0, 358, 32, 4, 147, 0.002, 0, 0.000, 255, 0.003, 0.005
1992, 331.2, 2030, 214, 2046, 5996.0, 5638, 0.0, 0.0, 358, 32, 4, 147, 0.002, 0, 0.000, 255, 0.003, 0.005
1994, 333.1, 2030, 214, 2046, 5996.0, 5638, 0.0, 0.0, 358, 32, 4, 147, 0.002, 0, 0.000, 255, 0.003, 0.005
1996, 334.1, 2030, 214, 2046, 5996.0, 5638, 0.0, 0.0, 358, 32, 4, 147, 0.002, 0, 0.000, 255, 0.003, 0.005
1997, 330.4, 2030, 214, 2046, 7256.0, 6898, 0.0, 0.0, 358, 32, 4, 148, 0.002, 0, 0.000, 255, 0.003, 0.005
1999, 368.2, 2030, 214, 2046, 6130.0, 5772, 0.0, 0.0, 358, 32, 4, 150, 0.002, 0, 0.000, 255, 0.003, 0.005
2001, 334.1, 2030, 214, 2046, 6130.0, 5772, 0.0, 0.0, 358, 32, 4, 150, 0.002, 0, 0.000, 255, 0.003, 0.005
2003, 339.0, 2030, 214, 2046, 6130.0, 5772, 0.0, 0.0, 358, 32, 4, 150, 0.002, 0, 0.000, 255, 0.003, 0.005
2005, 367.8, 2030, 214, 2046, 1214.0, 882, 0.0, 0.0, 332, 32, 4, 150, 0.002, 0, 0.000, 260, 0.004, 0.006
2006, 327.0, 2030, 215, 2046, 1214.0, 882, 0.0, 0.0, 332, 32, 4, 150, 0.002, 0, 0.000, 260, 0.004, 0.006
2008, 332.8, 2030, 215, 2046, 1214.0, 882, 0.0, 0.0, 332, 32, 4, 150, 0.002, 0, 0.000, 260, 0.004, 0.006
2010, 331.7, 2030, 215, 2046, 1214.0, 882, 0.0, 0.0, 332, 32, 4, 150, 0.002, 0, 0.000, 260, 0.004, 0.006
2012, 332.7, 2030, 215, 2046, 1214.0, 882, 0.0, 0.0, 332, 32, 4, 150, 0.002, 0, 0.000, 260, 0.004, 0.006
2013, 339.3, 2030, 215, 2046, 1214.0, 882, 0.0, 0.0, 332, 32, 4, 150, 0.002, 0, 0.000, 260, 0.004, 0.006
2015, 334.1, 2030, 215, 2046, 1214.0, 882, 0.0, 0.0, 332, 32, 4, 150, 0.002, 0, 0.000, 260, 0.004, 0.006
2017, 335.3, 2030, 215, 2046, 1214.0, 882, 0.0, 0.0, 332, 32, 4, 150, 0.002, 0, 0.000, 260, 0.004, 0.006
2019, 332.5, 2030, 215, 2046, 1214.0, 882, 0.0, 0.0, 332, 32, 4, 150, 0.002, 0, 0.000, 260, 0.004, 0.006
2020, 333.3, 2030, 215, 2046, 6282.0, 6102, 0.0, 0.0, 180, 32, 4, 153, 0.002, 0, 0.000, 260, 0.004, 0.006
2022, 332.3, 2030, 215, 2046, 6282.0, 6102, 0.0, 0.0, 180, 32, 4, 153, 0.002, 0, 0.000, 260, 0.004, 0.006
2024, 334.3, 2030, 215, 2046, 6282.0, 6102, 0.0, 0.0, 180, 32, 4, 153, 0.002, 0, 0.000, 260, 0.004, 0.006
2026, 333.4, 2030, 215, 2046, 6282.0, 6102, 0.0, 0.0, 180, 32, 4, 153, 0.002, 0, 0.000, 260, 0.004, 0.006
2028, 331.7, 2030, 215, 2046, 6282.0, 6102, 0.0, 0.0, 180, 32, 4, 153, 0.002, 0, 0.000, 260, 0.004, 0.006
2030, 334.2, 2030, 215, 2046, 6282.0, 6102, 0.0, 0.0, 180, 32, 4, 153, 0.002, 0, 0.000, 260, 0.004, 0.006
2031, 328.4, 2030, 215, 2046, 6282.0, 6102, 0.0, 0.0, 180, 32, 4, 153, 0.002, 0, 0.000, 260, 0.004, 0.006
2033, 333.8, 2030, 215, 2046, 6282.0, 6102, 0.0, 0.0, 180, 32, 4, 153, 0.002, 0, 0.000, 260, 0.004, 0.006
2035, 332.6, 2030, 215, 2046, 6282.0, 6102, 0.0, 0.0, 180, 32, 4, 153, 0.002, 0, 0.000, 260, 0.004, 0.006
2037, 333.5, 2030, 215, 2046, 6282.0, 6102, 0.0, 0.0, 180, 32, 4, 153, 0.002, 0, 0.000, 260, 0.004, 0.006
2038, 371.0, 2030, 215, 2046, 6550.0, 6364, 0.0, 0.0, 186, 32, 4, 156, 0.002, 0, 0.000, 260, 0.004, 0.006
2040, 328.6, 2030, 215, 2046, 6550.0, 6364, 0.0, 0.0, 186, 32, 4, 156, 0.002, 0, 0.000, 260, 0.004, 0.006
2042, 327.9, 2030, 215, 2046, 6550.0, 6364, 0.0, 0.0, 186, 32, 4, 156, 0.002, 0, 0.000, 260, 0.004, 0.006
2044, 327.3, 2030, 215, 2046, 6550.0, 6364, 0.0, 0.0, 186, 32, 4, 156, 0.002, 0, 0.000, 260, 0.004, 0.006
2045, 339.9, 2030, 215, 2046, 6550.0, 6364, 0.0, 0.0, 186, 32, 4, 156, 0.002, 0, 0.000, 260, 0.004, 0.006
2047, 335.8, 2030, 215, 2046, 6550.0, 6364, 0.0, 0.0, 186, 32, 4, 156, 0.002, 0, 0.000, 260, 0.004, 0.006
2049, 335.4, 2030, 215, 2046, 6550.0, 6364, 0.0, 0.0, 186, 32, 4, 156, 0.002, 0, 0.000, 260, 0.004, 0.006
2051, 333.0, 2030, 215, 2046, 6550.0, 6364, 0.0, 0.0, 186, 32, 4, 156, 0.002, 0, 0.000, 260, 0.004, 0.006
2053, 331.7, 2030, 215, 2046, 6550.0, 6364, 0.0, 0.0, 186, 32, 4, 156, 0.002, 0, 0.000, 260, 0.004, 0.006
2054, 333.4, 2030, 215, 2046, 7378.0, 7192, 0.0, 0.0, 186, 32, 4, 157, 0.002, 0, 0.000, 260, 0.004, 0.006
2056, 355.7, 2030, 215, 2046, 6372.0, 6186, 0.0, 0.0, 186, 32, 4, 159, 0.002, 0, 0.000, 260, 0.004, 0.006
2058, 335.9, 2030, 215, 2046, 6372.0, 6186, 0.0, 0.0, 186, 32, 4, 159, 0.002, 0, 0.000, 260, 0.004, 0.006
2060, 333.3, 2030, 215, 2046, 6372.0, 6186, 0.0, 0.0, 186, 32, 4, 159, 0.002, 0, 0.000, 260, 0.004, 0.006
2062, 337.5, 2030, 215, 2046, 6372.0, 6186, 0.0, 0.0, 186, 32, 4, 159, 0.002, 0, 0.000, 260, 0.004, 0.006
2063, 333.9, 2030, 215, 2046, 6372.0, 6186, 0.0, 0.0, 186, 32, 4, 159, 0.002, 0, 0.000, 260, 0.004, 0.006
2065, 336.3, 2030, 215, 2046, 6372.0, 6186, 0.0, 0.0, 186, 32, 4, 159, 0.002, 0, 0.000, 260, 0.004, 0.006
2067, 332.2, 2030, 215, 2046, 6372.0, 6186, 0.0, 0.0, 186, 32, 4, 159, 0.002, 0, 0.000, 260, 0.004, 0.006
2069, 332.8, 2030, 215, 2046, 6372.0, 6186, 0.0, 0.0, 186, 32, 4, 159, 0.002, 0, 0.000, 260, 0.004, 0.006
2071, 334.5, 2030, 215, 2046, 6372.0, 6186, 0.0, 0.0, 186, 32, 4, 159, 0.002, 0, 0.000, 260, 0.004, 0.006
2072, 332.7, 2030, 215, 2046, 6390.0, 6204, 0.0, 0.0, 186, 32, 4, 162, 0.002, 0, 0.000, 260, 0.004, 0.006
2074, 333.1, 2030, 215, 2046, 6390.0, 6204, 0.0, 0.0, 186, 32, 4, 162, 0.002, 0, 0.000, 260, 0.004, 0.006
2076, 332.1, 2030, 215, 2046, 6390.0, 6204, 0.0, 0.0, 186, 32, 4, 162, 0.002, 0, 0.000, 260, 0.004, 0.006
2078, 329.8, 2030, 215, 2046, 6390.0, 6204, 0.0, 0.0, 186, 32, 4, 162, 0.002, 0, 0.000, 260, 0.004, 0.006
2080, 373.1, 2030, 215, 2046, 1006.0, 824, 0.0, 0.0, 182, 32, 4, 162, 0.002, 0, 0.000, 265, 0.004, 0.006
2082, 331.4, 2030, 215, 2046, 1006.0, 824, 0.0, 0.0, 182, 32, 4, 162, 0.002, 0, 0.000, 265, 0.004, 0.006
2083, 330.1, 2030, 215, 2046, 1006.0, 824, 0.0, 0.0, 182, 32, 4, 162, 0.002, 0, 0.000, 265, 0.004, 0.006
2085, 342.9, 2030, 215, 2046, 1006.0, 824, 0.0, 0.0, 182, 32, 4, 162, 0.002, 0, 0.000, 265, 0.004, 0.006
2087, 329.8, 2030, 215, 2046, 1006.0, 824, 0.0, 0.0, 182, 32, 4, 162, 0.002, 0, 0.000, 265, 0.004, 0.006
2089, 332.0, 2030, 215, 2046, 1006.0, 824, 0.0, 0.0, 182, 32, 4, 162, 0.002, 0, 0.000, 265, 0.004, 0.006
2090, 336.8, 2030, 215, 2046, 1006.0, 824, 0.0, 0.0, 182, 32, 4, 162, 0.002, 0, 0.000, 265, 0.004, 0.006
2092, 334.3, 2030, 215, 2046, 1006.0, 824, 0.0, 0.0, 182, 32, 4, 162, 0.002, 0, 0.000, 265, 0.004, 0.006
2094, 332.2, 2030, 215, 2046, 1006.0, 824, 0.0, 0.0, 182, 32, 4, 162, 0.002, 0, 0.000, 265, 0.004, 0.006
2096, 332.8, 2030, 215, 2046, 6162.0, 5980, 0.0, 0.0, 182, 32, 4, 165, 0.002, 0, 0.000, 265, 0.004, 0.006
2098, 339.3, 2030, 215, 2046, 6162.0, 5980, 0.0, 0.0, 182, 32, 4, 165, 0.002, 0, 0.000, 265, 0.004, 0.006
2099, 332.7, 2030, 215, 2046, 6162.0, 5980, 0.0, 0.0, 182, 32, 4, 165, 0.002, 0, 0.000, 265, 0.004, 0.006
2101, 330.4, 2030, 215, 2046, 6162.0, 5980, 0.0, 0.0, 182, 32, 4, 165, 0.002, 0, 0.000, 265, 0.004, 0.006
2103, 332.1, 2030, 215, 2046, 6162.0, 5980, 0.0, 0.0, 182, 32, 4, 165, 0.002, 0, 0.000, 265, 0.004, 0.006
2105, 330.1, 2030, 215, 2046, 6162.0, 5980, 0.0, 0.0, 182, 32, 4, 165, 0.002, 0, 0.000, 265, 0.004, 0.006
2107, 330.4, 2030, 215, 2046, 6162.0, 5980, 0.0, 0.0, 182, 32, 4, 165, 0.002, 0, 0.000, 265, 0.004, 0.006
2108, 338.7, 2030, 215, 2046, 6162.0, 5980, 0.0, 0.0, 182, 32, 4, 165, 0.002, 0, 0.000, 265, 0.004, 0.006
2110, 326.6, 2030, 215, 2046, 6162.0, 5980, 0.0, 0.0, 182, 32, 4, 165, 0.002, 0, 0.000, 265, 0.004, 0.006
2112, 331.3, 2030, 215, 2046, 6162.0, 5980, 0.0, 0.0, 182, 32, 4, 165, 0.002, 0, 0.000, 265, 0.004, 0.006
2114, 348.3, 2030, 215, 2046, 6354.0, 6170, 0.0, 0.0, 184, 32, 4, 168, 0.002, 0, 0.000, 265, 0.004, 0.006
2116, 334.2, 2030, 215, 2046, 6354.0, 6170, 0.0, 0.0, 184, 32, 4, 168, 0.002, 0, 0.000, 265, 0.004, 0.006
2117, 329.7, 2030, 215, 2046, 6354.0, 6170, 0.0, 0.0, 184, 32, 4, 168, 0.002, 0, 0.000, 265, 0.004, 0.006
2119, 332.1, 2030, 215, 2046, 6354.0, 6170, 0.0, 0.0, 184, 32, 4, 168, 0.002, 0, 0.000, 265, 0.004, 0.006
2121, 334.0, 2030, 215, 2046, 6354.0, 6170, 0.0, 0.0, 184, 32, 4, 168, 0.002, 0, 0.000, 265, 0.004, 0.006
2123, 331.1, 2030, 215, 2046, 6354.0, 6170, 0.0, 0.0, 184, 32, 4, 168, 0.002, 0, 0.000, 265, 0.004, 0.006
2124, 334.7, 2030, 215, 2046, 6354.0, 6170, 0.0, 0.0, 184, 32, 4, 168, 0.002, 0, 0.000, 265, 0.004, 0.006
2126, 335.4, 2030, 215, 2046, 6354.0, 6170, 0.0, 0.0, 184, 32, 4, 168, 0.002, 0, 0.000, 265, 0.004, 0.006
2128, 328.0, 2030, 215, 2046, 6354.0, 6170, 0.0, 0.0, 184, 32, 4, 168, 0.002, 0, 0.000, 265, 0.004, 0.006
2130, 334.0, 2030, 215, 2046, 6354.0, 6170, 0.0, 0.0, 184, 32, 4, 168, 0.002, 0, 0.000, 265, 0.004, 0.006
2132, 331.2, 2030, 215, 2046, 6246.0, 6058, 0.0, 0.0, 188, 32, 4, 171, 0.002, 0, 0.000, 265, 0.004, 0.006
2134, 333.8, 2030, 215, 2046, 6246.0, 6058, 0.0, 0.0, 188, 32, 4, 171, 0.002, 0, 0.000, 265, 0.004, 0.006
2135, 330.3, 2030, 215, 2046, 6246.0, 6058, 0.0, 0.0, 188, 32, 4, 171, 0.002, 0, 0.000, 265, 0.004, 0.006
2137, 331.8, 2030, 215, 2046, 6246.0, 6058, 0.0, 0.0, 188, 32, 4, 171, 0.002, 0, 0.000, 265, 0.004, 0.006
2139, 331.5, 2030, 215, 2046, 6246.0, 6058, 0.0, 0.0, 188, 32, 4, 171, 0.002, 0, 0.000, 265, 0.004, 0.006
2141, 331.2, 2030, 215, 2046, 6246.0, 6058, 0.0, 0.0, 188, 32, 4, 171, 0.002, 0, 0.000, 265, 0.004, 0.006
2142, 332.1, 2030, 215, 2046, 6246.0, 6058, 0.0, 0.0, 188, 32, 4, 171, 0.002, 0, 0.000, 265, 0.004, 0.006
2144, 329.6, 2030, 215, 2046, 6246.0, 6058, 0.0, 0.0, 188, 32, 4, 171, 0.002, 0, 0.000, 265, 0.004, 0.006
2146, 335.0, 2030, 215, 2046, 6246.0, 6058, 0.0, 0.0, 188, 32, 4, 171, 0.002, 0, 0.000, 265, 0.004, 0.006
2148, 330.8, 2030, 215, 2046, 6246.0, 6058, 0.0, 0.0, 188, 32, 4, 171, 0.002, 0, 0.000, 265, 0.004, 0.006
2150, 365.1, 2030, 215, 2046, 966.0, 770, 0.0, 0.0, 196, 32, 4, 174, 0.002, 0, 0.000, 269, 0.004, 0.006
2151, 339.9, 2030, 215, 2046, 996.0, 808, 0.0, 0.0, 188, 32, 4, 174, 0.002, 0, 0.000, 270, 0.004, 0.006
2153, 330.6, 2030, 215, 2046, 996.0, 808, 0.0, 0.0, 188, 32, 4, 174, 0.002, 0, 0.000, 270, 0.004, 0.006
2155, 333.7, 2030, 215, 2046, 996.0, 808, 0.0, 0.0, 188, 32, 4, 174, 0.002, 0, 0.000, 270, 0.004, 0.006
2157, 330.0, 2030, 215, 2046, 996.0, 808, 0.0, 0.0, 188, 32, 4, 174, 0.002, 0, 0.000, 270, 0.004, 0.006
2159, 329.6, 2030, 215, 2046, 996.0, 808, 0.0, 0.0, 188, 32, 4, 174, 0.002, 0, 0.000, 270, 0.004, 0.006
2161, 332.1, 2030, 215, 2046, 996.0, 808, 0.0, 0.0, 188, 32, 4, 174, 0.002, 0, 0.000, 270, 0.004, 0.006
2162, 335.1, 2030, 215, 2046, 996.0, 808, 0.0, 0.0, 188, 32, 4, 174, 0.002, 0, 0.000, 270, 0.004, 0.006
2164, 336.6, 2030, 215, 2046, 996.0, 808, 0.0, 0.0, 188, 32, 4, 174, 0.002, 0, 0.000, 270, 0.004, 0.006
2166, 332.1, 2030, 215, 2046, 996.0, 808, 0.0, 0.0, 188, 32, 4, 174, 0.002, 0, 0.000, 270, 0.004, 0.006
2168, 366.0, 2030, 215, 2046, 6016.0, 5826, 0.0, 0.0, 190, 32, 4, 177, 0.002, 0, 0.000, 270, 0.004, 0.006
2169, 328.1, 2030, 215, 2046, 6016.0, 5826, 0.0, 0.0, 190, 32, 4, 177, 0.002, 0, 0.000, 270, 0.004, 0.006
2171, 331.6, 2030, 215, 2046, 6016.0, 5826, 0.0, 0.0, 190, 32, 4, 177, 0.002, 0, 0.000, 270, 0.004, 0.006
2173, 336.7, 2030, 215, 2046, 6016.0, 5826, 0.0, 0.0, 190, 32, 4, 177, 0.002, 0, 0.000, 270, 0.004, 0.006
2175, 331.6, 2030, 215, 2046, 6016.0, 5826, 0.0, 0.0, 190, 32, 4, 177, 0.002, 0, 0.000, 270, 0.004, 0.006
2176, 338.3, 2030, 215, 2046, 6016.0, 5826, 0.0, 0.0, 190, 32, 4, 177, 0.002, 0, 0.000, 270, 0.004, 0.006
2178, 335.8, 2030, 215, 2046, 6016.0, 5826, 0.0, 0.0, 190, 32, 4, 177, 0.002, 0, 0.000, 270, 0.004, 0.006
2180, 332.8, 2030, 215, 2046, 6016.0, 5826, 0.0, 0.0, 190, 32, 4, 177, 0.002, 0, 0.000, 270, 0.004, 0.006
2182, 324.9, 2030, 215, 2046, 6016.0, 5826, 0.0, 0.0, 190, 32, 4, 177, 0.002, 0, 0.000, 270, 0.004, 0.006
2184, 332.4, 2030, 215, 2046, 6016.0, 5826, 0.0, 0.0, 190, 32, 4, 177, 0.002, 0, 0.000, 270, 0.004, 0.006
2185, 367.6, 2030, 215, 2046, 6284.0, 6090, 0.0, 0.0, 194, 32, 4, 180, 0.003, 0, 0.000, 270, 0.004, 0.006
2187, 330.9, 2030, 215, 2046, 6284.0, 6090, 0.0, 0.0, 194, 32, 4, 180, 0.003, 0, 0.000, 270, 0.004, 0.006
2189, 331.0, 2030, 215, 2046, 6284.0, 6090, 0.0, 0.0, 194, 32, 4, 180, 0.003, 0, 0.000, 270, 0.004, 0.006
2191, 333.7, 2030, 215, 2046, 6284.0, 6090, 0.0, 0.0, 194, 32, 4, 180, 0.003, 0, 0.000, 270, 0.004, 0.006
2192, 333.8, 2030, 215, 2046, 6284.0, 6090, 0.0, 0.0, 194, 32, 4, 180, 0.003, 0, 0.000, 270, 0.004, 0.006
2194, 327.9, 2030, 215, 2046, 6284.0, 6090, 0.0, 0.0, 194, 32, 4, 180, 0.003, 0, 0.000, 270, 0.004, 0.006
2196, 332.1, 2030, 215, 2046, 6284.0, 6090, 0.0, 0.0, 194, 32, 4, 180, 0.003, 0, 0.000, 270, 0.004, 0.006
2198, 328.3, 2030, 215, 2046, 6284.0, 6090, 0.0, 0.0, 194, 32, 4, 180, 0.003, 0, 0.000, 270, 0.004, 0.006
2200, 336.0, 2030, 215, 2046, 6284.0, 6090, 0.0, 0.0, 194, 32, 4, 180, 0.003, 0, 0.000, 270, 0.004, 0.006
2201, 329.4, 2030, 215, 2046, 6284.0, 6090, 0.0, 0.0, 194, 32, 4, 180, 0.003, 0, 0.000, 270, 0.004, 0.006
2203, 368.4, 2030, 215, 2046, 6190.0, 5996, 0.0, 0.0, 194, 32, 4, 183, 0.003, 0, 0.000, 270, 0.004, 0.006
2205, 334.1, 2030, 215, 2046, 6190.0, 5996, 0.0, 0.0, 194, 32, 4, 183, 0.003, 0, 0.000, 270, 0.004, 0.006
2207, 331.8, 2030, 215, 2046, 6190.0, 5996, 0.0, 0.0, 194, 32, 4, 183, 0.003, 0, 0.000, 270, 0.004, 0.006
2209, 333.1, 2030, 215, 2046, 6190.0, 5996, 0.0, 0.0, 194, 32, 4, 183, 0.003, 0, 0.000, 270, 0.004, 0.006
2210, 330.3, 2030, 215, 2046, 6190.0, 5996, 0.0, 0.0, 194, 32, 4, 183, 0.003, 0, 0.000, 270, 0.004, 0.006
2212, 338.5, 2030, 215, 2046, 6190.0, 5996, 0.0, 0.0, 194, 32, 4, 183, 0.003, 0, 0.000, 270, 0.004, 0.006
2214, 356.9, 2030, 215, 2046, 1048.0, 856, 0.0, 0.0, 192, 32, 4, 183, 0.003, 0, 0.000, 275, 0.004, 0.006
2216, 333.0, 2031, 228, 2047, 1048.0, 856, 0.0, 0.0, 192, 32, 4, 183, 0.003, 0, 0.000, 275, 0.004, 0.006
2218, 335.2, 2031, 228, 2047, 1048.0, 856, 0.0, 0.0, 192, 32, 4, 183, 0.003, 0, 0.000, 275, 0.004, 0.006
2220, 332.9, 2031, 228, 2047, 1048.0, 856, 0.0, 0.0, 192, 32, 4, 183, 0.003, 0, 0.000, 275, 0.004, 0.006
2221, 331.9, 2030, 228, 2046, 1048.0, 856, 0.0, 0.0, 192, 32, 4, 183, 0.003, 0, 0.000, 275, 0.004, 0.006
2223, 332.7, 2030, 228, 2046, 1048.0, 856, 0.0, 0.0, 192, 32, 4, 183, 0.003, 0, 0.000, 275, 0.004, 0.006
2225, 329.3, 2030, 228, 2046, 1048.0, 856, 0.0, 0.0, 192, 32, 4, 183, 0.003, 0, 0.000, 275, 0.004, 0.006
2227, 330.2, 2030, 228, 2046, 1048.0, 856, 0.0, 0.0, 192, 32, 4, 183, 0.003, 0, 0.000, 275, 0.004, 0.006
2229, 330.5, 2030, 228, 2046, 1048.0, 856, 0.0, 0.0, 192, 32, 4, 183, 0.003, 0, 0.000, 275, 0.004, 0.006
2230, 331.5, 2030, 228, 2046, 5696.0, 5514, 0.0, 0.0, 182, 32, 4, 186, 0.003, 0, 0.000, 275, 0.004, 0.006
2232, 334.9, 2030, 228, 2046, 5696.0, 5514, 0.0, 0.0, 182, 32, 4, 186, 0.003, 0, 0.000, 275, 0.004, 0.006
2234, 332.6, 2030, 228, 2046, 5696.0, 5514, 0.0, 0.0, 182, 32, 4, 186, 0.003, 0, 0.000, 275, 0.004, 0.006
2236, 332.4, 2030, 228, 2046, 5696.0, 5514, 0.0, 0.0, 182, 32, 4, 186, 0.003, 0, 0.000, 275, 0.004, 0.006
2238, 331.5, 2030, 228, 2046, 5696.0, 5514, 0.0, 0.0, 182, 32, 4, 186, 0.003, 0, 0.000, 275, 0.004, 0.006
2239, 333.5, 2030, 228, 2046, 5696.0, 5514, 0.0, 0.0, 182, 32, 4, 186, 0.003, 0, 0.000, 275, 0.004, 0.006
2241, 336.0, 2030, 228, 2046, 5696.0, 5514, 0.0, 0.0, 182, 32, 4, 186, 0.003, 0, 0.000, 275, 0.004, 0.006
2243, 329.4, 2030, 228, 2046, 5696.0, 5514, 0.0, 0.0, 182, 32, 4, 186, 0.003, 0, 0.000, 275, 0.004, 0.006
2245, 335.3, 2030, 228, 2046, 5696.0, 5514, 0.0, 0.0, 182, 32, 4, 186, 0.003, 0, 0.000, 275, 0.004, 0.006
2247, 334.5, 2030, 228, 2046, 5696.0, 5514, 0.0, 0.0, 182, 32, 4, 186, 0.003, 0, 0.000, 275, 0.004, 0.006
2248, 367.6, 2030, 228, 2046, 6130.0, 5948, 0.0, 0.0, 182, 32, 4, 189, 0.003, 0, 0.000, 275, 0.004, 0.006
2250, 328.5, 2030, 228, 2046, 6130.0, 5948, 0.0, 0.0, 182, 32, 4, 189, 0.003, 0, 0.000, 275, 0.004, 0.006
2252, 326.6, 2030, 228, 2046, 6130.0, 5948, 0.0, 0.0, 182, 32, 4, 189, 0.003, 0, 0.000, 275, 0.004, 0.006
2254, 328.1, 2030, 228, 2046, 6130.0, 5948, 0.0, 0.0, 182, 32, 4, 189, 0.003, 0, 0.000, 275, 0.004, 0.006
2255, 337.1, 2030, 228, 2046, 6130.0, 5948, 0.0, 0.0, 182, 32, 4, 189, 0.003, 0, 0.000, 275, 0.004, 0.006
2257, 329.7, 2030, 228, 2046, 6130.0, 5948, 0.0, 0.0, 182, 32, 4, 189, 0.003, 0, 0.000, 275, 0.004, 0.006
2259, 326.6, 2030, 228, 2046, 6130.0, 5948, 0.0, 0.0, 182, 32, 4, 189, 0.003, 0, 0.000, 275, 0.004, 0.006
2261, 328.6, 2030, 228, 2046, 6130.0, 5948, 0.0, 0.0, 182, 32, 4, 189, 0.003, 0, 0.000, 275, 0.004, 0.006
2262, 335.8, 2030, 228, 2046, 6130.0, 5948, 0.0, 0.0, 182, 32, 4, 189, 0.003, 0, 0.000, 275, 0.004, 0.006
2264, 332.7, 2030, 228, 2046, 6130.0, 5948, 0.0, 0.0, 182, 32, 4, 189, 0.003, 0, 0.000, 275, 0.004, 0.006
2266, 359.8, 2030, 228, 2046, 6400.0, 6218, 0.0, 0.0, 182, 32, 4, 192, 0.003, 0, 0.000, 275, 0.004, 0.006
2268, 333.4, 2030, 228, 2046, 6400.0, 6218, 0.0, 0.0, 182, 32, 4, 192, 0.003, 0, 0.000, 275, 0.004, 0.006
2270, 334.0, 2030, 228, 2046, 6400.0, 6218, 0.0, 0.0, 182, 32, 4, 192, 0.003, 0, 0.000, 275, 0.004, 0.006
2271, 336.8, 2030, 228, 2046, 6400.0, 6218, 0.0, 0.0, 182, 32, 4, 192, 0.003, 0, 0.000, 275, 0.004, 0.006
2273, 331.0, 2030, 228, 2046, 6400.0, 6218, 0.0, 0.0, 182, 32, 4, 192, 0.003, 0, 0.000, 275, 0.004, 0.006
2275, 329.1, 2030, 228, 2046, 6400.0, 6218, 0.0, 0.0, 182, 32, 4, 192, 0.003, 0, 0.000, 275, 0.004, 0.006
2277, 331.6, 2030, 228, 2046, 6400.0, 6218, 0.0, 0.0, 182, 32, 4, 192, 0.003, 0, 0.000, 275, 0.004, 0.006
2279, 345.0, 2030, 228, 2046, 944.0, 756, 0.0, 0.0, 188, 32, 4, 192, 0.003, 0, 0.000, 280, 0.004, 0.006
2281, 332.2, 2030, 228, 2046, 944.0, 756, 0.0, 0.0, 188, 32, 4, 192, 0.003, 0, 0.000, 280, 0.004, 0.006
2282, 336.3, 2030, 228, 2046, 944.0, 756, 0.0, 0.0, 188, 32, 4, 192, 0.003, 0, 0.000, 280, 0.004, 0.006
2284, 335.6, 2030, 228, 2046, 944.0, 756, 0.0, 0.0, 188, 32, 4, 192, 0.003, 0, 0.000, 280, 0.004, 0.006
2286, 333.9, 2030, 228, 2046, 944.0, 756, 0.0, 0.0, 188, 32, 4, 192, 0.003, 0, 0.000, 280, 0.004, 0.006
2288, 337.0, 2030, 228, 2046, 944.0, 756, 0.0, 0.0, 188, 32, 4, 192, 0.003, 0, 0.000, 280, 0.004, 0.006
2290, 339.6, 2030, 228, 2046, 944.0, 756, 0.0, 0.0, 188, 32, 4, 192, 0.003, 0, 0.000, 280, 0.004, 0.006
2291, 331.6, 2030, 228, 2046, 944.0, 756, 0.0, 0.0, 188, 32, 4, 192, 0.003, 0, 0.000, 280, 0.004, 0.006
2293, 333.8, 2030, 228, 2046, 944.0, 756, 0.0, 0.0, 188, 32, 4, 192, 0.003, 0, 0.000, 280, 0.004, 0.006
2295, 337.2, 2030, 228, 2046, 7328.0, 7142, 0.0, 0.0, 186, 32, 4, 193, 0.003, 0, 0.000, 280, 0.004, 0.007
2297, 357.8, 2030, 228, 2046, 5766.0, 5578, 0.0, 0.0, 188, 32, 4, 195, 0.003, 0, 0.000, 280, 0.004, 0.007
2299, 333.4, 2030, 228, 2046, 5766.0, 5578, 0.0, 0.0, 188, 32, 4, 195, 0.003, 0, 0.000, 280, 0.004, 0.007
2301, 334.7, 2030, 228, 2046, 5766.0, 5578, 0.0, 0.0, 188, 32, 4, 195, 0.003, 0, 0.000, 280, 0.004, 0.007
2302, 330.8, 2030, 228, 2046, 5766.0, 5578, 0.0, 0.0, 188, 32, 4, 195, 0.003, 0, 0.000, 280, 0.004, 0.007
2304, 332.7, 2030, 228, 2046, 5766.0, 5578, 0.0, 0.0, 188, 32, 4, 195, 0.003, 0, 0.000, 280, 0.004, 0.007
2306, 329.3, 2030, 228, 2046, 5766.0, 5578, 0.0, 0.0, 188, 32, 4, 195, 0.003, 0, 0.000, 280, 0.004, 0.007
2308, 329.9, 2030, 228, 2046, 5766.0, 5578, 0.0, 0.0, 188, 32, 4, 195, 0.003, 0, 0.000, 280, 0.004, 0.007
2309, 331.2, 2030, 228, 2046, 5766.0, 5578, 0.0, 0.0, 188, 32, 4, 195, 0.003, 0, 0.000, 280, 0.004, 0.007
2311, 336.4, 2030, 228, 2046, 5766.0, 5578, 0.0, 0.0, 188, 32, 4, 195, 0.003, 0, 0.000, 280, 0.004, 0.007
2313, 329.8, 2030, 228, 2046, 6264.0, 6076, 0.0, 0.0, 188, 32, 4, 198, 0.003, 0, 0.000, 280, 0.004, 0.007
2315, 337.6, 2030, 228, 2046, 6264.0, 6076, 0.0, 0.0, 188, 32, 4, 198, 0.003, 0, 0.000, 280, 0.004, 0.007
2317, 335.0, 2030, 228, 2046, 6264.0, 6076, 0.0, 0.0, 188, 32, 4, 198, 0.003, 0, 0.000, 280, 0.004, 0.007
2318, 332.9, 2030, 228, 2046, 6264.0, 6076, 0.0, 0.0, 188, 32, 4, 198, 0.003, 0, 0.000, 280, 0.004, 0.007
2320, 333.9, 2030, 228, 2046, 6264.0, 6076, 0.0, 0.0, 188, 32, 4, 198, 0.003, 0, 0.000, 280, 0.004, 0.007
2322, 337.6, 2030, 228, 2046, 6264.0, 6076, 0.0, 0.0, 188, 32, 4, 198, 0.003, 0, 0.000, 280, 0.004, 0.007
2324, 330.3, 2030, 228, 2046, 6264.0, 6076, 0.0, 0.0, 188, 32, 4, 198, 0.003, 0, 0.000, 280, 0.004, 0.007
2326, 333.4, 2030, 228, 2046, 6264.0, 6076, 0.0, 0.0, 188, 32, 4, 198, 0.003, 0, 0.000, 280, 0.004, 0.007
2327, 333.1, 2030, 228, 2046, 6264.0, 6076, 0.0, 0.0, 188, 32, 4, 198, 0.003, 0, 0.000, 280, 0.004, 0.007
2329, 332.9, 2030, 228, 2046, 6264.0, 6076, 0.0, 0.0, 188, 32, 4, 198, 0.003, 0, 0.000, 280, 0.004, 0.007
2331, 349.1, 2030, 228, 2046, 6312.0, 6124, 0.0, 0.0, 188, 32, 4, 201, 0.003, 0, 0.000, 280, 0.004, 0.007
2333, 333.9, 2030, 228, 2046, 6312.0, 6124, 0.0, 0.0, 188, 32, 4, 201, 0.003, 0, 0.000, 280, 0.004, 0.007
2334, 329.6, 2030, 228, 2046, 6312.0, 6124, 0.0, 0.0, 188, 32, 4, 201, 0.003, 0, 0.000, 280, 0.004, 0.007
2336, 332.5, 2030, 228, 2046, 6312.0, 6124, 0.0, 0.0, 188, 32, 4, 201, 0.003, 0, 0.000, 280, 0.004, 0.007
2338, 325.5, 2030, 228, 2046, 6312.0, 6124, 0.0, 0.0, 188, 32, 4, 201, 0.003, 0, 0.000, 280, 0.004, 0.007
2340, 337.2, 2030, 228, 2046, 6312.0, 6124, 0.0, 0.0, 188, 32, 4, 201, 0.003, 0, 0.000, 280, 0.004, 0.007
2342, 333.1, 2030, 228, 2046, 6312.0, 6124, 0.0, 0.0, 188, 32, 4, 201, 0.003, 0, 0.000, 280, 0.004, 0.007
2343, 331.2, 2030, 228, 2046, 6312.0, 6124, 0.0, 0.0, 188, 32, 4, 201, 0.003, 0, 0.000, 280, 0.004, 0.007
2345, 346.8, 2030, 228, 2046, 5640.0, 5446, 0.0, 0.0, 194, 32, 4, 201, 0.003, 0, 0.000, 283, 0.004, 0.007
2347, 345.9, 2030, 228, 2046, 980.0, 784, 0.0, 0.0, 196, 32, 4, 201, 0.003, 0, 0.000, 285, 0.004, 0.007
2349, 336.8, 2030, 228, 2046, 980.0, 784, 0.0, 0.0, 196, 32, 4, 201, 0.003, 0, 0.000, 285, 0.004, 0.007
2351, 327.1, 2030, 228, 2046, 980.0, 784, 0.0, 0.0, 196, 32, 4, 201, 0.003, 0, 0.000, 285, 0.004, 0.007
2352, 338.7, 2030, 228, 2046, 980.0, 784, 0.0, 0.0, 196, 32, 4, 201, 0.003, 0, 0.000, 285, 0.004, 0.007
2354, 334.2, 2030, 228, 2046, 980.0, 784, 0.0, 0.0, 196, 32, 4, 201, 0.003, 0, 0.000, 285, 0.004, 0.007
2356, 332.6, 2030, 228, 2046, 980.0, 784, 0.0, 0.0, 196, 32, 4, 201, 0.003, 0, 0.000, 285, 0.004, 0.007
2358, 334.1, 2030, 228, 2046, 980.0, 784, 0.0, 0.0, 196, 32, 4, 201, 0.003, 0, 0.000, 285, 0.004, 0.007
2360, 334.9, 2030, 228, 2046, 980.0, 784, 0.0, 0.0, 196, 32, 4, 201, 0.003, 0, 0.000, 285, 0.004, 0.007
2361, 329.4, 2030, 228, 2046, 7276.0, 7088, 0.0, 0.0, 188, 32, 4, 202, 0.003, 0, 0.000, 285, 0.004, 0.007
2363, 355.7, 2030, 228, 2046, 5720.0, 5530, 0.0, 0.0, 190, 32, 4, 204, 0.003, 0, 0.000, 285, 0.004, 0.007
2365, 331.7, 2030, 228, 2046, 5720.0, 5530, 0.0, 0.0, 190, 32, 4, 204, 0.003, 0, 0.000, 285, 0.004, 0.007
2367, 332.2, 2030, 228, 2046, 5720.0, 5530, 0.0, 0.0, 190, 32, 4, 204, 0.003, 0, 0.000, 285, 0.004, 0.007
2369, 331.3, 2030, 228, 2046, 5720.0, 5530, 0.0, 0.0, 190, 32, 4, 204, 0.003, 0, 0.000, 285, 0.004, 0.007
2370, 333.5, 2030, 228, 2046, 5720.0, 5530, 0.0, 0.0, 190, 32, 4, 204, 0.003, 0, 0.000, 285, 0.004, 0.007
2372, 335.7, 2030, 228, 2046, 5720.0, 5530, 0.0, 0.0, 190, 32, 4, 204, 0.003, 0, 0.000, 285, 0.004, 0.007
2374, 333.1, 2030, 228, 2046, 5720.0, 5530, 0.0, 0.0, 190, 32, 4, 204, 0.003, 0, 0.000, 285, 0.004, 0.007
2376, 336.8, 2030, 228, 2046, 5720.0, 5530, 0.0, 0.0, 190, 32, 4, 204, 0.003, 0, 0.000, 285, 0.004, 0.007
2377, 333.5, 2030, 228, 2046, 5720.0, 5530, 0.0, 0.0, 190, 32, 4, 204, 0.003, 0, 0.000, 285, 0.004, 0.007
2379, 351.3, 2030, 228, 2046, 6354.0, 6164, 0.0, 0.0, 190, 32, 4, 207, 0.003, 0, 0.000, 285, 0.004, 0.007
2381, 326.9, 2030, 228, 2046, 6354.0, 6164, 0.0, 0.0, 190, 32, 4, 207, 0.003, 0, 0.000, 285, 0.004, 0.007
2383, 330.7, 2030, 228, 2046, 6354.0, 6164, 0.0, 0.0, 190, 32, 4, 207, 0.003, 0, 0.000, 285, 0.004, 0.007
2385, 332.6, 2030, 228, 2046, 6354.0, 6164, 0.0, 0.0, 190, 32, 4, 207, 0.003, 0, 0.000, 285, 0.004, 0.007
2387, 331.0, 2030, 228, 2046, 6354.0, 6164, 0.0, 0.0, 190, 32, 4, 207, 0.003, 0, 0.000, 285, 0.004, 0.007
2388, 332.5, 2030, 228, 2046, 6354.0, 6164, 0.0, 0.0, 190, 32, 4, 207, 0.003, 0, 0.000, 285, 0.004, 0.007
2390, 333.0, 2030, 228, 2046, 6354.0, 6164, 0.0, 0.0, 190, 32, 4, 207, 0.003, 0, 0.000, 285, 0.004, 0.007
2392, 332.1, 2030, 228, 2046, 6354.0, 6164, 0.0, 0.0, 190, 32, 4, 207, 0.003, 0, 0.000, 285, 0.004, 0.007
2394, 329.7, 2030, 228, 2046, 6354.0, 6164, 0.0, 0.0, 190, 32, 4, 207, 0.003, 0, 0.000, 285, 0.004, 0.007
2395, 327.7, 2030, 228, 2046, 6354.0, 6164, 0.0, 0.0, 190, 32, 4, 207, 0.003, 0, 0.000, 285, 0.004, 0.007
2397, 365.2, 2030, 228, 2046, 6378.0, 6186, 0.0, 0.0, 192, 32, 4, 210, 0.003, 0, 0.000, 285, 0.004, 0.007
2399, 331.9, 2030, 228, 2046, 6378.0, 6186, 0.0, 0.0, 192, 32, 4, 210, 0.003, 0, 0.000, 285, 0.004, 0.007
2401, 332.0, 2030, 228, 2046, 6378.0, 6186, 0.0, 0.0, 192, 32, 4, 210, 0.003, 0, 0.000, 285, 0.004, 0.007
2402, 331.2, 2030, 228, 2046, 6378.0, 6186, 0.0, 0.0, 192, 32, 4, 210, 0.003, 0, 0.000, 285, 0.004, 0.007
2404, 327.6, 2030, 228, 2046, 6378.0, 6186, 0.0, 0.0, 192, 32, 4, 210, 0.003, 0, 0.000, 285, 0.004, 0.007
2406, 337.3, 2030, 228, 2046, 4366.0, 4172, 0.0, 0.0, 194, 32, 4, 210, 0.003, 0, 0.000, 288, 0.004, 0.007
2408, 341.5, 2030, 228, 2046, 988.0, 800, 0.0, 0.0, 188, 32, 4, 210, 0.003, 0, 0.000, 290, 0.004, 0.007
2410, 331.2, 2030, 228, 2046, 988.0, 800, 0.0, 0.0, 188, 32, 4, 210, 0.003, 0, 0.000, 290, 0.004, 0.007
2412, 329.4, 2030, 228, 2046, 988.0, 800, 0.0, 0.0, 188, 32, 4, 210, 0.003, 0, 0.000, 290, 0.004, 0.007
2413, 329.2, 2030, 228, 2046, 988.0, 800, 0.0, 0.0, 188, 32, 4, 210, 0.003, 0, 0.000, 290, 0.004, 0.007
2415, 334.0, 2030, 228, 2046, 988.0, 800, 0.0, 0.0, 188, 32, 4, 210, 0.003, 0, 0.000, 290, 0.004, 0.007
2417, 335.2, 2030, 228, 2046, 988.0, 800, 0.0, 0.0, 188, 32, 4, 210, 0.003, 0, 0.000, 290, 0.004, 0.007
2419, 328.7, 2030, 228, 2046, 988.0, 800, 0.0, 0.0, 188, 32, 4, 210, 0.003, 0, 0.000, 290, 0.004, 0.007
2420, 336.9, 2030, 228, 2046, 988.0, 800, 0.0, 0.0, 188, 32, 4, 210, 0.003, 0, 0.000, 290, 0.004, 0.007
2422, 333.0, 2030, 228, 2046, 988.0, 800, 0.0, 0.0, 188, 32, 4, 210, 0.003, 0, 0.000, 290, 0.004, 0.007
2424, 353.0, 2030, 228, 2046, 6034.0, 5846, 0.0, 0.0, 188, 32, 4, 213, 0.003, 0, 0.000, 290, 0.004, 0.007
2426, 331.5, 2030, 228, 2046, 6034.0, 5846, 0.0, 0.0, 188, 32, 4, 213, 0.003, 0, 0.000, 290, 0.004, 0.007
2428, 326.0, 2030, 228, 2046, 6034.0, 5846, 0.0, 0.0, 188, 32, 4, 213, 0.003, 0, 0.000, 290, 0.004, 0.007
2429, 333.7, 2030, 228, 2046, 6034.0, 5846, 0.0, 0.0, 188, 32, 4, 213, 0.003, 0, 0.000, 290, 0.004, 0.007
2431, 332.2, 2030, 228, 2046, 6034.0, 5846, 0.0, 0.0, 188, 32, 4, 213, 0.003, 0, 0.000, 290, 0.004, 0.007
2433, 337.3, 2030, 228, 2046, 6034.0, 5846, 0.0, 0.0, 188, 32, 4, 213, 0.003, 0, 0.000, 290, 0.004, 0.007
2435, 333.1, 2030, 228, 2046, 6034.0, 5846, 0.0, 0.0, 188, 32, 4, 213, 0.003, 0, 0.000, 290, 0.004, 0.007
2436, 333.2, 2030, 228, 2046, 6034.0, 5846, 0.0, 0.0, 188, 32, 4, 213, 0.003, 0, 0.000, 290, 0.004, 0.007
2438, 331.5, 2030, 228, 2046, 6034.0, 5846, 0.0, 0.0, 188, 32, 4, 213, 0.003, 0, 0.000, 290, 0.004, 0.007
2440, 330.7, 2030, 228, 2046, 6034.0, 5846, 0.0, 0.0, 188, 32, 4, 213, 0.003, 0, 0.000, 290, 0.004, 0.007
2442, 348.5, 2030, 228, 2046, 6134.0, 5944, 0.0, 0.0, 190, 32, 4, 216, 0.003, 0, 0.000, 290, 0.004, 0.007
2444, 335.8, 2030, 228, 2046, 6134.0, 5944, 0.0, 0.0, 190, 32, 4, 216, 0.003, 0, 0.000, 290, 0.004, 0.007
2445, 330.9, 2030, 228, 2046, 6134.0, 5944, 0.0, 0.0, 190, 32, 4, 216, 0.003, 0, 0.000, 290, 0.004, 0.007
2447, 334.8, 2030, 228, 2046, 6134.0, 5944, 0.0, 0.0, 190, 32, 4, 216, 0.003, 0, 0.000, 290, 0.004, 0.007
2449, 332.0, 2030, 228, 2046, 6134.0, 5944, 0.0, 0.0, 190, 32, 4, 216, 0.003, 0, 0.000, 290, 0.004, 0.007
2451, 327.4, 2030, 228, 2046, 6134.0, 5944, 0.0, 0.0, 190, 32, 4, 216, 0.003, 0, 0.000, 290, 0.004, 0.007
2452, 330.8, 2030, 228, 2046, 6134.0, 5944, 0.0, 0.0, 190, 32, 4, 216, 0.003, 0, 0.000, 290, 0.004, 0.007
2454, 331.4, 2030, 228, 2046, 6134.0, 5944, 0.0, 0.0, 190, 32, 4, 216, 0.003, 0, 0.000, 290, 0.004, 0.007
2456, 332.5, 2030, 228, 2046, 6134.0, 5944, 0.0, 0.0, 190, 32, 4, 216, 0.003, 0, 0.000, 290, 0.004, 0.007
2458, 330.5, 2030, 228, 2046, 6134.0, 5944, 0.0, 0.0, 190, 32, 4, 216, 0.003, 0, 0.000, 290, 0.004, 0.007
2460, 363.0, 2030, 228, 2046, 6286.0, 6092, 0.0, 0.0, 194, 32, 4, 219, 0.003, 0, 0.000, 290, 0.004, 0.007
2461, 332.5, 2030, 228, 2046, 6286.0, 6092, 0.0, 0.0, 194, 32, 4, 219, 0.003, 0, 0.000, 290, 0.004, 0.007
2463, 327.5, 2030, 228, 2046, 6286.0, 6092, 0.0, 0.0, 194, 32, 4, 219, 0.003, 0, 0.000, 290, 0.004, 0.007
2465, 331.9, 2030, 228, 2046, 2946.0, 2750, 0.0, 0.0, 196, 32, 4, 219, 0.003, 0, 0.000, 293, 0.004, 0.007
2467, 349.6, 2030, 228, 2046, 896.0, 710, 0.0, 0.0, 186, 32, 4, 219, 0.003, 0, 0.000, 295, 0.004, 0.007
2469, 329.1, 2030, 228, 2046, 896.0, 710, 0.0, 0.0, 186, 32, 4, 219, 0.003, 0, 0.000, 295, 0.004, 0.007
2470, 334.3, 2030, 228, 2046, 896.0, 710, 0.0, 0.0, 186, 32, 4, 219, 0.003, 0, 0.000, 295, 0.004, 0.007
2472, 331.1, 2030, 228, 2046, 896.0, 710, 0.0, 0.0, 186, 32, 4, 219, 0.003, 0, 0.000, 295, 0.004, 0.007
2474, 342.1, 2030, 228, 2046, 896.0, 710, 0.0, 0.0, 186, 32, 4, 219, 0.003, 0, 0.000, 295, 0.004, 0.007
2476, 330.5, 2030, 228, 2046, 896.0, 710, 0.0, 0.0, 186, 32, 4, 219, 0.003, 0, 0.000, 295, 0.004, 0.007
2477, 337.0, 2030, 228, 2046, 896.0, 710, 0.0, 0.0, 186, 32, 4, 219, 0.003, 0, 0.000, 295, 0.004, 0.007
2479, 331.9, 2030, 228, 2046, 896.0, 710, 0.0, 0.0, 186, 32, 4, 219, 0.003, 0, 0.000, 295, 0.004, 0.007
2481, 332.7, 2030, 228, 2046, 896.0, 710, 0.0, 0.0, 186, 32, 4, 219, 0.003, 0, 0.000, 295, 0.004, 0.007
2483, 335.6, 2030, 228, 2046, 6106.0, 5920, 0.0, 0.0, 186, 32, 4, 222, 0.003, 0, 0.000, 295, 0.004, 0.007
2485, 329.6, 2030, 228, 2046, 6106.0, 5920, 0.0, 0.0, 186, 32, 4, 222, 0.003, 0, 0.000, 295, 0.004, 0.007
2486, 329.1, 2030, 228, 2046, 6106.0, 5920, 0.0, 0.0, 186, 32, 4, 222, 0.003, 0, 0.000, 295, 0.004, 0.007
2488, 331.5, 2030, 228, 2046, 6106.0, 5920, 0.0, 0.0, 186, 32, 4, 222, 0.003, 0, 0.000, 295, 0.004, 0.007
2490, 336.0, 2030, 228, 2046, 6106.0, 5920, 0.0, 0.0, 186, 32, 4, 222, 0.003, 0, 0.000, 295, 0.004, 0.007
2492, 340.1, 2030, 228, 2046, 6106.0, 5920, 0.0, 0.0, 186, 32, 4, 222, 0.003, 0, 0.000, 295, 0.004, 0.007
2494, 334.5, 2030, 228, 2046, 6106.0, 5920, 0.0, 0.0, 186, 32, 4, 222, 0.003, 0, 0.000, 295, 0.004, 0.007
2495, 330.9, 2030, 228, 2046, 6106.0, 5920, 0.0, 0.0, 186, 32, 4, 222, 0.003, 0, 0.000, 295, 0.004, 0.007
2497, 331.3, 2030, 228, 2046, 6106.0, 5920, 0.0, 0.0, 186, 32, 4, 222, 0.003, 0, 0.000, 295, 0.004, 0.007
2499, 332.6, 2030, 228, 2046, 6106.0, 5920, 0.0, 0.0, 186, 32, 4, 222, 0.003, 0, 0.000, 295, 0.004, 0.007
2501, 351.2, 2030, 228, 2046, 6126.0, 5936, 0.0, 0.0, 190, 32, 4, 225, 0.003, 0, 0.000, 295, 0.004, 0.007
2502, 332.4, 2030, 228, 2046, 6126.0, 5936, 0.0, 0.0, 190, 32, 4, 225, 0.003, 0, 0.000, 295, 0.004, 0.007
2504, 336.5, 2030, 228, 2046, 6126.0, 5936, 0.0, 0.0, 190, 32, 4, 225, 0.003, 0, 0.000, 295, 0.004, 0.007
2506, 325.9, 2030, 228, 2046, 6126.0, 5936, 0.0, 0.0, 190, 32, 4, 225, 0.003, 0, 0.000, 295, 0.004, 0.007
2508, 328.9, 2030, 228, 2046, 6126.0, 5936, 0.0, 0.0, 190, 32, 4, 225, 0.003, 0, 0.000, 295, 0.004, 0.007
2510, 330.8, 2030, 228, 2046, 6126.0, 5936, 0.0, 0.0, 190, 32, 4, 225, 0.003, 0, 0.000, 295, 0.004, 0.007
2511, 333.8, 2030, 228, 2046, 6126.0, 5936, 0.0, 0.0, 190, 32, 4, 225, 0.003, 0, 0.000, 295, 0.004, 0.007
2513, 332.2, 2030, 228, 2046, 6126.0, 5936, 0.0, 0.0, 190, 32, 4, 225, 0.003, 0, 0.000, 295, 0.004, 0.007
2515, 334.7, 2030, 228, 2046, 6126.0, 5936, 0.0, 0.0, 190, 32, 4, 225, 0.003, 0, 0.000, 295, 0.004, 0.007
2517, 330.5, 2030, 228, 2046, 6274.0, 6082, 0.0, 0.0, 192, 32, 4, 228, 0.003, 0, 0.000, 295, 0.004, 0.007
2519, 330.4, 2030, 228, 2046, 6274.0, 6082, 0.0, 0.0, 192, 32, 4, 228, 0.003, 0, 0.000, 295, 0.004, 0.007
2520, 326.7, 2030, 228, 2046, 6274.0, 6082, 0.0, 0.0, 192, 32, 4, 228, 0.003, 0, 0.000, 295, 0.004, 0.007
2522, 333.7, 2030, 228, 2046, 6274.0, 6082, 0.0, 0.0, 192, 32, 4, 228, 0.003, 0, 0.000, 295, 0.004, 0.007
2524, 336.5, 2030, 228, 2046, 6274.0, 6082, 0.0, 0.0, 192, 32, 4, 228, 0.003, 0, 0.000, 295, 0.004, 0.007
2526, 350.6, 2030, 228, 2046, 990.0, 794, 0.0, 0.0, 196, 32, 4, 228, 0.003, 0, 0.000, 300, 0.004, 0.007
2528, 335.1, 2030, 228, 2046, 990.0, 794, 0.0, 0.0, 196, 32, 4, 228, 0.003, 0, 0.000, 300, 0.004, 0.007
2529, 336.1, 2030, 228, 2046, 990.0, 794, 0.0, 0.0, 196, 32, 4, 228, 0.003, 0, 0.000, 300, 0.004, 0.007
2531, 332.1, 2030, 228, 2046, 990.0, 794, 0.0, 0.0, 196, 32, 4, 228, 0.003, 0, 0.000, 300, 0.004, 0.007
2533, 231.9, 2030, 229, 2046, 990.0, 794, 0.0, 0.0, 196, 32, 4, 228, 0.003, 0, 0.000, 300, 0.004, 0.007
2534, 2.1, 2030, 229, 2046, 990.0, 794, 0.0, 0.0, 196, 32, 4, 228, 0.003, 0, 0.000, 300, 0.004, 0.007
2535, 0.6, 2030, 229, 2046, 990.0, 794, 0.0, 0.0, 196, 32, 4, 228, 0.003, 0, 0.000, 300, 0.004, 0.007
2537, 0.5, 2030, 229, 2046, 990.0, 794, 0.0, 0.0, 196, 32, 4, 228, 0.003, 0, 0.000, 300, 0.004, 0.007
2538, 0.5, 2030, 229, 2046, 990.0, 794, 0.0, 0.0, 196, 32, 4, 228, 0.003, 0, 0.000, 300, 0.004, 0.007
2539, 0.5, 2030, 229, 2046, 990.0, 794, 0.0, 0.0, 196, 32, 4, 228, 0.003, 0, 0.000, 300, 0.004, 0.007
2540, 0.5, 2030, 229, 2046, 990.0, 794, 0.0, 0.0, 196, 32, 4, 228, 0.003, 0, 0.000, 300, 0.004, 0.007
2542, 2.2, 2030, 229, 2046, 990.0, 794, 0.0, 0.0, 196, 32, 4, 228, 0.003, 0, 0.000, 300, 0.004, 0.007
2543, 0.5, 2030, 229, 2046, 990.0, 794, 0.0, 0.0, 196, 32, 4, 228, 0.003, 0, 0.000, 300, 0.004, 0.007
2544, 0.6, 2030, 229, 2046, 990.0, 794, 0.0, 0.0, 196, 32, 4, 228, 0.003, 0, 0.000, 300, 0.004, 0.007
2545, 0.5, 2030, 229, 2046, 990.0, 794, 0.0, 0.0, 196, 32, 4, 228, 0.003, 0, 0.000, 300, 0.004, 0.007
2546, 0.5, 2030, 229, 2046, 990.0, 794, 0.0, 0.0, 196, 32, 4, 228, 0.003, 0, 0.000, 300, 0.004, 0.007
2548, 0.5, 2030, 229, 2046, 990.0, 794, 0.0, 0.0, 196, 32, 4, 228, 0.003, 0, 0.000, 300, 0.004, 0.007
2549, 0.5, 2030, 229, 2046, 990.0, 794, 0.0, 0.0, 196, 32, 4, 228, 0.003, 0, 0.000, 300, 0.004, 0.007
2550, 0.7, 2030, 229, 2046, 990.0, 794, 0.0, 0.0, 196, 32, 4, 228, 0.003, 0, 0.000, 300, 0.004, 0.007
2551, 0.5, 2030, 229, 2046, 990.0, 794, 0.0, 0.0, 196, 32, 4, 228, 0.003, 0, 0.000, 300, 0.004, 0.007
2553, 0.6, 2030, 229, 2046, 990.0, 794, 0.0, 0.0, 196, 32, 4, 228, 0.003, 0, 0.000, 300, 0.004, 0.007
2554, 0.7, 2030, 229, 2046, 990.0, 794, 0.0, 0.0, 196, 32, 4, 228, 0.003, 0, 0.000, 300, 0.004, 0.007
2555, 0.5, 2030, 229, 2046, 990.0, 794, 0.0, 0.0, 196, 32, 4, 228, 0.003, 0, 0.000, 300, 0.004, 0.007
2556, 0.5, 2030, 229, 2046, 990.0, 794, 0.0, 0.0, 196, 32, 4, 228, 0.003, 0, 0.000, 300, 0.004, 0.007
2558, 0.5, 2030, 229, 2046, 990.0, 794, 0.0, 0.0, 196, 32, 4, 228, 0.003, 0, 0.000, 300, 0.004, 0.007
2559, 0.7, 2030, 229, 2046, 990.0, 794, 0.0, 0.0, 196, 32, 4, 228, 0.003, 0, 0.000, 300, 0.004, 0.007
2560, 0.5, 2030, 229, 2046, 990.0, 794, 0.0, 0.0, 196, 32, 4, 228, 0.003, 0, 0.000, 300, 0.004, 0.007

