elapsed_seconds, cpu_percentage, threads, stack_committed_mb, stack_reserved_mb, heap_used_mb, eden_mb, s0_kb, s1_kb, old_mb, meta_mb, compressed_class_mb, ygc, ygct, fgc, fgct, cgc, cgct, gct
2, 110.7, 24, 1, 25, 0.0, 0, 0.0, 0.0, 0, 0, 0, 0, 0.000, 0, 0.000, 0, 0.000, 0.000
3, 317.0, 26, 1, 25, 26.0, 26, 0.0, 0.0, 0, 22, 2, 0, 0.000, 0, 0.000, 5, 0.000, 0.000
4, 97.8, 29, 1, 28, 26.0, 26, 0.0, 0.0, 0, 22, 2, 0, 0.000, 0, 0.000, 5, 0.000, 0.000
6, 0.5, 29, 1, 28, 26.0, 26, 0.0, 0.0, 0, 22, 2, 0, 0.000, 0, 0.000, 5, 0.000, 0.000
7, 0.5, 29, 1, 28, 26.0, 26, 0.0, 0.0, 0, 22, 2, 0, 0.000, 0, 0.000, 5, 0.000, 0.000
8, 0.5, 29, 1, 28, 26.0, 26, 0.0, 0.0, 0, 22, 2, 0, 0.000, 0, 0.000, 5, 0.000, 0.000
9, 0.5, 28, 1, 27, 26.0, 26, 0.0, 0.0, 0, 22, 2, 0, 0.000, 0, 0.000, 5, 0.000, 0.000
11, 0.5, 28, 1, 27, 26.0, 26, 0.0, 0.0, 0, 22, 2, 0, 0.000, 0, 0.000, 5, 0.000, 0.000
12, 0.5, 28, 1, 27, 26.0, 26, 0.0, 0.0, 0, 22, 2, 0, 0.000, 0, 0.000, 5, 0.000, 0.000
13, 0.5, 28, 1, 27, 26.0, 26, 0.0, 0.0, 0, 22, 2, 0, 0.000, 0, 0.000, 5, 0.000, 0.000
14, 0.5, 28, 1, 27, 26.0, 26, 0.0, 0.0, 0, 22, 2, 0, 0.000, 0, 0.000, 5, 0.000, 0.000
16, 0.6, 28, 1, 27, 26.0, 26, 0.0, 0.0, 0, 22, 2, 0, 0.000, 0, 0.000, 5, 0.000, 0.000
17, 0.5, 28, 1, 27, 26.0, 26, 0.0, 0.0, 0, 22, 2, 0, 0.000, 0, 0.000, 5, 0.000, 0.000
18, 0.6, 28, 1, 27, 26.0, 26, 0.0, 0.0, 0, 22, 2, 0, 0.000, 0, 0.000, 5, 0.000, 0.000
19, 0.5, 28, 1, 27, 26.0, 26, 0.0, 0.0, 0, 22, 2, 0, 0.000, 0, 0.000, 5, 0.000, 0.000
21, 0.5, 28, 1, 27, 26.0, 26, 0.0, 0.0, 0, 22, 2, 0, 0.000, 0, 0.000, 5, 0.000, 0.000
22, 0.5, 28, 1, 27, 26.0, 26, 0.0, 0.0, 0, 22, 2, 0, 0.000, 0, 0.000, 5, 0.000, 0.000
23, 0.5, 28, 1, 27, 26.0, 26, 0.0, 0.0, 0, 22, 2, 0, 0.000, 0, 0.000, 5, 0.000, 0.000
24, 241.0, 36, 2, 35, 26.0, 26, 0.0, 0.0, 0, 22, 2, 0, 0.000, 0, 0.000, 5, 0.000, 0.000
26, 303.2, 36, 2, 35, 26.0, 26, 0.0, 0.0, 0, 22, 2, 0, 0.000, 0, 0.000, 5, 0.000, 0.000
27, 167.3, 36, 2, 35, 26.0, 26, 0.0, 0.0, 0, 22, 2, 0, 0.000, 0, 0.000, 5, 0.000, 0.000
29, 98.4, 36, 2, 35, 26.0, 26, 0.0, 0.0, 0, 22, 2, 0, 0.000, 0, 0.000, 5, 0.000, 0.000
30, 33.9, 35, 2, 34, 26.0, 26, 0.0, 0.0, 0, 22, 2, 0, 0.000, 0, 0.000, 5, 0.000, 0.000
31, 25.5, 35, 2, 34, 60.0, 60, 0.0, 0.0, 0, 35, 4, 0, 0.000, 0, 0.000, 10, 0.000, 0.000
32, 17.9, 35, 2, 34, 60.0, 60, 0.0, 0.0, 0, 35, 4, 0, 0.000, 0, 0.000, 10, 0.000, 0.000
34, 17.1, 35, 2, 34, 60.0, 60, 0.0, 0.0, 0, 35, 4, 0, 0.000, 0, 0.000, 10, 0.000, 0.000
35, 17.6, 35, 2, 34, 60.0, 60, 0.0, 0.0, 0, 35, 4, 0, 0.000, 0, 0.000, 10, 0.000, 0.000
36, 17.6, 35, 2, 34, 60.0, 60, 0.0, 0.0, 0, 35, 4, 0, 0.000, 0, 0.000, 10, 0.000, 0.000
37, 17.5, 35, 2, 34, 60.0, 60, 0.0, 0.0, 0, 35, 4, 0, 0.000, 0, 0.000, 10, 0.000, 0.000
39, 17.9, 35, 2, 34, 60.0, 60, 0.0, 0.0, 0, 35, 4, 0, 0.000, 0, 0.000, 10, 0.000, 0.000
40, 17.8, 35, 2, 34, 60.0, 60, 0.0, 0.0, 0, 35, 4, 0, 0.000, 0, 0.000, 10, 0.000, 0.000
41, 22.0, 35, 2, 34, 60.0, 60, 0.0, 0.0, 0, 35, 4, 0, 0.000, 0, 0.000, 10, 0.000, 0.000
42, 21.5, 35, 2, 34, 60.0, 60, 0.0, 0.0, 0, 35, 4, 0, 0.000, 0, 0.000, 10, 0.000, 0.000
44, 21.5, 35, 2, 34, 60.0, 60, 0.0, 0.0, 0, 35, 4, 0, 0.000, 0, 0.000, 10, 0.000, 0.000
45, 21.3, 35, 2, 34, 60.0, 60, 0.0, 0.0, 0, 35, 4, 0, 0.000, 0, 0.000, 10, 0.000, 0.000
46, 21.6, 35, 2, 34, 60.0, 60, 0.0, 0.0, 0, 35, 4, 0, 0.000, 0, 0.000, 10, 0.000, 0.000
47, 21.3, 35, 2, 34, 60.0, 60, 0.0, 0.0, 0, 35, 4, 0, 0.000, 0, 0.000, 10, 0.000, 0.000
49, 22.7, 35, 2, 34, 60.0, 60, 0.0, 0.0, 0, 35, 4, 0, 0.000, 0, 0.000, 10, 0.000, 0.000
50, 27.2, 35, 2, 34, 38.0, 38, 0.0, 0.0, 0, 35, 4, 0, 0.000, 0, 0.000, 15, 0.000, 0.000
51, 17.6, 35, 2, 34, 38.0, 38, 0.0, 0.0, 0, 35, 4, 0, 0.000, 0, 0.000, 15, 0.000, 0.000
52, 18.5, 35, 2, 34, 38.0, 38, 0.0, 0.0, 0, 35, 4, 0, 0.000, 0, 0.000, 15, 0.000, 0.000
53, 17.4, 35, 2, 34, 38.0, 38, 0.0, 0.0, 0, 35, 4, 0, 0.000, 0, 0.000, 15, 0.000, 0.000
55, 19.2, 35, 2, 34, 38.0, 38, 0.0, 0.0, 0, 35, 4, 0, 0.000, 0, 0.000, 15, 0.000, 0.000
56, 17.5, 35, 2, 34, 38.0, 38, 0.0, 0.0, 0, 35, 4, 0, 0.000, 0, 0.000, 15, 0.000, 0.000
57, 17.0, 35, 2, 34, 38.0, 38, 0.0, 0.0, 0, 35, 4, 0, 0.000, 0, 0.000, 15, 0.000, 0.000
58, 16.4, 35, 2, 34, 38.0, 38, 0.0, 0.0, 0, 35, 4, 0, 0.000, 0, 0.000, 15, 0.000, 0.000
60, 16.5, 35, 2, 34, 38.0, 38, 0.0, 0.0, 0, 35, 4, 0, 0.000, 0, 0.000, 15, 0.000, 0.000
61, 16.9, 35, 2, 34, 38.0, 38, 0.0, 0.0, 0, 35, 4, 0, 0.000, 0, 0.000, 15, 0.000, 0.000
62, 17.3, 35, 2, 34, 38.0, 38, 0.0, 0.0, 0, 35, 4, 0, 0.000, 0, 0.000, 15, 0.000, 0.000
63, 17.3, 35, 2, 34, 38.0, 38, 0.0, 0.0, 0, 35, 4, 0, 0.000, 0, 0.000, 15, 0.000, 0.000
65, 17.1, 35, 2, 34, 38.0, 38, 0.0, 0.0, 0, 35, 4, 0, 0.000, 0, 0.000, 15, 0.000, 0.000
66, 17.4, 35, 2, 34, 38.0, 38, 0.0, 0.0, 0, 35, 4, 0, 0.000, 0, 0.000, 15, 0.000, 0.000
67, 19.8, 35, 2, 34, 38.0, 38, 0.0, 0.0, 0, 35, 4, 0, 0.000, 0, 0.000, 15, 0.000, 0.000
68, 21.2, 35, 2, 34, 38.0, 38, 0.0, 0.0, 0, 35, 4, 0, 0.000, 0, 0.000, 15, 0.000, 0.000
70, 23.5, 35, 2, 34, 38.0, 38, 0.0, 0.0, 0, 35, 4, 0, 0.000, 0, 0.000, 15, 0.000, 0.000
71, 21.5, 35, 2, 34, 38.0, 38, 0.0, 0.0, 0, 35, 4, 0, 0.000, 0, 0.000, 15, 0.000, 0.000
72, 21.8, 35, 2, 34, 38.0, 38, 0.0, 0.0, 0, 35, 4, 0, 0.000, 0, 0.000, 15, 0.000, 0.000
73, 21.6, 35, 2, 34, 38.0, 38, 0.0, 0.0, 0, 35, 4, 0, 0.000, 0, 0.000, 15, 0.000, 0.000
75, 21.7, 35, 2, 34, 38.0, 38, 0.0, 0.0, 0, 35, 4, 0, 0.000, 0, 0.000, 15, 0.000, 0.000
76, 27.9, 35, 2, 34, 54.0, 28, 0.0, 0.0, 26, 35, 4, 0, 0.000, 0, 0.000, 20, 0.000, 0.000
77, 17.4, 35, 2, 34, 54.0, 28, 0.0, 0.0, 26, 35, 4, 0, 0.000, 0, 0.000, 20, 0.000, 0.000
78, 16.9, 35, 2, 34, 54.0, 28, 0.0, 0.0, 26, 35, 4, 0, 0.000, 0, 0.000, 20, 0.000, 0.000
79, 16.3, 35, 2, 34, 54.0, 28, 0.0, 0.0, 26, 35, 4, 0, 0.000, 0, 0.000, 20, 0.000, 0.000
81, 16.7, 35, 2, 34, 54.0, 28, 0.0, 0.0, 26, 35, 4, 0, 0.000, 0, 0.000, 20, 0.000, 0.000
82, 16.7, 35, 2, 34, 54.0, 28, 0.0, 0.0, 26, 35, 4, 0, 0.000, 0, 0.000, 20, 0.000, 0.000
83, 16.6, 35, 2, 34, 54.0, 28, 0.0, 0.0, 26, 35, 4, 0, 0.000, 0, 0.000, 20, 0.000, 0.000
84, 17.3, 35, 2, 34, 54.0, 28, 0.0, 0.0, 26, 35, 4, 0, 0.000, 0, 0.000, 20, 0.000, 0.000
86, 27.2, 35, 2, 34, 42.0, 16, 0.0, 0.0, 26, 35, 4, 0, 0.000, 0, 0.000, 25, 0.000, 0.000
87, 17.2, 35, 2, 34, 42.0, 16, 0.0, 0.0, 26, 35, 4, 0, 0.000, 0, 0.000, 25, 0.000, 0.000
88, 16.9, 35, 2, 34, 42.0, 16, 0.0, 0.0, 26, 35, 4, 0, 0.000, 0, 0.000, 25, 0.000, 0.000
89, 16.9, 35, 2, 34, 42.0, 16, 0.0, 0.0, 26, 35, 4, 0, 0.000, 0, 0.000, 25, 0.000, 0.000
91, 17.0, 35, 2, 34, 42.0, 16, 0.0, 0.0, 26, 35, 4, 0, 0.000, 0, 0.000, 25, 0.000, 0.000
92, 17.4, 35, 2, 34, 42.0, 16, 0.0, 0.0, 26, 35, 4, 0, 0.000, 0, 0.000, 25, 0.000, 0.000
93, 17.3, 35, 2, 34, 42.0, 16, 0.0, 0.0, 26, 35, 4, 0, 0.000, 0, 0.000, 25, 0.000, 0.000
94, 17.2, 35, 2, 34, 42.0, 16, 0.0, 0.0, 26, 35, 4, 0, 0.000, 0, 0.000, 25, 0.000, 0.000
96, 17.2, 35, 2, 34, 42.0, 16, 0.0, 0.0, 26, 35, 4, 0, 0.000, 0, 0.000, 25, 0.000, 0.000
97, 17.5, 35, 2, 34, 42.0, 16, 0.0, 0.0, 26, 35, 4, 0, 0.000, 0, 0.000, 25, 0.000, 0.000
98, 25.5, 35, 2, 34, 44.0, 20, 0.0, 0.0, 24, 35, 4, 0, 0.000, 0, 0.000, 30, 0.000, 0.000
99, 17.4, 35, 2, 34, 44.0, 20, 0.0, 0.0, 24, 35, 4, 0, 0.000, 0, 0.000, 30, 0.000, 0.000
100, 17.0, 35, 2, 34, 44.0, 20, 0.0, 0.0, 24, 35, 4, 0, 0.000, 0, 0.000, 30, 0.000, 0.000
102, 16.8, 35, 2, 34, 44.0, 20, 0.0, 0.0, 24, 35, 4, 0, 0.000, 0, 0.000, 30, 0.000, 0.000
103, 16.6, 35, 2, 34, 44.0, 20, 0.0, 0.0, 24, 35, 4, 0, 0.000, 0, 0.000, 30, 0.000, 0.000
104, 16.9, 35, 2, 34, 44.0, 20, 0.0, 0.0, 24, 35, 4, 0, 0.000, 0, 0.000, 30, 0.000, 0.000
105, 17.0, 35, 2, 34, 44.0, 20, 0.0, 0.0, 24, 35, 4, 0, 0.000, 0, 0.000, 30, 0.000, 0.000
107, 16.8, 35, 2, 34, 44.0, 20, 0.0, 0.0, 24, 35, 4, 0, 0.000, 0, 0.000, 30, 0.000, 0.000
108, 25.2, 35, 2, 34, 52.0, 26, 0.0, 0.0, 26, 35, 4, 0, 0.000, 0, 0.000, 35, 0.000, 0.000
109, 17.3, 35, 2, 34, 52.0, 26, 0.0, 0.0, 26, 35, 4, 0, 0.000, 0, 0.000, 35, 0.000, 0.000
110, 16.8, 35, 2, 34, 52.0, 26, 0.0, 0.0, 26, 35, 4, 0, 0.000, 0, 0.000, 35, 0.000, 0.000
112, 17.2, 35, 2, 34, 52.0, 26, 0.0, 0.0, 26, 35, 4, 0, 0.000, 0, 0.000, 35, 0.000, 0.000
113, 16.6, 35, 2, 34, 52.0, 26, 0.0, 0.0, 26, 35, 4, 0, 0.000, 0, 0.000, 35, 0.000, 0.000
114, 17.0, 35, 2, 34, 52.0, 26, 0.0, 0.0, 26, 35, 4, 0, 0.000, 0, 0.000, 35, 0.000, 0.000
115, 17.1, 35, 2, 34, 52.0, 26, 0.0, 0.0, 26, 35, 4, 0, 0.000, 0, 0.000, 35, 0.000, 0.000
117, 23.3, 35, 2, 34, 40.0, 20, 0.0, 0.0, 20, 35, 4, 0, 0.000, 0, 0.000, 40, 0.000, 0.000
118, 17.0, 35, 2, 34, 40.0, 20, 0.0, 0.0, 20, 35, 4, 0, 0.000, 0, 0.000, 40, 0.000, 0.000
119, 17.0, 35, 2, 34, 40.0, 20, 0.0, 0.0, 20, 35, 4, 0, 0.000, 0, 0.000, 40, 0.000, 0.000
120, 17.4, 35, 2, 34, 40.0, 20, 0.0, 0.0, 20, 35, 4, 0, 0.000, 0, 0.000, 40, 0.000, 0.000
122, 17.0, 35, 2, 34, 40.0, 20, 0.0, 0.0, 20, 35, 4, 0, 0.000, 0, 0.000, 40, 0.000, 0.000
123, 17.6, 35, 2, 34, 40.0, 20, 0.0, 0.0, 20, 35, 4, 0, 0.000, 0, 0.000, 40, 0.000, 0.000
124, 18.4, 35, 2, 34, 40.0, 20, 0.0, 0.0, 20, 35, 4, 0, 0.000, 0, 0.000, 40, 0.000, 0.000
125, 16.9, 35, 2, 34, 112.0, 92, 0.0, 0.0, 20, 35, 4, 0, 0.000, 0, 0.000, 43, 0.000, 0.000
126, 19.7, 35, 2, 34, 44.0, 24, 0.0, 0.0, 20, 35, 4, 0, 0.000, 0, 0.000, 45, 0.000, 0.000
128, 16.8, 35, 2, 34, 44.0, 24, 0.0, 0.0, 20, 35, 4, 0, 0.000, 0, 0.000, 45, 0.000, 0.000
129, 16.7, 35, 2, 34, 44.0, 24, 0.0, 0.0, 20, 35, 4, 0, 0.000, 0, 0.000, 45, 0.000, 0.000
130, 16.4, 35, 2, 34, 44.0, 24, 0.0, 0.0, 20, 35, 4, 0, 0.000, 0, 0.000, 45, 0.000, 0.000
131, 17.1, 35, 2, 34, 44.0, 24, 0.0, 0.0, 20, 35, 4, 0, 0.000, 0, 0.000, 45, 0.000, 0.000
133, 17.1, 35, 2, 34, 44.0, 24, 0.0, 0.0, 20, 35, 4, 0, 0.000, 0, 0.000, 45, 0.000, 0.000
134, 16.8, 35, 2, 34, 44.0, 24, 0.0, 0.0, 20, 35, 4, 0, 0.000, 0, 0.000, 45, 0.000, 0.000
135, 23.9, 35, 2, 34, 50.0, 30, 0.0, 0.0, 20, 35, 4, 0, 0.000, 0, 0.000, 50, 0.000, 0.000
136, 16.7, 35, 2, 34, 50.0, 30, 0.0, 0.0, 20, 35, 4, 0, 0.000, 0, 0.000, 50, 0.000, 0.000
138, 16.3, 35, 2, 34, 50.0, 30, 0.0, 0.0, 20, 35, 4, 0, 0.000, 0, 0.000, 50, 0.000, 0.000
139, 16.9, 35, 2, 34, 50.0, 30, 0.0, 0.0, 20, 35, 4, 0, 0.000, 0, 0.000, 50, 0.000, 0.000
140, 17.0, 35, 2, 34, 50.0, 30, 0.0, 0.0, 20, 35, 4, 0, 0.000, 0, 0.000, 50, 0.000, 0.000
141, 17.0, 35, 2, 34, 50.0, 30, 0.0, 0.0, 20, 35, 4, 0, 0.000, 0, 0.000, 50, 0.000, 0.000
143, 16.9, 35, 2, 34, 50.0, 30, 0.0, 0.0, 20, 35, 4, 0, 0.000, 0, 0.000, 50, 0.000, 0.000
144, 51.7, 36, 2, 35, 126.0, 104, 0.0, 0.0, 22, 35, 4, 0, 0.000, 0, 0.000, 55, 0.001, 0.001
145, 191.4, 36, 2, 35, 126.0, 104, 0.0, 0.0, 22, 35, 4, 0, 0.000, 0, 0.000, 55, 0.001, 0.001
147, 81.2, 35, 2, 34, 126.0, 104, 0.0, 0.0, 22, 35, 4, 0, 0.000, 0, 0.000, 55, 0.001, 0.001
148, 73.4, 35, 2, 34, 126.0, 104, 0.0, 0.0, 22, 35, 4, 0, 0.000, 0, 0.000, 55, 0.001, 0.001
149, 71.7, 35, 2, 34, 126.0, 104, 0.0, 0.0, 22, 35, 4, 0, 0.000, 0, 0.000, 55, 0.001, 0.001
150, 89.0, 35, 2, 34, 126.0, 104, 0.0, 0.0, 22, 35, 4, 0, 0.000, 0, 0.000, 55, 0.001, 0.001
152, 92.1, 35, 2, 34, 126.0, 104, 0.0, 0.0, 22, 35, 4, 0, 0.000, 0, 0.000, 55, 0.001, 0.001
153, 92.9, 35, 2, 34, 126.0, 104, 0.0, 0.0, 22, 35, 4, 0, 0.000, 0, 0.000, 55, 0.001, 0.001
154, 92.2, 35, 2, 34, 126.0, 104, 0.0, 0.0, 22, 35, 4, 0, 0.000, 0, 0.000, 55, 0.001, 0.001
155, 93.5, 35, 2, 34, 126.0, 104, 0.0, 0.0, 22, 35, 4, 0, 0.000, 0, 0.000, 55, 0.001, 0.001
157, 94.7, 35, 2, 34, 126.0, 104, 0.0, 0.0, 22, 35, 4, 0, 0.000, 0, 0.000, 55, 0.001, 0.001
158, 92.6, 35, 2, 34, 126.0, 104, 0.0, 0.0, 22, 35, 4, 0, 0.000, 0, 0.000, 55, 0.001, 0.001
159, 129.6, 35, 2, 34, 368.0, 344, 0.0, 0.0, 24, 35, 4, 0, 0.000, 0, 0.000, 59, 0.001, 0.001
161, 92.3, 35, 2, 34, 368.0, 344, 0.0, 0.0, 24, 35, 4, 0, 0.000, 0, 0.000, 60, 0.001, 0.001
162, 75.6, 35, 2, 34, 368.0, 344, 0.0, 0.0, 24, 35, 4, 0, 0.000, 0, 0.000, 60, 0.001, 0.001
163, 72.9, 35, 2, 34, 368.0, 344, 0.0, 0.0, 24, 35, 4, 0, 0.000, 0, 0.000, 60, 0.001, 0.001
164, 73.5, 35, 2, 34, 368.0, 344, 0.0, 0.0, 24, 35, 4, 0, 0.000, 0, 0.000, 60, 0.001, 0.001
166, 74.3, 35, 2, 34, 368.0, 344, 0.0, 0.0, 24, 35, 4, 0, 0.000, 0, 0.000, 60, 0.001, 0.001
167, 73.6, 35, 2, 34, 368.0, 344, 0.0, 0.0, 24, 35, 4, 0, 0.000, 0, 0.000, 60, 0.001, 0.001
168, 72.9, 35, 2, 34, 368.0, 344, 0.0, 0.0, 24, 35, 4, 0, 0.000, 0, 0.000, 60, 0.001, 0.001
170, 73.3, 35, 2, 34, 368.0, 344, 0.0, 0.0, 24, 35, 4, 0, 0.000, 0, 0.000, 60, 0.001, 0.001
171, 73.7, 35, 2, 34, 368.0, 344, 0.0, 0.0, 24, 35, 4, 0, 0.000, 0, 0.000, 60, 0.001, 0.001
172, 72.4, 35, 2, 34, 368.0, 344, 0.0, 0.0, 24, 35, 4, 0, 0.000, 0, 0.000, 60, 0.001, 0.001
173, 72.8, 35, 2, 34, 368.0, 344, 0.0, 0.0, 24, 35, 4, 0, 0.000, 0, 0.000, 60, 0.001, 0.001
175, 127.0, 35, 2, 34, 1110.0, 1088, 0.0, 0.0, 22, 35, 4, 3, 0.000, 0, 0.000, 60, 0.001, 0.001
176, 82.5, 35, 2, 34, 1110.0, 1088, 0.0, 0.0, 22, 35, 4, 3, 0.000, 0, 0.000, 60, 0.001, 0.001
177, 72.6, 35, 2, 34, 1110.0, 1088, 0.0, 0.0, 22, 35, 4, 3, 0.000, 0, 0.000, 60, 0.001, 0.001
178, 73.7, 35, 2, 34, 1110.0, 1088, 0.0, 0.0, 22, 35, 4, 3, 0.000, 0, 0.000, 60, 0.001, 0.001
180, 74.0, 35, 2, 34, 1110.0, 1088, 0.0, 0.0, 22, 35, 4, 3, 0.000, 0, 0.000, 60, 0.001, 0.001
181, 75.4, 35, 2, 34, 1110.0, 1088, 0.0, 0.0, 22, 35, 4, 3, 0.000, 0, 0.000, 60, 0.001, 0.001
182, 73.3, 35, 2, 34, 1110.0, 1088, 0.0, 0.0, 22, 35, 4, 3, 0.000, 0, 0.000, 60, 0.001, 0.001
183, 74.5, 35, 2, 34, 1110.0, 1088, 0.0, 0.0, 22, 35, 4, 3, 0.000, 0, 0.000, 60, 0.001, 0.001
185, 74.5, 35, 2, 34, 1110.0, 1088, 0.0, 0.0, 22, 35, 4, 3, 0.000, 0, 0.000, 60, 0.001, 0.001
186, 73.6, 35, 2, 34, 1110.0, 1088, 0.0, 0.0, 22, 35, 4, 3, 0.000, 0, 0.000, 60, 0.001, 0.001
187, 72.7, 35, 2, 34, 1110.0, 1088, 0.0, 0.0, 22, 35, 4, 3, 0.000, 0, 0.000, 60, 0.001, 0.001
189, 73.3, 35, 2, 34, 1110.0, 1088, 0.0, 0.0, 22, 35, 4, 3, 0.000, 0, 0.000, 60, 0.001, 0.001
190, 74.5, 35, 2, 34, 7328.0, 7306, 0.0, 0.0, 22, 35, 4, 4, 0.000, 0, 0.000, 60, 0.001, 0.001
191, 109.0, 35, 2, 34, 1386.0, 1330, 0.0, 0.0, 56, 35, 4, 6, 0.000, 0, 0.000, 60, 0.001, 0.001
192, 72.0, 35, 2, 34, 1386.0, 1330, 0.0, 0.0, 56, 35, 4, 6, 0.000, 0, 0.000, 60, 0.001, 0.001
194, 72.2, 35, 2, 34, 1386.0, 1330, 0.0, 0.0, 56, 35, 4, 6, 0.000, 0, 0.000, 60, 0.001, 0.001
195, 73.0, 35, 2, 34, 1386.0, 1330, 0.0, 0.0, 56, 35, 4, 6, 0.000, 0, 0.000, 60, 0.001, 0.001
196, 70.9, 35, 2, 34, 1386.0, 1330, 0.0, 0.0, 56, 35, 4, 6, 0.000, 0, 0.000, 60, 0.001, 0.001
198, 71.8, 35, 2, 34, 1386.0, 1330, 0.0, 0.0, 56, 35, 4, 6, 0.000, 0, 0.000, 60, 0.001, 0.001
199, 72.7, 35, 2, 34, 1386.0, 1330, 0.0, 0.0, 56, 35, 4, 6, 0.000, 0, 0.000, 60, 0.001, 0.001
200, 71.1, 35, 2, 34, 1386.0, 1330, 0.0, 0.0, 56, 35, 4, 6, 0.000, 0, 0.000, 60, 0.001, 0.001
201, 71.9, 35, 2, 34, 1386.0, 1330, 0.0, 0.0, 56, 35, 4, 6, 0.000, 0, 0.000, 60, 0.001, 0.001
203, 72.2, 35, 2, 34, 1386.0, 1330, 0.0, 0.0, 56, 35, 4, 6, 0.000, 0, 0.000, 60, 0.001, 0.001
204, 73.3, 35, 2, 34, 1386.0, 1330, 0.0, 0.0, 56, 35, 4, 6, 0.000, 0, 0.000, 60, 0.001, 0.001
205, 82.8, 35, 2, 34, 1026.0, 968, 0.0, 0.0, 58, 35, 4, 6, 0.000, 0, 0.000, 63, 0.001, 0.001
206, 102.2, 35, 2, 34, 252.0, 194, 0.0, 0.0, 58, 35, 4, 6, 0.000, 0, 0.000, 65, 0.001, 0.001
208, 73.5, 35, 2, 34, 252.0, 194, 0.0, 0.0, 58, 35, 4, 6, 0.000, 0, 0.000, 65, 0.001, 0.001
209, 73.3, 35, 2, 34, 252.0, 194, 0.0, 0.0, 58, 35, 4, 6, 0.000, 0, 0.000, 65, 0.001, 0.001
210, 72.3, 35, 2, 34, 252.0, 194, 0.0, 0.0, 58, 35, 4, 6, 0.000, 0, 0.000, 65, 0.001, 0.001
212, 72.6, 35, 2, 34, 252.0, 194, 0.0, 0.0, 58, 35, 4, 6, 0.000, 0, 0.000, 65, 0.001, 0.001
213, 73.3, 35, 2, 34, 252.0, 194, 0.0, 0.0, 58, 35, 4, 6, 0.000, 0, 0.000, 65, 0.001, 0.001
214, 71.6, 35, 2, 34, 252.0, 194, 0.0, 0.0, 58, 35, 4, 6, 0.000, 0, 0.000, 65, 0.001, 0.001
215, 72.0, 35, 2, 34, 252.0, 194, 0.0, 0.0, 58, 35, 4, 6, 0.000, 0, 0.000, 65, 0.001, 0.001
217, 72.7, 35, 2, 34, 252.0, 194, 0.0, 0.0, 58, 35, 4, 6, 0.000, 0, 0.000, 65, 0.001, 0.001
218, 73.7, 35, 2, 34, 252.0, 194, 0.0, 0.0, 58, 35, 4, 6, 0.000, 0, 0.000, 65, 0.001, 0.001
219, 72.4, 35, 2, 34, 252.0, 194, 0.0, 0.0, 58, 35, 4, 6, 0.000, 0, 0.000, 65, 0.001, 0.001
220, 72.6, 35, 2, 34, 252.0, 194, 0.0, 0.0, 58, 35, 4, 6, 0.000, 0, 0.000, 65, 0.001, 0.001
222, 108.5, 35, 2, 34, 1000.0, 946, 0.0, 0.0, 54, 35, 4, 9, 0.000, 0, 0.000, 65, 0.001, 0.001
223, 78.6, 35, 2, 34, 1000.0, 946, 0.0, 0.0, 54, 35, 4, 9, 0.000, 0, 0.000, 65, 0.001, 0.001
224, 72.0, 35, 2, 34, 1000.0, 946, 0.0, 0.0, 54, 35, 4, 9, 0.000, 0, 0.000, 65, 0.001, 0.001
226, 72.5, 35, 2, 34, 1000.0, 946, 0.0, 0.0, 54, 35, 4, 9, 0.000, 0, 0.000, 65, 0.001, 0.001
227, 73.4, 35, 2, 34, 1000.0, 946, 0.0, 0.0, 54, 35, 4, 9, 0.000, 0, 0.000, 65, 0.001, 0.001
228, 72.5, 35, 2, 34, 1000.0, 946, 0.0, 0.0, 54, 35, 4, 9, 0.000, 0, 0.000, 65, 0.001, 0.001
229, 72.6, 35, 2, 34, 1000.0, 946, 0.0, 0.0, 54, 35, 4, 9, 0.000, 0, 0.000, 65, 0.001, 0.001
231, 73.4, 35, 2, 34, 1000.0, 946, 0.0, 0.0, 54, 35, 4, 9, 0.000, 0, 0.000, 65, 0.001, 0.001
232, 75.1, 35, 2, 34, 1000.0, 946, 0.0, 0.0, 54, 35, 4, 9, 0.000, 0, 0.000, 65, 0.001, 0.001
233, 72.8, 35, 2, 34, 1000.0, 946, 0.0, 0.0, 54, 35, 4, 9, 0.000, 0, 0.000, 65, 0.001, 0.001
234, 73.5, 35, 2, 34, 1000.0, 946, 0.0, 0.0, 54, 35, 4, 9, 0.000, 0, 0.000, 65, 0.001, 0.001
236, 73.8, 35, 2, 34, 1000.0, 946, 0.0, 0.0, 54, 35, 4, 9, 0.000, 0, 0.000, 65, 0.001, 0.001
237, 75.2, 35, 2, 34, 1000.0, 946, 0.0, 0.0, 54, 35, 4, 9, 0.000, 0, 0.000, 65, 0.001, 0.001
238, 120.0, 35, 2, 34, 1430.0, 1376, 0.0, 0.0, 54, 35, 4, 12, 0.000, 0, 0.000, 65, 0.001, 0.001
240, 83.5, 35, 2, 34, 1430.0, 1376, 0.0, 0.0, 54, 35, 4, 12, 0.000, 0, 0.000, 65, 0.001, 0.001
241, 75.5, 35, 2, 34, 1430.0, 1376, 0.0, 0.0, 54, 35, 4, 12, 0.000, 0, 0.000, 65, 0.001, 0.001
242, 138.0, 35, 2, 34, 562.0, 508, 0.0, 0.0, 54, 35, 4, 12, 0.000, 0, 0.000, 70, 0.001, 0.001
243, 77.5, 35, 2, 34, 562.0, 508, 0.0, 0.0, 54, 35, 4, 12, 0.000, 0, 0.000, 70, 0.001, 0.001
245, 73.8, 35, 2, 34, 562.0, 508, 0.0, 0.0, 54, 35, 4, 12, 0.000, 0, 0.000, 70, 0.001, 0.001
246, 74.9, 35, 2, 34, 562.0, 508, 0.0, 0.0, 54, 35, 4, 12, 0.000, 0, 0.000, 70, 0.001, 0.001
247, 73.5, 35, 2, 34, 562.0, 508, 0.0, 0.0, 54, 35, 4, 12, 0.000, 0, 0.000, 70, 0.001, 0.001
248, 73.7, 35, 2, 34, 562.0, 508, 0.0, 0.0, 54, 35, 4, 12, 0.000, 0, 0.000, 70, 0.001, 0.001
250, 74.6, 35, 2, 34, 562.0, 508, 0.0, 0.0, 54, 35, 4, 12, 0.000, 0, 0.000, 70, 0.001, 0.001
251, 75.1, 35, 2, 34, 562.0, 508, 0.0, 0.0, 54, 35, 4, 12, 0.000, 0, 0.000, 70, 0.001, 0.001
252, 74.5, 35, 2, 34, 562.0, 508, 0.0, 0.0, 54, 35, 4, 12, 0.000, 0, 0.000, 70, 0.001, 0.001
254, 76.5, 35, 2, 34, 562.0, 508, 0.0, 0.0, 54, 35, 4, 12, 0.000, 0, 0.000, 70, 0.001, 0.001
255, 74.7, 35, 2, 34, 562.0, 508, 0.0, 0.0, 54, 35, 4, 12, 0.000, 0, 0.000, 70, 0.001, 0.001
256, 75.0, 35, 2, 34, 562.0, 508, 0.0, 0.0, 54, 35, 4, 12, 0.000, 0, 0.000, 70, 0.001, 0.001
257, 73.4, 35, 2, 34, 562.0, 508, 0.0, 0.0, 54, 35, 4, 12, 0.000, 0, 0.000, 70, 0.001, 0.001
259, 118.1, 35, 2, 34, 1404.0, 1350, 0.0, 0.0, 54, 35, 4, 15, 0.000, 0, 0.000, 70, 0.001, 0.001
260, 85.1, 35, 2, 34, 1404.0, 1350, 0.0, 0.0, 54, 35, 4, 15, 0.000, 0, 0.000, 70, 0.001, 0.001
261, 73.2, 35, 2, 34, 1404.0, 1350, 0.0, 0.0, 54, 35, 4, 15, 0.000, 0, 0.000, 70, 0.001, 0.001
262, 73.7, 35, 2, 34, 1404.0, 1350, 0.0, 0.0, 54, 35, 4, 15, 0.000, 0, 0.000, 70, 0.001, 0.001
264, 74.4, 35, 2, 34, 1404.0, 1350, 0.0, 0.0, 54, 35, 4, 15, 0.000, 0, 0.000, 70, 0.001, 0.001
265, 75.3, 35, 2, 34, 1404.0, 1350, 0.0, 0.0, 54, 35, 4, 15, 0.000, 0, 0.000, 70, 0.001, 0.001
266, 73.5, 35, 2, 34, 1404.0, 1350, 0.0, 0.0, 54, 35, 4, 15, 0.000, 0, 0.000, 70, 0.001, 0.001
268, 74.1, 35, 2, 34, 1404.0, 1350, 0.0, 0.0, 54, 35, 4, 15, 0.000, 0, 0.000, 70, 0.001, 0.001
269, 74.8, 35, 2, 34, 1404.0, 1350, 0.0, 0.0, 54, 35, 4, 15, 0.000, 0, 0.000, 70, 0.001, 0.001
270, 74.2, 35, 2, 34, 1404.0, 1350, 0.0, 0.0, 54, 35, 4, 15, 0.000, 0, 0.000, 70, 0.001, 0.001
271, 73.7, 35, 2, 34, 1404.0, 1350, 0.0, 0.0, 54, 35, 4, 15, 0.000, 0, 0.000, 70, 0.001, 0.001
273, 74.2, 35, 2, 34, 1404.0, 1350, 0.0, 0.0, 54, 35, 4, 15, 0.000, 0, 0.000, 70, 0.001, 0.001
274, 75.3, 35, 2, 34, 7656.0, 7600, 0.0, 0.0, 56, 35, 4, 16, 0.000, 0, 0.000, 70, 0.001, 0.001
275, 114.8, 35, 2, 34, 1124.0, 1068, 0.0, 0.0, 56, 35, 4, 18, 0.000, 0, 0.000, 70, 0.001, 0.001
276, 73.6, 35, 2, 34, 1124.0, 1068, 0.0, 0.0, 56, 35, 4, 18, 0.000, 0, 0.000, 70, 0.001, 0.001
278, 74.2, 35, 2, 34, 1124.0, 1068, 0.0, 0.0, 56, 35, 4, 18, 0.000, 0, 0.000, 70, 0.001, 0.001
279, 74.7, 35, 2, 34, 1124.0, 1068, 0.0, 0.0, 56, 35, 4, 18, 0.000, 0, 0.000, 70, 0.001, 0.001
280, 73.9, 35, 2, 34, 1124.0, 1068, 0.0, 0.0, 56, 35, 4, 18, 0.000, 0, 0.000, 70, 0.001, 0.001
282, 109.1, 35, 2, 34, 284.0, 226, 0.0, 0.0, 58, 35, 4, 18, 0.000, 0, 0.000, 75, 0.001, 0.001
283, 88.8, 35, 2, 34, 284.0, 226, 0.0, 0.0, 58, 35, 4, 18, 0.000, 0, 0.000, 75, 0.001, 0.001
284, 74.8, 35, 2, 34, 284.0, 226, 0.0, 0.0, 58, 35, 4, 18, 0.000, 0, 0.000, 75, 0.001, 0.001
285, 73.2, 35, 2, 34, 284.0, 226, 0.0, 0.0, 58, 35, 4, 18, 0.000, 0, 0.000, 75, 0.001, 0.001
287, 73.7, 35, 2, 34, 284.0, 226, 0.0, 0.0, 58, 35, 4, 18, 0.000, 0, 0.000, 75, 0.001, 0.001
288, 74.7, 35, 2, 34, 284.0, 226, 0.0, 0.0, 58, 35, 4, 18, 0.000, 0, 0.000, 75, 0.001, 0.001
289, 74.4, 35, 2, 34, 284.0, 226, 0.0, 0.0, 58, 35, 4, 18, 0.000, 0, 0.000, 75, 0.001, 0.001
290, 73.8, 35, 2, 34, 284.0, 226, 0.0, 0.0, 58, 35, 4, 18, 0.000, 0, 0.000, 75, 0.001, 0.001
292, 74.7, 35, 2, 34, 284.0, 226, 0.0, 0.0, 58, 35, 4, 18, 0.000, 0, 0.000, 75, 0.001, 0.001
293, 74.6, 35, 2, 34, 284.0, 226, 0.0, 0.0, 58, 35, 4, 18, 0.000, 0, 0.000, 75, 0.001, 0.001
294, 72.7, 35, 2, 34, 284.0, 226, 0.0, 0.0, 58, 35, 4, 18, 0.000, 0, 0.000, 75, 0.001, 0.001
295, 73.2, 35, 2, 34, 284.0, 226, 0.0, 0.0, 58, 35, 4, 18, 0.000, 0, 0.000, 75, 0.001, 0.001
297, 73.8, 35, 2, 34, 284.0, 226, 0.0, 0.0, 58, 35, 4, 18, 0.000, 0, 0.000, 75, 0.001, 0.001
298, 74.1, 35, 2, 34, 1302.0, 1246, 0.0, 0.0, 56, 35, 4, 21, 0.000, 0, 0.000, 75, 0.001, 0.001
299, 94.6, 35, 2, 34, 1302.0, 1246, 0.0, 0.0, 56, 35, 4, 21, 0.000, 0, 0.000, 75, 0.001, 0.001
301, 72.6, 35, 2, 34, 1302.0, 1246, 0.0, 0.0, 56, 35, 4, 21, 0.000, 0, 0.000, 75, 0.001, 0.001
302, 73.3, 35, 2, 34, 1302.0, 1246, 0.0, 0.0, 56, 35, 4, 21, 0.000, 0, 0.000, 75, 0.001, 0.001
303, 72.5, 35, 2, 34, 1302.0, 1246, 0.0, 0.0, 56, 35, 4, 21, 0.000, 0, 0.000, 75, 0.001, 0.001
304, 72.6, 35, 2, 34, 1302.0, 1246, 0.0, 0.0, 56, 35, 4, 21, 0.000, 0, 0.000, 75, 0.001, 0.001
306, 73.8, 35, 2, 34, 1302.0, 1246, 0.0, 0.0, 56, 35, 4, 21, 0.000, 0, 0.000, 75, 0.001, 0.001
307, 73.9, 35, 2, 34, 1302.0, 1246, 0.0, 0.0, 56, 35, 4, 21, 0.000, 0, 0.000, 75, 0.001, 0.001
308, 72.3, 35, 2, 34, 1302.0, 1246, 0.0, 0.0, 56, 35, 4, 21, 0.000, 0, 0.000, 75, 0.001, 0.001
310, 72.7, 35, 2, 34, 1302.0, 1246, 0.0, 0.0, 56, 35, 4, 21, 0.000, 0, 0.000, 75, 0.001, 0.001
311, 73.8, 35, 2, 34, 1302.0, 1246, 0.0, 0.0, 56, 35, 4, 21, 0.000, 0, 0.000, 75, 0.001, 0.001
312, 75.1, 35, 2, 34, 1302.0, 1246, 0.0, 0.0, 56, 35, 4, 21, 0.000, 0, 0.000, 75, 0.001, 0.001
313, 72.7, 35, 2, 34, 1302.0, 1246, 0.0, 0.0, 56, 35, 4, 21, 0.000, 0, 0.000, 75, 0.001, 0.001
315, 110.8, 35, 2, 34, 1140.0, 1082, 0.0, 0.0, 58, 35, 4, 24, 0.000, 0, 0.000, 75, 0.001, 0.001
316, 86.6, 35, 2, 34, 1140.0, 1082, 0.0, 0.0, 58, 35, 4, 24, 0.000, 0, 0.000, 75, 0.001, 0.001
317, 72.7, 35, 2, 34, 1140.0, 1082, 0.0, 0.0, 58, 35, 4, 24, 0.000, 0, 0.000, 75, 0.001, 0.001
318, 72.9, 35, 2, 34, 2136.0, 2078, 0.0, 0.0, 58, 35, 4, 24, 0.000, 0, 0.000, 76, 0.001, 0.001
320, 127.2, 35, 2, 34, 594.0, 536, 0.0, 0.0, 58, 35, 4, 24, 0.000, 0, 0.000, 80, 0.001, 0.001
321, 76.7, 35, 2, 34, 594.0, 536, 0.0, 0.0, 58, 35, 4, 24, 0.000, 0, 0.000, 80, 0.001, 0.001
322, 72.4, 35, 2, 34, 594.0, 536, 0.0, 0.0, 58, 35, 4, 24, 0.000, 0, 0.000, 80, 0.001, 0.001
324, 73.0, 35, 2, 34, 594.0, 536, 0.0, 0.0, 58, 35, 4, 24, 0.000, 0, 0.000, 80, 0.001, 0.001
325, 74.0, 35, 2, 34, 594.0, 536, 0.0, 0.0, 58, 35, 4, 24, 0.000, 0, 0.000, 80, 0.001, 0.001
326, 73.9, 35, 2, 34, 594.0, 536, 0.0, 0.0, 58, 35, 4, 24, 0.000, 0, 0.000, 80, 0.001, 0.001
327, 73.3, 35, 2, 34, 594.0, 536, 0.0, 0.0, 58, 35, 4, 24, 0.000, 0, 0.000, 80, 0.001, 0.001
329, 73.6, 35, 2, 34, 594.0, 536, 0.0, 0.0, 58, 35, 4, 24, 0.000, 0, 0.000, 80, 0.001, 0.001
330, 75.3, 35, 2, 34, 594.0, 536, 0.0, 0.0, 58, 35, 4, 24, 0.000, 0, 0.000, 80, 0.001, 0.001
331, 72.9, 35, 2, 34, 594.0, 536, 0.0, 0.0, 58, 35, 4, 24, 0.000, 0, 0.000, 80, 0.001, 0.001
332, 73.6, 35, 2, 34, 594.0, 536, 0.0, 0.0, 58, 35, 4, 24, 0.000, 0, 0.000, 80, 0.001, 0.001
334, 74.3, 35, 2, 34, 594.0, 536, 0.0, 0.0, 58, 35, 4, 24, 0.000, 0, 0.000, 80, 0.001, 0.001
335, 76.8, 35, 2, 34, 7680.0, 7620, 0.0, 0.0, 60, 35, 4, 25, 0.000, 0, 0.000, 80, 0.001, 0.001
336, 96.1, 35, 2, 34, 1402.0, 1342, 0.0, 0.0, 60, 35, 4, 27, 0.000, 0, 0.000, 80, 0.001, 0.001
338, 73.8, 35, 2, 34, 1402.0, 1342, 0.0, 0.0, 60, 35, 4, 27, 0.000, 0, 0.000, 80, 0.001, 0.001
339, 74.1, 35, 2, 34, 1402.0, 1342, 0.0, 0.0, 60, 35, 4, 27, 0.000, 0, 0.000, 80, 0.001, 0.001
340, 73.4, 35, 2, 34, 1402.0, 1342, 0.0, 0.0, 60, 35, 4, 27, 0.000, 0, 0.000, 80, 0.001, 0.001
341, 72.8, 35, 2, 34, 1402.0, 1342, 0.0, 0.0, 60, 35, 4, 27, 0.000, 0, 0.000, 80, 0.001, 0.001
343, 73.7, 35, 2, 34, 1402.0, 1342, 0.0, 0.0, 60, 35, 4, 27, 0.000, 0, 0.000, 80, 0.001, 0.001
344, 74.6, 35, 2, 34, 1402.0, 1342, 0.0, 0.0, 60, 35, 4, 27, 0.000, 0, 0.000, 80, 0.001, 0.001
345, 72.5, 35, 2, 34, 1402.0, 1342, 0.0, 0.0, 60, 35, 4, 27, 0.000, 0, 0.000, 80, 0.001, 0.001
347, 73.1, 35, 2, 34, 1402.0, 1342, 0.0, 0.0, 60, 35, 4, 27, 0.000, 0, 0.000, 80, 0.001, 0.001
348, 73.5, 35, 2, 34, 1402.0, 1342, 0.0, 0.0, 60, 35, 4, 27, 0.000, 0, 0.000, 80, 0.001, 0.001
349, 74.8, 35, 2, 34, 1402.0, 1342, 0.0, 0.0, 60, 35, 4, 27, 0.000, 0, 0.000, 80, 0.001, 0.001
350, 72.8, 35, 2, 34, 1402.0, 1342, 0.0, 0.0, 60, 35, 4, 27, 0.000, 0, 0.000, 80, 0.001, 0.001
352, 111.6, 35, 2, 34, 1190.0, 1128, 0.0, 0.0, 62, 35, 4, 30, 0.000, 0, 0.000, 80, 0.001, 0.001
353, 85.5, 35, 2, 34, 1190.0, 1128, 0.0, 0.0, 62, 35, 4, 30, 0.000, 0, 0.000, 80, 0.001, 0.001
354, 74.3, 35, 2, 34, 1190.0, 1128, 0.0, 0.0, 62, 35, 4, 30, 0.000, 0, 0.000, 80, 0.001, 0.001
355, 73.3, 35, 2, 34, 1190.0, 1128, 0.0, 0.0, 62, 35, 4, 30, 0.000, 0, 0.000, 80, 0.001, 0.001
357, 74.0, 35, 2, 34, 1190.0, 1128, 0.0, 0.0, 62, 35, 4, 30, 0.000, 0, 0.000, 80, 0.001, 0.001
358, 74.4, 35, 2, 34, 1190.0, 1128, 0.0, 0.0, 62, 35, 4, 30, 0.000, 0, 0.000, 80, 0.001, 0.001
359, 128.9, 35, 2, 34, 262.0, 198, 0.0, 0.0, 64, 35, 4, 30, 0.000, 0, 0.000, 85, 0.001, 0.001
361, 72.9, 35, 2, 34, 262.0, 198, 0.0, 0.0, 64, 35, 4, 30, 0.000, 0, 0.000, 85, 0.001, 0.001
362, 73.4, 35, 2, 34, 262.0, 198, 0.0, 0.0, 64, 35, 4, 30, 0.000, 0, 0.000, 85, 0.001, 0.001
363, 74.2, 35, 2, 34, 262.0, 198, 0.0, 0.0, 64, 35, 4, 30, 0.000, 0, 0.000, 85, 0.001, 0.001
364, 74.3, 35, 2, 34, 262.0, 198, 0.0, 0.0, 64, 35, 4, 30, 0.000, 0, 0.000, 85, 0.001, 0.001
366, 73.4, 35, 2, 34, 262.0, 198, 0.0, 0.0, 64, 35, 4, 30, 0.000, 0, 0.000, 85, 0.001, 0.001
367, 74.1, 35, 2, 34, 262.0, 198, 0.0, 0.0, 64, 35, 4, 30, 0.000, 0, 0.000, 85, 0.001, 0.001
368, 73.7, 35, 2, 34, 262.0, 198, 0.0, 0.0, 64, 35, 4, 30, 0.000, 0, 0.000, 85, 0.001, 0.001
369, 72.8, 35, 2, 34, 262.0, 198, 0.0, 0.0, 64, 35, 4, 30, 0.000, 0, 0.000, 85, 0.001, 0.001
371, 73.2, 35, 2, 34, 262.0, 198, 0.0, 0.0, 64, 35, 4, 30, 0.000, 0, 0.000, 85, 0.001, 0.001
372, 73.9, 35, 2, 34, 262.0, 198, 0.0, 0.0, 64, 35, 4, 30, 0.000, 0, 0.000, 85, 0.001, 0.001
373, 72.6, 35, 2, 34, 262.0, 198, 0.0, 0.0, 64, 35, 4, 30, 0.000, 0, 0.000, 85, 0.001, 0.001
375, 73.1, 35, 2, 34, 262.0, 198, 0.0, 0.0, 64, 35, 4, 30, 0.000, 0, 0.000, 85, 0.001, 0.001
376, 116.9, 35, 2, 34, 1336.0, 1278, 0.0, 0.0, 58, 35, 4, 33, 0.000, 0, 0.000, 85, 0.001, 0.001
377, 76.5, 35, 2, 34, 1336.0, 1278, 0.0, 0.0, 58, 35, 4, 33, 0.000, 0, 0.000, 85, 0.001, 0.001
378, 72.7, 35, 2, 34, 1336.0, 1278, 0.0, 0.0, 58, 35, 4, 33, 0.000, 0, 0.000, 85, 0.001, 0.001
380, 73.0, 35, 2, 34, 1336.0, 1278, 0.0, 0.0, 58, 35, 4, 33, 0.000, 0, 0.000, 85, 0.001, 0.001
381, 73.8, 35, 2, 34, 1336.0, 1278, 0.0, 0.0, 58, 35, 4, 33, 0.000, 0, 0.000, 85, 0.001, 0.001
382, 73.4, 35, 2, 34, 1336.0, 1278, 0.0, 0.0, 58, 35, 4, 33, 0.000, 0, 0.000, 85, 0.001, 0.001
383, 72.9, 35, 2, 34, 1336.0, 1278, 0.0, 0.0, 58, 35, 4, 33, 0.000, 0, 0.000, 85, 0.001, 0.001
385, 73.7, 35, 2, 34, 1336.0, 1278, 0.0, 0.0, 58, 35, 4, 33, 0.000, 0, 0.000, 85, 0.001, 0.001
386, 75.3, 35, 2, 34, 1336.0, 1278, 0.0, 0.0, 58, 35, 4, 33, 0.000, 0, 0.000, 85, 0.001, 0.001
387, 73.0, 35, 2, 34, 1336.0, 1278, 0.0, 0.0, 58, 35, 4, 33, 0.000, 0, 0.000, 85, 0.001, 0.001
389, 73.4, 35, 2, 34, 1336.0, 1278, 0.0, 0.0, 58, 35, 4, 33, 0.000, 0, 0.000, 85, 0.001, 0.001
390, 74.1, 35, 2, 34, 1336.0, 1278, 0.0, 0.0, 58, 35, 4, 33, 0.000, 0, 0.000, 85, 0.001, 0.001
391, 74.7, 35, 2, 34, 7616.0, 7556, 0.0, 0.0, 60, 35, 4, 34, 0.000, 0, 0.000, 85, 0.001, 0.001
392, 102.3, 35, 2, 34, 1150.0, 1090, 0.0, 0.0, 60, 35, 4, 36, 0.000, 0, 0.000, 85, 0.001, 0.001
394, 73.6, 35, 2, 34, 1150.0, 1090, 0.0, 0.0, 60, 35, 4, 36, 0.000, 0, 0.000, 85, 0.001, 0.001
395, 74.2, 35, 2, 34, 1150.0, 1090, 0.0, 0.0, 60, 35, 4, 36, 0.000, 0, 0.000, 85, 0.001, 0.001
396, 80.1, 35, 2, 34, 2514.0, 2454, 0.0, 0.0, 60, 35, 4, 36, 0.000, 0, 0.000, 86, 0.001, 0.001
397, 109.8, 35, 2, 34, 362.0, 302, 0.0, 0.0, 60, 35, 4, 36, 0.000, 0, 0.000, 90, 0.001, 0.001
399, 74.0, 35, 2, 34, 362.0, 302, 0.0, 0.0, 60, 35, 4, 36, 0.000, 0, 0.000, 90, 0.001, 0.001
400, 75.0, 35, 2, 34, 362.0, 302, 0.0, 0.0, 60, 35, 4, 36, 0.000, 0, 0.000, 90, 0.001, 0.001
401, 72.1, 35, 2, 34, 362.0, 302, 0.0, 0.0, 60, 35, 4, 36, 0.000, 0, 0.000, 90, 0.001, 0.001
403, 72.8, 35, 2, 34, 362.0, 302, 0.0, 0.0, 60, 35, 4, 36, 0.000, 0, 0.000, 90, 0.001, 0.001
404, 73.4, 35, 2, 34, 362.0, 302, 0.0, 0.0, 60, 35, 4, 36, 0.000, 0, 0.000, 90, 0.001, 0.001
405, 73.7, 35, 2, 34, 362.0, 302, 0.0, 0.0, 60, 35, 4, 36, 0.000, 0, 0.000, 90, 0.001, 0.001
406, 73.2, 35, 2, 34, 362.0, 302, 0.0, 0.0, 60, 35, 4, 36, 0.000, 0, 0.000, 90, 0.001, 0.001
408, 73.6, 35, 2, 34, 362.0, 302, 0.0, 0.0, 60, 35, 4, 36, 0.000, 0, 0.000, 90, 0.001, 0.001
409, 74.2, 35, 2, 34, 362.0, 302, 0.0, 0.0, 60, 35, 4, 36, 0.000, 0, 0.000, 90, 0.001, 0.001
410, 72.7, 35, 2, 34, 362.0, 302, 0.0, 0.0, 60, 35, 4, 36, 0.000, 0, 0.000, 90, 0.001, 0.001
412, 73.3, 35, 2, 34, 362.0, 302, 0.0, 0.0, 60, 35, 4, 36, 0.000, 0, 0.000, 90, 0.001, 0.001
413, 73.7, 35, 2, 34, 7666.0, 7610, 0.0, 0.0, 56, 35, 4, 37, 0.000, 0, 0.000, 90, 0.001, 0.001
414, 121.4, 35, 2, 34, 1438.0, 1382, 0.0, 0.0, 56, 35, 4, 39, 0.000, 0, 0.000, 90, 0.001, 0.001
415, 72.8, 35, 2, 34, 1438.0, 1382, 0.0, 0.0, 56, 35, 4, 39, 0.000, 0, 0.000, 90, 0.001, 0.001
417, 73.4, 35, 2, 34, 1438.0, 1382, 0.0, 0.0, 56, 35, 4, 39, 0.000, 0, 0.000, 90, 0.001, 0.001
418, 74.0, 35, 2, 34, 1438.0, 1382, 0.0, 0.0, 56, 35, 4, 39, 0.000, 0, 0.000, 90, 0.001, 0.001
419, 74.9, 35, 2, 34, 1438.0, 1382, 0.0, 0.0, 56, 35, 4, 39, 0.000, 0, 0.000, 90, 0.001, 0.001
420, 74.0, 35, 2, 34, 1438.0, 1382, 0.0, 0.0, 56, 35, 4, 39, 0.000, 0, 0.000, 90, 0.001, 0.001
422, 74.5, 35, 2, 34, 1438.0, 1382, 0.0, 0.0, 56, 35, 4, 39, 0.000, 0, 0.000, 90, 0.001, 0.001
423, 75.2, 35, 2, 34, 1438.0, 1382, 0.0, 0.0, 56, 35, 4, 39, 0.000, 0, 0.000, 90, 0.001, 0.001
424, 74.3, 35, 2, 34, 1438.0, 1382, 0.0, 0.0, 56, 35, 4, 39, 0.000, 0, 0.000, 90, 0.001, 0.001
426, 73.7, 35, 2, 34, 1438.0, 1382, 0.0, 0.0, 56, 35, 4, 39, 0.000, 0, 0.000, 90, 0.001, 0.001
427, 74.4, 35, 2, 34, 1438.0, 1382, 0.0, 0.0, 56, 35, 4, 39, 0.000, 0, 0.000, 90, 0.001, 0.001
428, 74.4, 35, 2, 34, 1438.0, 1382, 0.0, 0.0, 56, 35, 4, 39, 0.000, 0, 0.000, 90, 0.001, 0.001
429, 97.3, 35, 2, 34, 1306.0, 1248, 0.0, 0.0, 58, 35, 4, 42, 0.000, 0, 0.000, 90, 0.001, 0.001
431, 85.1, 35, 2, 34, 1306.0, 1248, 0.0, 0.0, 58, 35, 4, 42, 0.000, 0, 0.000, 90, 0.001, 0.001
432, 127.7, 35, 2, 34, 386.0, 328, 0.0, 0.0, 58, 35, 4, 42, 0.000, 0, 0.000, 95, 0.001, 0.002
433, 73.5, 35, 2, 34, 386.0, 328, 0.0, 0.0, 58, 35, 4, 42, 0.000, 0, 0.000, 95, 0.001, 0.002
434, 71.8, 35, 2, 34, 386.0, 328, 0.0, 0.0, 58, 35, 4, 42, 0.000, 0, 0.000, 95, 0.001, 0.002
436, 72.3, 35, 2, 34, 386.0, 328, 0.0, 0.0, 58, 35, 4, 42, 0.000, 0, 0.000, 95, 0.001, 0.002
437, 73.8, 35, 2, 34, 386.0, 328, 0.0, 0.0, 58, 35, 4, 42, 0.000, 0, 0.000, 95, 0.001, 0.002
438, 71.6, 35, 2, 34, 386.0, 328, 0.0, 0.0, 58, 35, 4, 42, 0.000, 0, 0.000, 95, 0.001, 0.002
440, 72.3, 35, 2, 34, 386.0, 328, 0.0, 0.0, 58, 35, 4, 42, 0.000, 0, 0.000, 95, 0.001, 0.002
441, 73.0, 35, 2, 34, 386.0, 328, 0.0, 0.0, 58, 35, 4, 42, 0.000, 0, 0.000, 95, 0.001, 0.002
442, 74.2, 35, 2, 34, 386.0, 328, 0.0, 0.0, 58, 35, 4, 42, 0.000, 0, 0.000, 95, 0.001, 0.002
443, 72.4, 35, 2, 34, 386.0, 328, 0.0, 0.0, 58, 35, 4, 42, 0.000, 0, 0.000, 95, 0.001, 0.002
445, 73.5, 35, 2, 34, 386.0, 328, 0.0, 0.0, 58, 35, 4, 42, 0.000, 0, 0.000, 95, 0.001, 0.002
446, 73.7, 35, 2, 34, 386.0, 328, 0.0, 0.0, 58, 35, 4, 42, 0.000, 0, 0.000, 95, 0.001, 0.002
447, 74.0, 35, 2, 34, 386.0, 328, 0.0, 0.0, 58, 35, 4, 42, 0.000, 0, 0.000, 95, 0.001, 0.002
448, 117.7, 35, 2, 34, 1446.0, 1390, 0.0, 0.0, 56, 35, 4, 45, 0.001, 0, 0.000, 95, 0.001, 0.002
450, 81.2, 35, 2, 34, 1446.0, 1390, 0.0, 0.0, 56, 35, 4, 45, 0.001, 0, 0.000, 95, 0.001, 0.002
451, 74.4, 35, 2, 34, 1446.0, 1390, 0.0, 0.0, 56, 35, 4, 45, 0.001, 0, 0.000, 95, 0.001, 0.002
452, 73.8, 35, 2, 34, 1446.0, 1390, 0.0, 0.0, 56, 35, 4, 45, 0.001, 0, 0.000, 95, 0.001, 0.002
454, 74.1, 35, 2, 34, 1446.0, 1390, 0.0, 0.0, 56, 35, 4, 45, 0.001, 0, 0.000, 95, 0.001, 0.002
455, 74.6, 35, 2, 34, 1446.0, 1390, 0.0, 0.0, 56, 35, 4, 45, 0.001, 0, 0.000, 95, 0.001, 0.002
456, 75.5, 35, 2, 34, 1446.0, 1390, 0.0, 0.0, 56, 35, 4, 45, 0.001, 0, 0.000, 95, 0.001, 0.002
457, 72.7, 35, 2, 34, 1446.0, 1390, 0.0, 0.0, 56, 35, 4, 45, 0.001, 0, 0.000, 95, 0.001, 0.002
459, 73.3, 35, 2, 34, 1446.0, 1390, 0.0, 0.0, 56, 35, 4, 45, 0.001, 0, 0.000, 95, 0.001, 0.002
460, 73.8, 35, 2, 34, 1446.0, 1390, 0.0, 0.0, 56, 35, 4, 45, 0.001, 0, 0.000, 95, 0.001, 0.002
461, 73.3, 35, 2, 34, 1446.0, 1390, 0.0, 0.0, 56, 35, 4, 45, 0.001, 0, 0.000, 95, 0.001, 0.002
462, 72.6, 35, 2, 34, 1446.0, 1390, 0.0, 0.0, 56, 35, 4, 45, 0.001, 0, 0.000, 95, 0.001, 0.002
464, 73.3, 35, 2, 34, 7382.0, 7324, 0.0, 0.0, 58, 35, 4, 45, 0.001, 0, 0.000, 96, 0.001, 0.002
465, 132.4, 35, 2, 34, 696.0, 638, 0.0, 0.0, 58, 35, 4, 45, 0.001, 0, 0.000, 100, 0.001, 0.002
466, 71.1, 35, 2, 34, 696.0, 638, 0.0, 0.0, 58, 35, 4, 45, 0.001, 0, 0.000, 100, 0.001, 0.002
468, 72.1, 35, 2, 34, 696.0, 638, 0.0, 0.0, 58, 35, 4, 45, 0.001, 0, 0.000, 100, 0.001, 0.002
469, 72.8, 35, 2, 34, 696.0, 638, 0.0, 0.0, 58, 35, 4, 45, 0.001, 0, 0.000, 100, 0.001, 0.002
470, 75.0, 35, 2, 34, 696.0, 638, 0.0, 0.0, 58, 35, 4, 45, 0.001, 0, 0.000, 100, 0.001, 0.002
471, 72.9, 35, 2, 34, 696.0, 638, 0.0, 0.0, 58, 35, 4, 45, 0.001, 0, 0.000, 100, 0.001, 0.002
473, 73.3, 35, 2, 34, 696.0, 638, 0.0, 0.0, 58, 35, 4, 45, 0.001, 0, 0.000, 100, 0.001, 0.002
474, 74.0, 35, 2, 34, 696.0, 638, 0.0, 0.0, 58, 35, 4, 45, 0.001, 0, 0.000, 100, 0.001, 0.002
475, 74.7, 35, 2, 34, 696.0, 638, 0.0, 0.0, 58, 35, 4, 45, 0.001, 0, 0.000, 100, 0.001, 0.002
476, 73.3, 35, 2, 34, 696.0, 638, 0.0, 0.0, 58, 35, 4, 45, 0.001, 0, 0.000, 100, 0.001, 0.002
478, 73.9, 35, 2, 34, 696.0, 638, 0.0, 0.0, 58, 35, 4, 45, 0.001, 0, 0.000, 100, 0.001, 0.002
479, 74.4, 35, 2, 34, 696.0, 638, 0.0, 0.0, 58, 35, 4, 45, 0.001, 0, 0.000, 100, 0.001, 0.002
480, 93.4, 35, 2, 34, 1402.0, 1344, 0.0, 0.0, 58, 35, 4, 48, 0.001, 0, 0.000, 100, 0.001, 0.002
482, 82.6, 35, 2, 34, 1402.0, 1344, 0.0, 0.0, 58, 35, 4, 48, 0.001, 0, 0.000, 100, 0.001, 0.002
483, 73.8, 35, 2, 34, 1402.0, 1344, 0.0, 0.0, 58, 35, 4, 48, 0.001, 0, 0.000, 100, 0.001, 0.002
484, 75.6, 35, 2, 34, 1402.0, 1344, 0.0, 0.0, 58, 35, 4, 48, 0.001, 0, 0.000, 100, 0.001, 0.002
485, 72.9, 35, 2, 34, 1402.0, 1344, 0.0, 0.0, 58, 35, 4, 48, 0.001, 0, 0.000, 100, 0.001, 0.002
487, 73.7, 35, 2, 34, 1402.0, 1344, 0.0, 0.0, 58, 35, 4, 48, 0.001, 0, 0.000, 100, 0.001, 0.002
488, 74.2, 35, 2, 34, 1402.0, 1344, 0.0, 0.0, 58, 35, 4, 48, 0.001, 0, 0.000, 100, 0.001, 0.002
489, 74.1, 35, 2, 34, 1402.0, 1344, 0.0, 0.0, 58, 35, 4, 48, 0.001, 0, 0.000, 100, 0.001, 0.002
491, 73.1, 35, 2, 34, 1402.0, 1344, 0.0, 0.0, 58, 35, 4, 48, 0.001, 0, 0.000, 100, 0.001, 0.002
492, 73.8, 35, 2, 34, 1402.0, 1344, 0.0, 0.0, 58, 35, 4, 48, 0.001, 0, 0.000, 100, 0.001, 0.002
493, 74.3, 35, 2, 34, 1402.0, 1344, 0.0, 0.0, 58, 35, 4, 48, 0.001, 0, 0.000, 100, 0.001, 0.002
494, 72.3, 35, 2, 34, 1402.0, 1344, 0.0, 0.0, 58, 35, 4, 48, 0.001, 0, 0.000, 100, 0.001, 0.002
496, 73.1, 35, 2, 34, 1402.0, 1344, 0.0, 0.0, 58, 35, 4, 48, 0.001, 0, 0.000, 100, 0.001, 0.002
497, 113.2, 35, 2, 34, 1102.0, 1044, 0.0, 0.0, 58, 35, 4, 51, 0.001, 0, 0.000, 100, 0.001, 0.002
498, 81.1, 35, 2, 34, 1102.0, 1044, 0.0, 0.0, 58, 35, 4, 51, 0.001, 0, 0.000, 100, 0.001, 0.002
499, 97.6, 35, 2, 34, 814.0, 756, 0.0, 0.0, 58, 35, 4, 51, 0.001, 0, 0.000, 103, 0.001, 0.002
501, 86.7, 35, 2, 34, 444.0, 386, 0.0, 0.0, 58, 35, 4, 51, 0.001, 0, 0.000, 105, 0.001, 0.002
502, 73.2, 35, 2, 34, 444.0, 386, 0.0, 0.0, 58, 35, 4, 51, 0.001, 0, 0.000, 105, 0.001, 0.002
503, 72.4, 35, 2, 34, 444.0, 386, 0.0, 0.0, 58, 35, 4, 51, 0.001, 0, 0.000, 105, 0.001, 0.002
505, 71.5, 35, 2, 34, 444.0, 386, 0.0, 0.0, 58, 35, 4, 51, 0.001, 0, 0.000, 105, 0.001, 0.002
506, 72.2, 35, 2, 34, 444.0, 386, 0.0, 0.0, 58, 35, 4, 51, 0.001, 0, 0.000, 105, 0.001, 0.002
507, 73.0, 35, 2, 34, 444.0, 386, 0.0, 0.0, 58, 35, 4, 51, 0.001, 0, 0.000, 105, 0.001, 0.002
508, 71.4, 35, 2, 34, 444.0, 386, 0.0, 0.0, 58, 35, 4, 51, 0.001, 0, 0.000, 105, 0.001, 0.002
510, 71.8, 35, 2, 34, 444.0, 386, 0.0, 0.0, 58, 35, 4, 51, 0.001, 0, 0.000, 105, 0.001, 0.002
511, 72.9, 35, 2, 34, 444.0, 386, 0.0, 0.0, 58, 35, 4, 51, 0.001, 0, 0.000, 105, 0.001, 0.002
512, 73.9, 35, 2, 34, 444.0, 386, 0.0, 0.0, 58, 35, 4, 51, 0.001, 0, 0.000, 105, 0.001, 0.002
513, 71.8, 35, 2, 34, 444.0, 386, 0.0, 0.0, 58, 35, 4, 51, 0.001, 0, 0.000, 105, 0.001, 0.002
515, 72.5, 35, 2, 34, 444.0, 386, 0.0, 0.0, 58, 35, 4, 51, 0.001, 0, 0.000, 105, 0.001, 0.002
516, 72.9, 35, 2, 34, 7692.0, 7634, 0.0, 0.0, 58, 35, 4, 52, 0.001, 0, 0.000, 105, 0.001, 0.002
517, 107.3, 35, 2, 34, 1444.0, 1386, 0.0, 0.0, 58, 35, 4, 54, 0.001, 0, 0.000, 105, 0.001, 0.002
519, 71.1, 35, 2, 34, 1444.0, 1386, 0.0, 0.0, 58, 35, 4, 54, 0.001, 0, 0.000, 105, 0.001, 0.002
520, 72.0, 35, 2, 34, 1444.0, 1386, 0.0, 0.0, 58, 35, 4, 54, 0.001, 0, 0.000, 105, 0.001, 0.002
521, 73.0, 35, 2, 34, 1444.0, 1386, 0.0, 0.0, 58, 35, 4, 54, 0.001, 0, 0.000, 105, 0.001, 0.002
522, 71.3, 35, 2, 34, 1444.0, 1386, 0.0, 0.0, 58, 35, 4, 54, 0.001, 0, 0.000, 105, 0.001, 0.002
524, 72.3, 35, 2, 34, 1444.0, 1386, 0.0, 0.0, 58, 35, 4, 54, 0.001, 0, 0.000, 105, 0.001, 0.002
525, 73.2, 35, 2, 34, 1444.0, 1386, 0.0, 0.0, 58, 35, 4, 54, 0.001, 0, 0.000, 105, 0.001, 0.002
526, 75.0, 35, 2, 34, 1444.0, 1386, 0.0, 0.0, 58, 35, 4, 54, 0.001, 0, 0.000, 105, 0.001, 0.002
527, 72.4, 35, 2, 34, 1444.0, 1386, 0.0, 0.0, 58, 35, 4, 54, 0.001, 0, 0.000, 105, 0.001, 0.002
529, 73.1, 35, 2, 34, 1444.0, 1386, 0.0, 0.0, 58, 35, 4, 54, 0.001, 0, 0.000, 105, 0.001, 0.002
530, 73.8, 35, 2, 34, 1444.0, 1386, 0.0, 0.0, 58, 35, 4, 54, 0.001, 0, 0.000, 105, 0.001, 0.002
531, 74.8, 35, 2, 34, 1444.0, 1386, 0.0, 0.0, 58, 35, 4, 54, 0.001, 0, 0.000, 105, 0.001, 0.002
532, 108.9, 35, 2, 34, 1332.0, 1272, 0.0, 0.0, 60, 35, 4, 57, 0.001, 0, 0.000, 105, 0.001, 0.002
534, 80.6, 35, 2, 34, 1332.0, 1272, 0.0, 0.0, 60, 35, 4, 57, 0.001, 0, 0.000, 105, 0.001, 0.002
535, 74.0, 35, 2, 34, 1526.0, 1466, 0.0, 0.0, 60, 35, 4, 57, 0.001, 0, 0.000, 106, 0.001, 0.002
536, 106.0, 35, 2, 34, 694.0, 634, 0.0, 0.0, 60, 35, 4, 57, 0.001, 0, 0.000, 110, 0.001, 0.002
538, 71.6, 35, 2, 34, 694.0, 634, 0.0, 0.0, 60, 35, 4, 57, 0.001, 0, 0.000, 110, 0.001, 0.002
539, 72.1, 35, 2, 34, 694.0, 634, 0.0, 0.0, 60, 35, 4, 57, 0.001, 0, 0.000, 110, 0.001, 0.002
540, 73.3, 35, 2, 34, 694.0, 634, 0.0, 0.0, 60, 35, 4, 57, 0.001, 0, 0.000, 110, 0.001, 0.002
541, 71.9, 35, 2, 34, 694.0, 634, 0.0, 0.0, 60, 35, 4, 57, 0.001, 0, 0.000, 110, 0.001, 0.002
543, 72.5, 35, 2, 34, 694.0, 634, 0.0, 0.0, 60, 35, 4, 57, 0.001, 0, 0.000, 110, 0.001, 0.002
544, 73.5, 35, 2, 34, 694.0, 634, 0.0, 0.0, 60, 35, 4, 57, 0.001, 0, 0.000, 110, 0.001, 0.002
545, 73.8, 35, 2, 34, 694.0, 634, 0.0, 0.0, 60, 35, 4, 57, 0.001, 0, 0.000, 110, 0.001, 0.002
546, 72.5, 35, 2, 34, 694.0, 634, 0.0, 0.0, 60, 35, 4, 57, 0.001, 0, 0.000, 110, 0.001, 0.002
548, 73.0, 35, 2, 34, 694.0, 634, 0.0, 0.0, 60, 35, 4, 57, 0.001, 0, 0.000, 110, 0.001, 0.002
549, 74.0, 35, 2, 34, 694.0, 634, 0.0, 0.0, 60, 35, 4, 57, 0.001, 0, 0.000, 110, 0.001, 0.002
550, 73.9, 35, 2, 34, 694.0, 634, 0.0, 0.0, 60, 35, 4, 57, 0.001, 0, 0.000, 110, 0.001, 0.002
552, 117.3, 35, 2, 34, 1458.0, 1398, 0.0, 0.0, 60, 35, 4, 60, 0.001, 0, 0.000, 110, 0.001, 0.002
553, 81.4, 35, 2, 34, 1458.0, 1398, 0.0, 0.0, 60, 35, 4, 60, 0.001, 0, 0.000, 110, 0.001, 0.002
554, 74.8, 35, 2, 34, 1458.0, 1398, 0.0, 0.0, 60, 35, 4, 60, 0.001, 0, 0.000, 110, 0.001, 0.002
555, 73.5, 35, 2, 34, 1458.0, 1398, 0.0, 0.0, 60, 35, 4, 60, 0.001, 0, 0.000, 110, 0.001, 0.002
557, 74.2, 35, 2, 34, 1458.0, 1398, 0.0, 0.0, 60, 35, 4, 60, 0.001, 0, 0.000, 110, 0.001, 0.002
558, 74.5, 35, 2, 34, 1458.0, 1398, 0.0, 0.0, 60, 35, 4, 60, 0.001, 0, 0.000, 110, 0.001, 0.002
559, 75.0, 35, 2, 34, 1458.0, 1398, 0.0, 0.0, 60, 35, 4, 60, 0.001, 0, 0.000, 110, 0.001, 0.002
560, 73.9, 35, 2, 34, 1458.0, 1398, 0.0, 0.0, 60, 35, 4, 60, 0.001, 0, 0.000, 110, 0.001, 0.002
562, 74.5, 35, 2, 34, 1458.0, 1398, 0.0, 0.0, 60, 35, 4, 60, 0.001, 0, 0.000, 110, 0.001, 0.002
563, 74.9, 35, 2, 34, 1458.0, 1398, 0.0, 0.0, 60, 35, 4, 60, 0.001, 0, 0.000, 110, 0.001, 0.002
564, 75.0, 35, 2, 34, 1458.0, 1398, 0.0, 0.0, 60, 35, 4, 60, 0.001, 0, 0.000, 110, 0.001, 0.002
566, 73.6, 35, 2, 34, 1458.0, 1398, 0.0, 0.0, 60, 35, 4, 60, 0.001, 0, 0.000, 110, 0.001, 0.002
567, 73.8, 35, 2, 34, 1458.0, 1398, 0.0, 0.0, 60, 35, 4, 60, 0.001, 0, 0.000, 110, 0.001, 0.002
568, 116.1, 35, 2, 34, 1252.0, 1190, 0.0, 0.0, 62, 35, 4, 63, 0.001, 0, 0.000, 110, 0.001, 0.002
569, 71.9, 35, 2, 34, 1252.0, 1190, 0.0, 0.0, 62, 35, 4, 63, 0.001, 0, 0.000, 110, 0.001, 0.002
571, 123.6, 35, 2, 34, 600.0, 538, 0.0, 0.0, 62, 35, 4, 63, 0.001, 0, 0.000, 115, 0.001, 0.002
572, 80.9, 35, 2, 34, 600.0, 538, 0.0, 0.0, 62, 35, 4, 63, 0.001, 0, 0.000, 115, 0.001, 0.002
573, 74.3, 35, 2, 34, 600.0, 538, 0.0, 0.0, 62, 35, 4, 63, 0.001, 0, 0.000, 115, 0.001, 0.002
574, 72.7, 35, 2, 34, 600.0, 538, 0.0, 0.0, 62, 35, 4, 63, 0.001, 0, 0.000, 115, 0.001, 0.002
576, 73.5, 35, 2, 34, 600.0, 538, 0.0, 0.0, 62, 35, 4, 63, 0.001, 0, 0.000, 115, 0.001, 0.002
577, 74.1, 35, 2, 34, 600.0, 538, 0.0, 0.0, 62, 35, 4, 63, 0.001, 0, 0.000, 115, 0.001, 0.002
578, 74.4, 35, 2, 34, 600.0, 538, 0.0, 0.0, 62, 35, 4, 63, 0.001, 0, 0.000, 115, 0.001, 0.002
580, 73.6, 35, 2, 34, 600.0, 538, 0.0, 0.0, 62, 35, 4, 63, 0.001, 0, 0.000, 115, 0.001, 0.002
581, 74.1, 35, 2, 34, 600.0, 538, 0.0, 0.0, 62, 35, 4, 63, 0.001, 0, 0.000, 115, 0.001, 0.002
582, 74.7, 35, 2, 34, 600.0, 538, 0.0, 0.0, 62, 35, 4, 63, 0.001, 0, 0.000, 115, 0.001, 0.002
583, 73.9, 35, 2, 34, 600.0, 538, 0.0, 0.0, 62, 35, 4, 63, 0.001, 0, 0.000, 115, 0.001, 0.002
585, 73.2, 35, 2, 34, 600.0, 538, 0.0, 0.0, 62, 35, 4, 63, 0.001, 0, 0.000, 115, 0.001, 0.002
586, 74.0, 35, 2, 34, 600.0, 538, 0.0, 0.0, 62, 35, 4, 63, 0.001, 0, 0.000, 115, 0.001, 0.002
587, 113.9, 35, 2, 34, 1178.0, 1118, 0.0, 0.0, 60, 35, 4, 66, 0.001, 0, 0.000, 115, 0.001, 0.002
588, 72.5, 35, 2, 34, 1178.0, 1118, 0.0, 0.0, 60, 35, 4, 66, 0.001, 0, 0.000, 115, 0.001, 0.002
590, 72.9, 35, 2, 34, 1178.0, 1118, 0.0, 0.0, 60, 35, 4, 66, 0.001, 0, 0.000, 115, 0.001, 0.002
591, 73.3, 35, 2, 34, 1178.0, 1118, 0.0, 0.0, 60, 35, 4, 66, 0.001, 0, 0.000, 115, 0.001, 0.002
592, 74.1, 35, 2, 34, 1178.0, 1118, 0.0, 0.0, 60, 35, 4, 66, 0.001, 0, 0.000, 115, 0.001, 0.002
594, 72.2, 35, 2, 34, 1178.0, 1118, 0.0, 0.0, 60, 35, 4, 66, 0.001, 0, 0.000, 115, 0.001, 0.002
595, 73.0, 35, 2, 34, 1178.0, 1118, 0.0, 0.0, 60, 35, 4, 66, 0.001, 0, 0.000, 115, 0.001, 0.002
596, 73.8, 35, 2, 34, 1178.0, 1118, 0.0, 0.0, 60, 35, 4, 66, 0.001, 0, 0.000, 115, 0.001, 0.002
597, 72.9, 35, 2, 34, 1178.0, 1118, 0.0, 0.0, 60, 35, 4, 66, 0.001, 0, 0.000, 115, 0.001, 0.002
599, 72.5, 35, 2, 34, 1178.0, 1118, 0.0, 0.0, 60, 35, 4, 66, 0.001, 0, 0.000, 115, 0.001, 0.002
600, 73.7, 35, 2, 34, 1178.0, 1118, 0.0, 0.0, 60, 35, 4, 66, 0.001, 0, 0.000, 115, 0.001, 0.002
601, 74.0, 35, 2, 34, 1178.0, 1118, 0.0, 0.0, 60, 35, 4, 66, 0.001, 0, 0.000, 115, 0.001, 0.002
602, 74.9, 35, 2, 34, 1178.0, 1118, 0.0, 0.0, 60, 35, 4, 66, 0.001, 0, 0.000, 115, 0.001, 0.002
604, 126.0, 35, 2, 34, 694.0, 630, 0.0, 0.0, 64, 35, 4, 66, 0.001, 0, 0.000, 120, 0.001, 0.002
605, 80.8, 35, 2, 34, 694.0, 630, 0.0, 0.0, 64, 35, 4, 66, 0.001, 0, 0.000, 120, 0.001, 0.002
606, 75.4, 35, 2, 34, 694.0, 630, 0.0, 0.0, 64, 35, 4, 66, 0.001, 0, 0.000, 120, 0.001, 0.002
607, 72.9, 35, 2, 34, 694.0, 630, 0.0, 0.0, 64, 35, 4, 66, 0.001, 0, 0.000, 120, 0.001, 0.002
609, 73.4, 35, 2, 34, 694.0, 630, 0.0, 0.0, 64, 35, 4, 66, 0.001, 0, 0.000, 120, 0.001, 0.002
610, 74.2, 35, 2, 34, 694.0, 630, 0.0, 0.0, 64, 35, 4, 66, 0.001, 0, 0.000, 120, 0.001, 0.002
611, 74.6, 35, 2, 34, 694.0, 630, 0.0, 0.0, 64, 35, 4, 66, 0.001, 0, 0.000, 120, 0.001, 0.002
613, 73.2, 35, 2, 34, 694.0, 630, 0.0, 0.0, 64, 35, 4, 66, 0.001, 0, 0.000, 120, 0.001, 0.002
614, 73.9, 35, 2, 34, 694.0, 630, 0.0, 0.0, 64, 35, 4, 66, 0.001, 0, 0.000, 120, 0.001, 0.002
615, 74.6, 35, 2, 34, 694.0, 630, 0.0, 0.0, 64, 35, 4, 66, 0.001, 0, 0.000, 120, 0.001, 0.002
616, 74.3, 35, 2, 34, 694.0, 630, 0.0, 0.0, 64, 35, 4, 66, 0.001, 0, 0.000, 120, 0.001, 0.002
618, 74.0, 35, 2, 34, 694.0, 630, 0.0, 0.0, 64, 35, 4, 66, 0.001, 0, 0.000, 120, 0.001, 0.002
619, 74.6, 35, 2, 34, 694.0, 630, 0.0, 0.0, 64, 35, 4, 66, 0.001, 0, 0.000, 120, 0.001, 0.002
620, 120.6, 35, 2, 34, 1538.0, 1476, 0.0, 0.0, 62, 35, 4, 69, 0.001, 0, 0.000, 120, 0.001, 0.002
622, 72.8, 35, 2, 34, 1538.0, 1476, 0.0, 0.0, 62, 35, 4, 69, 0.001, 0, 0.000, 120, 0.001, 0.002
623, 73.2, 35, 2, 34, 1538.0, 1476, 0.0, 0.0, 62, 35, 4, 69, 0.001, 0, 0.000, 120, 0.001, 0.002
624, 74.0, 35, 2, 34, 1538.0, 1476, 0.0, 0.0, 62, 35, 4, 69, 0.001, 0, 0.000, 120, 0.001, 0.002
625, 74.4, 35, 2, 34, 1538.0, 1476, 0.0, 0.0, 62, 35, 4, 69, 0.001, 0, 0.000, 120, 0.001, 0.002
627, 73.3, 35, 2, 34, 1538.0, 1476, 0.0, 0.0, 62, 35, 4, 69, 0.001, 0, 0.000, 120, 0.001, 0.002
628, 74.1, 35, 2, 34, 1538.0, 1476, 0.0, 0.0, 62, 35, 4, 69, 0.001, 0, 0.000, 120, 0.001, 0.002
629, 74.8, 35, 2, 34, 1538.0, 1476, 0.0, 0.0, 62, 35, 4, 69, 0.001, 0, 0.000, 120, 0.001, 0.002
630, 74.1, 35, 2, 34, 1538.0, 1476, 0.0, 0.0, 62, 35, 4, 69, 0.001, 0, 0.000, 120, 0.001, 0.002
632, 73.6, 35, 2, 34, 1538.0, 1476, 0.0, 0.0, 62, 35, 4, 69, 0.001, 0, 0.000, 120, 0.001, 0.002
633, 74.1, 35, 2, 34, 1538.0, 1476, 0.0, 0.0, 62, 35, 4, 69, 0.001, 0, 0.000, 120, 0.001, 0.002
634, 74.8, 35, 2, 34, 1538.0, 1476, 0.0, 0.0, 62, 35, 4, 69, 0.001, 0, 0.000, 120, 0.001, 0.002
635, 89.8, 35, 2, 34, 1274.0, 1212, 0.0, 0.0, 62, 35, 4, 72, 0.001, 0, 0.000, 120, 0.001, 0.002
637, 88.0, 35, 2, 34, 1274.0, 1212, 0.0, 0.0, 62, 35, 4, 72, 0.001, 0, 0.000, 120, 0.001, 0.002
638, 74.4, 35, 2, 34, 1274.0, 1212, 0.0, 0.0, 62, 35, 4, 72, 0.001, 0, 0.000, 120, 0.001, 0.002
639, 134.9, 35, 2, 34, 510.0, 446, 0.0, 0.0, 64, 35, 4, 72, 0.001, 0, 0.000, 125, 0.001, 0.002
641, 72.7, 35, 2, 34, 510.0, 446, 0.0, 0.0, 64, 35, 4, 72, 0.001, 0, 0.000, 125, 0.001, 0.002
642, 73.2, 35, 2, 34, 510.0, 446, 0.0, 0.0, 64, 35, 4, 72, 0.001, 0, 0.000, 125, 0.001, 0.002
643, 73.8, 35, 2, 34, 510.0, 446, 0.0, 0.0, 64, 35, 4, 72, 0.001, 0, 0.000, 125, 0.001, 0.002
644, 74.2, 35, 2, 34, 510.0, 446, 0.0, 0.0, 64, 35, 4, 72, 0.001, 0, 0.000, 125, 0.001, 0.002
646, 72.6, 35, 2, 34, 510.0, 446, 0.0, 0.0, 64, 35, 4, 72, 0.001, 0, 0.000, 125, 0.001, 0.002
647, 73.6, 35, 2, 34, 510.0, 446, 0.0, 0.0, 64, 35, 4, 72, 0.001, 0, 0.000, 125, 0.001, 0.002
648, 74.4, 35, 2, 34, 510.0, 446, 0.0, 0.0, 64, 35, 4, 72, 0.001, 0, 0.000, 125, 0.001, 0.002
650, 72.5, 35, 2, 34, 510.0, 446, 0.0, 0.0, 64, 35, 4, 72, 0.001, 0, 0.000, 125, 0.001, 0.002
651, 73.0, 35, 2, 34, 510.0, 446, 0.0, 0.0, 64, 35, 4, 72, 0.001, 0, 0.000, 125, 0.001, 0.002
652, 73.6, 35, 2, 34, 510.0, 446, 0.0, 0.0, 64, 35, 4, 72, 0.001, 0, 0.000, 125, 0.001, 0.002
653, 74.4, 35, 2, 34, 510.0, 446, 0.0, 0.0, 64, 35, 4, 72, 0.001, 0, 0.000, 125, 0.001, 0.002
655, 88.1, 35, 2, 34, 1078.0, 1018, 0.0, 0.0, 60, 35, 4, 75, 0.001, 0, 0.000, 125, 0.001, 0.002
656, 88.3, 35, 2, 34, 1078.0, 1018, 0.0, 0.0, 60, 35, 4, 75, 0.001, 0, 0.000, 125, 0.001, 0.002
657, 75.0, 35, 2, 34, 1078.0, 1018, 0.0, 0.0, 60, 35, 4, 75, 0.001, 0, 0.000, 125, 0.001, 0.002
658, 73.4, 35, 2, 34, 1078.0, 1018, 0.0, 0.0, 60, 35, 4, 75, 0.001, 0, 0.000, 125, 0.001, 0.002
660, 73.0, 35, 2, 34, 1078.0, 1018, 0.0, 0.0, 60, 35, 4, 75, 0.001, 0, 0.000, 125, 0.001, 0.002
661, 73.4, 35, 2, 34, 1078.0, 1018, 0.0, 0.0, 60, 35, 4, 75, 0.001, 0, 0.000, 125, 0.001, 0.002
662, 74.5, 35, 2, 34, 1078.0, 1018, 0.0, 0.0, 60, 35, 4, 75, 0.001, 0, 0.000, 125, 0.001, 0.002
663, 73.0, 35, 2, 34, 1078.0, 1018, 0.0, 0.0, 60, 35, 4, 75, 0.001, 0, 0.000, 125, 0.001, 0.002
665, 73.5, 35, 2, 34, 1078.0, 1018, 0.0, 0.0, 60, 35, 4, 75, 0.001, 0, 0.000, 125, 0.001, 0.002
666, 74.1, 35, 2, 34, 1078.0, 1018, 0.0, 0.0, 60, 35, 4, 75, 0.001, 0, 0.000, 125, 0.001, 0.002
667, 75.3, 35, 2, 34, 1078.0, 1018, 0.0, 0.0, 60, 35, 4, 75, 0.001, 0, 0.000, 125, 0.001, 0.002
669, 73.2, 35, 2, 34, 1078.0, 1018, 0.0, 0.0, 60, 35, 4, 75, 0.001, 0, 0.000, 125, 0.001, 0.002
670, 77.8, 35, 2, 34, 7054.0, 6992, 0.0, 0.0, 62, 35, 4, 75, 0.001, 0, 0.000, 126, 0.001, 0.002
671, 123.0, 35, 2, 34, 628.0, 564, 0.0, 0.0, 64, 35, 4, 75, 0.001, 0, 0.000, 130, 0.001, 0.002
672, 74.4, 35, 2, 34, 628.0, 564, 0.0, 0.0, 64, 35, 4, 75, 0.001, 0, 0.000, 130, 0.001, 0.002
674, 73.6, 35, 2, 34, 628.0, 564, 0.0, 0.0, 64, 35, 4, 75, 0.001, 0, 0.000, 130, 0.001, 0.002
675, 74.0, 35, 2, 34, 628.0, 564, 0.0, 0.0, 64, 35, 4, 75, 0.001, 0, 0.000, 130, 0.001, 0.002
676, 76.1, 35, 2, 34, 628.0, 564, 0.0, 0.0, 64, 35, 4, 75, 0.001, 0, 0.000, 130, 0.001, 0.002
678, 72.9, 35, 2, 34, 628.0, 564, 0.0, 0.0, 64, 35, 4, 75, 0.001, 0, 0.000, 130, 0.001, 0.002
679, 73.4, 35, 2, 34, 628.0, 564, 0.0, 0.0, 64, 35, 4, 75, 0.001, 0, 0.000, 130, 0.001, 0.002
680, 74.2, 35, 2, 34, 628.0, 564, 0.0, 0.0, 64, 35, 4, 75, 0.001, 0, 0.000, 130, 0.001, 0.002
681, 75.6, 35, 2, 34, 628.0, 564, 0.0, 0.0, 64, 35, 4, 75, 0.001, 0, 0.000, 130, 0.001, 0.002
683, 73.0, 35, 2, 34, 628.0, 564, 0.0, 0.0, 64, 35, 4, 75, 0.001, 0, 0.000, 130, 0.001, 0.002
684, 74.1, 35, 2, 34, 628.0, 564, 0.0, 0.0, 64, 35, 4, 75, 0.001, 0, 0.000, 130, 0.001, 0.002
685, 74.4, 35, 2, 34, 628.0, 564, 0.0, 0.0, 64, 35, 4, 75, 0.001, 0, 0.000, 130, 0.001, 0.002
686, 82.1, 35, 2, 34, 1368.0, 1300, 0.0, 0.0, 68, 35, 4, 78, 0.001, 0, 0.000, 130, 0.001, 0.002
688, 89.9, 35, 2, 34, 1368.0, 1300, 0.0, 0.0, 68, 35, 4, 78, 0.001, 0, 0.000, 130, 0.001, 0.002
689, 73.8, 35, 2, 34, 1368.0, 1300, 0.0, 0.0, 68, 35, 4, 78, 0.001, 0, 0.000, 130, 0.001, 0.002
690, 74.9, 35, 2, 34, 1368.0, 1300, 0.0, 0.0, 68, 35, 4, 78, 0.001, 0, 0.000, 130, 0.001, 0.002
692, 73.5, 35, 2, 34, 1368.0, 1300, 0.0, 0.0, 68, 35, 4, 78, 0.001, 0, 0.000, 130, 0.001, 0.002
693, 74.3, 35, 2, 34, 1368.0, 1300, 0.0, 0.0, 68, 35, 4, 78, 0.001, 0, 0.000, 130, 0.001, 0.002
694, 75.2, 35, 2, 34, 1368.0, 1300, 0.0, 0.0, 68, 35, 4, 78, 0.001, 0, 0.000, 130, 0.001, 0.002
695, 75.2, 35, 2, 34, 1368.0, 1300, 0.0, 0.0, 68, 35, 4, 78, 0.001, 0, 0.000, 130, 0.001, 0.002
697, 73.3, 35, 2, 34, 1368.0, 1300, 0.0, 0.0, 68, 35, 4, 78, 0.001, 0, 0.000, 130, 0.001, 0.002
698, 74.2, 35, 2, 34, 1368.0, 1300, 0.0, 0.0, 68, 35, 4, 78, 0.001, 0, 0.000, 130, 0.001, 0.002
699, 74.7, 35, 2, 34, 1368.0, 1300, 0.0, 0.0, 68, 35, 4, 78, 0.001, 0, 0.000, 130, 0.001, 0.002
700, 73.8, 35, 2, 34, 1368.0, 1300, 0.0, 0.0, 68, 35, 4, 78, 0.001, 0, 0.000, 130, 0.001, 0.002
702, 72.6, 35, 2, 34, 1368.0, 1300, 0.0, 0.0, 68, 35, 4, 78, 0.001, 0, 0.000, 130, 0.001, 0.002
703, 112.5, 35, 2, 34, 1274.0, 1206, 0.0, 0.0, 68, 35, 4, 81, 0.001, 0, 0.000, 130, 0.001, 0.002
704, 86.1, 35, 2, 34, 1274.0, 1206, 0.0, 0.0, 68, 35, 4, 81, 0.001, 0, 0.000, 130, 0.001, 0.002
706, 72.6, 35, 2, 34, 1274.0, 1206, 0.0, 0.0, 68, 35, 4, 81, 0.001, 0, 0.000, 130, 0.001, 0.002
707, 72.9, 35, 2, 34, 1274.0, 1206, 0.0, 0.0, 68, 35, 4, 81, 0.001, 0, 0.000, 130, 0.001, 0.002
708, 73.8, 35, 2, 34, 1274.0, 1206, 0.0, 0.0, 68, 35, 4, 81, 0.001, 0, 0.000, 130, 0.001, 0.002
709, 74.0, 35, 2, 34, 1274.0, 1206, 0.0, 0.0, 68, 35, 4, 81, 0.001, 0, 0.000, 130, 0.001, 0.002
711, 72.4, 35, 2, 34, 1274.0, 1206, 0.0, 0.0, 68, 35, 4, 81, 0.001, 0, 0.000, 130, 0.001, 0.002
712, 72.8, 35, 2, 34, 1274.0, 1206, 0.0, 0.0, 68, 35, 4, 81, 0.001, 0, 0.000, 130, 0.001, 0.002
713, 131.6, 35, 2, 34, 612.0, 544, 0.0, 0.0, 68, 35, 4, 81, 0.001, 0, 0.000, 135, 0.002, 0.003
714, 72.2, 35, 2, 34, 612.0, 544, 0.0, 0.0, 68, 35, 4, 81, 0.001, 0, 0.000, 135, 0.002, 0.003
716, 72.4, 35, 2, 34, 612.0, 544, 0.0, 0.0, 68, 35, 4, 81, 0.001, 0, 0.000, 135, 0.002, 0.003
717, 73.3, 35, 2, 34, 612.0, 544, 0.0, 0.0, 68, 35, 4, 81, 0.001, 0, 0.000, 135, 0.002, 0.003
718, 75.2, 35, 2, 34, 612.0, 544, 0.0, 0.0, 68, 35, 4, 81, 0.001, 0, 0.000, 135, 0.002, 0.003
720, 72.4, 35, 2, 34, 612.0, 544, 0.0, 0.0, 68, 35, 4, 81, 0.001, 0, 0.000, 135, 0.002, 0.003
721, 73.3, 35, 2, 34, 612.0, 544, 0.0, 0.0, 68, 35, 4, 81, 0.001, 0, 0.000, 135, 0.002, 0.003
722, 73.5, 35, 2, 34, 612.0, 544, 0.0, 0.0, 68, 35, 4, 81, 0.001, 0, 0.000, 135, 0.002, 0.003
723, 73.4, 35, 2, 34, 612.0, 544, 0.0, 0.0, 68, 35, 4, 81, 0.001, 0, 0.000, 135, 0.002, 0.003
725, 72.3, 35, 2, 34, 612.0, 544, 0.0, 0.0, 68, 35, 4, 81, 0.001, 0, 0.000, 135, 0.002, 0.003
726, 72.9, 35, 2, 34, 612.0, 544, 0.0, 0.0, 68, 35, 4, 81, 0.001, 0, 0.000, 135, 0.002, 0.003
727, 73.9, 35, 2, 34, 612.0, 544, 0.0, 0.0, 68, 35, 4, 81, 0.001, 0, 0.000, 135, 0.002, 0.003
729, 86.7, 35, 2, 34, 1246.0, 1184, 0.0, 0.0, 62, 35, 4, 84, 0.001, 0, 0.000, 135, 0.002, 0.003
730, 88.4, 35, 2, 34, 1246.0, 1184, 0.0, 0.0, 62, 35, 4, 84, 0.001, 0, 0.000, 135, 0.002, 0.003
731, 73.8, 35, 2, 34, 1246.0, 1184, 0.0, 0.0, 62, 35, 4, 84, 0.001, 0, 0.000, 135, 0.002, 0.003
732, 74.4, 35, 2, 34, 1246.0, 1184, 0.0, 0.0, 62, 35, 4, 84, 0.001, 0, 0.000, 135, 0.002, 0.003
734, 73.2, 35, 2, 34, 1246.0, 1184, 0.0, 0.0, 62, 35, 4, 84, 0.001, 0, 0.000, 135, 0.002, 0.003
735, 73.7, 35, 2, 34, 1246.0, 1184, 0.0, 0.0, 62, 35, 4, 84, 0.001, 0, 0.000, 135, 0.002, 0.003
736, 74.3, 35, 2, 34, 1246.0, 1184, 0.0, 0.0, 62, 35, 4, 84, 0.001, 0, 0.000, 135, 0.002, 0.003
737, 75.0, 35, 2, 34, 1246.0, 1184, 0.0, 0.0, 62, 35, 4, 84, 0.001, 0, 0.000, 135, 0.002, 0.003
739, 73.4, 35, 2, 34, 1246.0, 1184, 0.0, 0.0, 62, 35, 4, 84, 0.001, 0, 0.000, 135, 0.002, 0.003
740, 74.3, 35, 2, 34, 1246.0, 1184, 0.0, 0.0, 62, 35, 4, 84, 0.001, 0, 0.000, 135, 0.002, 0.003
741, 75.0, 35, 2, 34, 1246.0, 1184, 0.0, 0.0, 62, 35, 4, 84, 0.001, 0, 0.000, 135, 0.002, 0.003
743, 72.8, 35, 2, 34, 1246.0, 1184, 0.0, 0.0, 62, 35, 4, 84, 0.001, 0, 0.000, 135, 0.002, 0.003
744, 95.5, 36, 2, 35, 1246.0, 1184, 0.0, 0.0, 62, 35, 4, 84, 0.001, 0, 0.000, 135, 0.002, 0.003
745, 175.4, 36, 2, 35, 1160.0, 1098, 0.0, 0.0, 62, 35, 4, 87, 0.001, 0, 0.000, 135, 0.002, 0.003
747, 141.0, 36, 2, 35, 1160.0, 1098, 0.0, 0.0, 62, 35, 4, 87, 0.001, 0, 0.000, 135, 0.002, 0.003
748, 144.3, 36, 2, 35, 1160.0, 1098, 0.0, 0.0, 62, 35, 4, 87, 0.001, 0, 0.000, 135, 0.002, 0.003
749, 145.1, 36, 2, 35, 1160.0, 1098, 0.0, 0.0, 62, 35, 4, 87, 0.001, 0, 0.000, 135, 0.002, 0.003
751, 145.8, 35, 2, 34, 1160.0, 1098, 0.0, 0.0, 62, 35, 4, 87, 0.001, 0, 0.000, 135, 0.002, 0.003
752, 160.8, 35, 2, 34, 1858.0, 1796, 0.0, 0.0, 62, 35, 4, 87, 0.001, 0, 0.000, 138, 0.002, 0.003
753, 179.9, 35, 2, 34, 1100.0, 1036, 0.0, 0.0, 64, 35, 4, 87, 0.001, 0, 0.000, 140, 0.002, 0.003
755, 142.0, 35, 2, 34, 1100.0, 1036, 0.0, 0.0, 64, 35, 4, 87, 0.001, 0, 0.000, 140, 0.002, 0.003
756, 145.5, 35, 2, 34, 1100.0, 1036, 0.0, 0.0, 64, 35, 4, 87, 0.001, 0, 0.000, 140, 0.002, 0.003
757, 145.6, 35, 2, 34, 1100.0, 1036, 0.0, 0.0, 64, 35, 4, 87, 0.001, 0, 0.000, 140, 0.002, 0.003
759, 208.7, 35, 2, 34, 1340.0, 1310, 0.0, 0.0, 30, 35, 4, 90, 0.001, 0, 0.000, 140, 0.002, 0.003
760, 145.4, 35, 2, 34, 1340.0, 1310, 0.0, 0.0, 30, 35, 4, 90, 0.001, 0, 0.000, 140, 0.002, 0.003
761, 144.5, 35, 2, 34, 1340.0, 1310, 0.0, 0.0, 30, 35, 4, 90, 0.001, 0, 0.000, 140, 0.002, 0.003
763, 145.3, 35, 2, 34, 1340.0, 1310, 0.0, 0.0, 30, 35, 4, 90, 0.001, 0, 0.000, 140, 0.002, 0.003
764, 146.3, 35, 2, 34, 1340.0, 1310, 0.0, 0.0, 30, 35, 4, 90, 0.001, 0, 0.000, 140, 0.002, 0.003
765, 181.7, 35, 2, 34, 1516.0, 1452, 0.0, 0.0, 64, 35, 4, 93, 0.001, 0, 0.000, 140, 0.002, 0.003
767, 138.6, 35, 2, 34, 1516.0, 1452, 0.0, 0.0, 64, 35, 4, 93, 0.001, 0, 0.000, 140, 0.002, 0.003
768, 140.3, 35, 2, 34, 1516.0, 1452, 0.0, 0.0, 64, 35, 4, 93, 0.001, 0, 0.000, 140, 0.002, 0.003
769, 142.1, 35, 2, 34, 1516.0, 1452, 0.0, 0.0, 64, 35, 4, 93, 0.001, 0, 0.000, 140, 0.002, 0.003
771, 141.2, 35, 2, 34, 1516.0, 1452, 0.0, 0.0, 64, 35, 4, 93, 0.001, 0, 0.000, 140, 0.002, 0.003
772, 195.7, 35, 2, 34, 1152.0, 1082, 0.0, 0.0, 70, 35, 4, 96, 0.001, 0, 0.000, 140, 0.002, 0.003
773, 145.4, 35, 2, 34, 1152.0, 1082, 0.0, 0.0, 70, 35, 4, 96, 0.001, 0, 0.000, 140, 0.002, 0.003
775, 143.3, 35, 2, 34, 1152.0, 1082, 0.0, 0.0, 70, 35, 4, 96, 0.001, 0, 0.000, 140, 0.002, 0.003
776, 145.7, 35, 2, 34, 1152.0, 1082, 0.0, 0.0, 70, 35, 4, 96, 0.001, 0, 0.000, 140, 0.002, 0.003
777, 145.1, 35, 2, 34, 1152.0, 1082, 0.0, 0.0, 70, 35, 4, 96, 0.001, 0, 0.000, 140, 0.002, 0.003
779, 154.2, 35, 2, 34, 1240.0, 1170, 0.0, 0.0, 70, 35, 4, 99, 0.001, 0, 0.000, 140, 0.002, 0.003
780, 148.5, 35, 2, 34, 1240.0, 1170, 0.0, 0.0, 70, 35, 4, 99, 0.001, 0, 0.000, 140, 0.002, 0.003
781, 141.5, 35, 2, 34, 1240.0, 1170, 0.0, 0.0, 70, 35, 4, 99, 0.001, 0, 0.000, 140, 0.002, 0.003
783, 142.1, 35, 2, 34, 1240.0, 1170, 0.0, 0.0, 70, 35, 4, 99, 0.001, 0, 0.000, 140, 0.002, 0.003
784, 144.1, 35, 2, 34, 1240.0, 1170, 0.0, 0.0, 70, 35, 4, 99, 0.001, 0, 0.000, 140, 0.002, 0.003
785, 144.1, 35, 2, 34, 6604.0, 6534, 0.0, 0.0, 70, 35, 4, 100, 0.001, 0, 0.000, 140, 0.002, 0.003
787, 186.2, 35, 2, 34, 1208.0, 1138, 0.0, 0.0, 70, 35, 4, 102, 0.001, 0, 0.000, 140, 0.002, 0.003
788, 144.6, 35, 2, 34, 1208.0, 1138, 0.0, 0.0, 70, 35, 4, 102, 0.001, 0, 0.000, 140, 0.002, 0.003
789, 145.0, 35, 2, 34, 1208.0, 1138, 0.0, 0.0, 70, 35, 4, 102, 0.001, 0, 0.000, 140, 0.002, 0.003
791, 143.8, 35, 2, 34, 1208.0, 1138, 0.0, 0.0, 70, 35, 4, 102, 0.001, 0, 0.000, 140, 0.002, 0.003
792, 144.4, 35, 2, 34, 1208.0, 1138, 0.0, 0.0, 70, 35, 4, 102, 0.001, 0, 0.000, 140, 0.002, 0.003
793, 190.9, 35, 2, 34, 1486.0, 1416, 0.0, 0.0, 70, 35, 4, 105, 0.001, 0, 0.000, 140, 0.002, 0.003
795, 156.3, 35, 2, 34, 924.0, 854, 0.0, 0.0, 70, 35, 4, 105, 0.001, 0, 0.000, 143, 0.002, 0.003
796, 155.1, 35, 2, 34, 854.0, 788, 0.0, 0.0, 66, 35, 4, 105, 0.001, 0, 0.000, 145, 0.002, 0.003
798, 140.4, 35, 2, 34, 854.0, 788, 0.0, 0.0, 66, 35, 4, 105, 0.001, 0, 0.000, 145, 0.002, 0.003
799, 141.8, 35, 2, 34, 854.0, 788, 0.0, 0.0, 66, 35, 4, 105, 0.001, 0, 0.000, 145, 0.002, 0.003
800, 142.7, 35, 2, 34, 854.0, 788, 0.0, 0.0, 66, 35, 4, 105, 0.001, 0, 0.000, 145, 0.002, 0.003
802, 143.3, 35, 2, 34, 6722.0, 6660, 0.0, 0.0, 62, 35, 4, 106, 0.001, 0, 0.000, 145, 0.002, 0.003
803, 195.5, 35, 2, 34, 1326.0, 1264, 0.0, 0.0, 62, 35, 4, 108, 0.001, 0, 0.000, 145, 0.002, 0.003
804, 144.6, 35, 2, 34, 1326.0, 1264, 0.0, 0.0, 62, 35, 4, 108, 0.001, 0, 0.000, 145, 0.002, 0.003
806, 145.3, 35, 2, 34, 1326.0, 1264, 0.0, 0.0, 62, 35, 4, 108, 0.001, 0, 0.000, 145, 0.002, 0.003
807, 146.6, 35, 2, 34, 1326.0, 1264, 0.0, 0.0, 62, 35, 4, 108, 0.001, 0, 0.000, 145, 0.002, 0.003
808, 145.1, 35, 2, 34, 1326.0, 1264, 0.0, 0.0, 62, 35, 4, 108, 0.001, 0, 0.000, 145, 0.002, 0.003
810, 189.7, 35, 2, 34, 1352.0, 1288, 0.0, 0.0, 64, 35, 4, 111, 0.001, 0, 0.000, 145, 0.002, 0.003
811, 146.6, 35, 2, 34, 1352.0, 1288, 0.0, 0.0, 64, 35, 4, 111, 0.001, 0, 0.000, 145, 0.002, 0.003
812, 145.9, 35, 2, 34, 1352.0, 1288, 0.0, 0.0, 64, 35, 4, 111, 0.001, 0, 0.000, 145, 0.002, 0.003
814, 146.0, 35, 2, 34, 1352.0, 1288, 0.0, 0.0, 64, 35, 4, 111, 0.001, 0, 0.000, 145, 0.002, 0.003
815, 146.1, 35, 2, 34, 1352.0, 1288, 0.0, 0.0, 64, 35, 4, 111, 0.001, 0, 0.000, 145, 0.002, 0.003
816, 149.2, 35, 2, 34, 6974.0, 6910, 0.0, 0.0, 64, 35, 4, 112, 0.001, 0, 0.000, 145, 0.002, 0.003
818, 202.6, 35, 2, 34, 1386.0, 1322, 0.0, 0.0, 64, 35, 4, 114, 0.001, 0, 0.000, 145, 0.002, 0.003
819, 147.6, 35, 2, 34, 1386.0, 1322, 0.0, 0.0, 64, 35, 4, 114, 0.001, 0, 0.000, 145, 0.002, 0.003
820, 147.9, 35, 2, 34, 1386.0, 1322, 0.0, 0.0, 64, 35, 4, 114, 0.001, 0, 0.000, 145, 0.002, 0.003
822, 147.4, 35, 2, 34, 1386.0, 1322, 0.0, 0.0, 64, 35, 4, 114, 0.001, 0, 0.000, 145, 0.002, 0.003
823, 147.8, 35, 2, 34, 1386.0, 1322, 0.0, 0.0, 64, 35, 4, 114, 0.001, 0, 0.000, 145, 0.002, 0.003
824, 169.5, 35, 2, 34, 1392.0, 1328, 0.0, 0.0, 64, 35, 4, 117, 0.001, 0, 0.000, 145, 0.002, 0.003
826, 145.8, 35, 2, 34, 1392.0, 1328, 0.0, 0.0, 64, 35, 4, 117, 0.001, 0, 0.000, 145, 0.002, 0.003
827, 145.7, 35, 2, 34, 1392.0, 1328, 0.0, 0.0, 64, 35, 4, 117, 0.001, 0, 0.000, 145, 0.002, 0.003
829, 147.2, 35, 2, 34, 1392.0, 1328, 0.0, 0.0, 64, 35, 4, 117, 0.001, 0, 0.000, 145, 0.002, 0.003
830, 146.4, 35, 2, 34, 1392.0, 1328, 0.0, 0.0, 64, 35, 4, 117, 0.001, 0, 0.000, 145, 0.002, 0.003
831, 147.8, 35, 2, 34, 6706.0, 6640, 0.0, 0.0, 66, 35, 4, 118, 0.001, 0, 0.000, 145, 0.002, 0.003
833, 187.5, 35, 2, 34, 1442.0, 1376, 0.0, 0.0, 66, 35, 4, 120, 0.001, 0, 0.000, 145, 0.002, 0.003
834, 148.2, 35, 2, 34, 1442.0, 1376, 0.0, 0.0, 66, 35, 4, 120, 0.001, 0, 0.000, 145, 0.002, 0.003
835, 148.4, 35, 2, 34, 1442.0, 1376, 0.0, 0.0, 66, 35, 4, 120, 0.001, 0, 0.000, 145, 0.002, 0.003
837, 148.0, 35, 2, 34, 1442.0, 1376, 0.0, 0.0, 66, 35, 4, 120, 0.001, 0, 0.000, 145, 0.002, 0.003
838, 220.3, 35, 2, 34, 868.0, 802, 0.0, 0.0, 66, 35, 4, 120, 0.001, 0, 0.000, 150, 0.002, 0.003
839, 148.3, 35, 2, 34, 868.0, 802, 0.0, 0.0, 66, 35, 4, 120, 0.001, 0, 0.000, 150, 0.002, 0.003
841, 147.4, 35, 2, 34, 868.0, 802, 0.0, 0.0, 66, 35, 4, 120, 0.001, 0, 0.000, 150, 0.002, 0.003
842, 147.6, 35, 2, 34, 868.0, 802, 0.0, 0.0, 66, 35, 4, 120, 0.001, 0, 0.000, 150, 0.002, 0.003
843, 146.3, 35, 2, 34, 868.0, 802, 0.0, 0.0, 66, 35, 4, 120, 0.001, 0, 0.000, 150, 0.002, 0.003
845, 148.1, 35, 2, 34, 6978.0, 6918, 0.0, 0.0, 60, 35, 4, 121, 0.001, 0, 0.000, 150, 0.002, 0.003
846, 180.2, 35, 2, 34, 1450.0, 1390, 0.0, 0.0, 60, 35, 4, 123, 0.001, 0, 0.000, 150, 0.002, 0.003
847, 147.2, 35, 2, 34, 1450.0, 1390, 0.0, 0.0, 60, 35, 4, 123, 0.001, 0, 0.000, 150, 0.002, 0.003
849, 148.2, 35, 2, 34, 1450.0, 1390, 0.0, 0.0, 60, 35, 4, 123, 0.001, 0, 0.000, 150, 0.002, 0.003
850, 148.9, 35, 2, 34, 1450.0, 1390, 0.0, 0.0, 60, 35, 4, 123, 0.001, 0, 0.000, 150, 0.002, 0.003
851, 150.3, 35, 2, 34, 1450.0, 1390, 0.0, 0.0, 60, 35, 4, 123, 0.001, 0, 0.000, 150, 0.002, 0.003
853, 209.4, 35, 2, 34, 1522.0, 1460, 0.0, 0.0, 62, 35, 4, 126, 0.002, 0, 0.000, 150, 0.002, 0.003
854, 149.0, 35, 2, 34, 1522.0, 1460, 0.0, 0.0, 62, 35, 4, 126, 0.002, 0, 0.000, 150, 0.002, 0.003
856, 148.0, 35, 2, 34, 1522.0, 1460, 0.0, 0.0, 62, 35, 4, 126, 0.002, 0, 0.000, 150, 0.002, 0.003
857, 148.1, 35, 2, 34, 1522.0, 1460, 0.0, 0.0, 62, 35, 4, 126, 0.002, 0, 0.000, 150, 0.002, 0.003
858, 149.5, 35, 2, 34, 1522.0, 1460, 0.0, 0.0, 62, 35, 4, 126, 0.002, 0, 0.000, 150, 0.002, 0.003
860, 153.3, 35, 2, 34, 1582.0, 1518, 0.0, 0.0, 64, 35, 4, 129, 0.002, 0, 0.000, 150, 0.002, 0.003
861, 163.0, 35, 2, 34, 1582.0, 1518, 0.0, 0.0, 64, 35, 4, 129, 0.002, 0, 0.000, 150, 0.002, 0.003
862, 146.7, 35, 2, 34, 1582.0, 1518, 0.0, 0.0, 64, 35, 4, 129, 0.002, 0, 0.000, 150, 0.002, 0.003
864, 148.0, 35, 2, 34, 1582.0, 1518, 0.0, 0.0, 64, 35, 4, 129, 0.002, 0, 0.000, 150, 0.002, 0.003
865, 149.3, 35, 2, 34, 1582.0, 1518, 0.0, 0.0, 64, 35, 4, 129, 0.002, 0, 0.000, 150, 0.002, 0.003
866, 149.3, 35, 2, 34, 6718.0, 6652, 0.0, 0.0, 66, 35, 4, 130, 0.002, 0, 0.000, 150, 0.002, 0.003
868, 204.8, 35, 2, 34, 1454.0, 1388, 0.0, 0.0, 66, 35, 4, 132, 0.002, 0, 0.000, 150, 0.002, 0.003
869, 149.6, 35, 2, 34, 1454.0, 1388, 0.0, 0.0, 66, 35, 4, 132, 0.002, 0, 0.000, 150, 0.002, 0.003
870, 148.2, 35, 2, 34, 1454.0, 1388, 0.0, 0.0, 66, 35, 4, 132, 0.002, 0, 0.000, 150, 0.002, 0.003
872, 149.7, 35, 2, 34, 1454.0, 1388, 0.0, 0.0, 66, 35, 4, 132, 0.002, 0, 0.000, 150, 0.002, 0.003
873, 148.9, 35, 2, 34, 1454.0, 1388, 0.0, 0.0, 66, 35, 4, 132, 0.002, 0, 0.000, 150, 0.002, 0.003
874, 207.3, 35, 2, 34, 1522.0, 1452, 0.0, 0.0, 70, 35, 4, 135, 0.002, 0, 0.000, 150, 0.002, 0.003
876, 147.9, 35, 2, 34, 1522.0, 1452, 0.0, 0.0, 70, 35, 4, 135, 0.002, 0, 0.000, 150, 0.002, 0.003
877, 149.3, 35, 2, 34, 1522.0, 1452, 0.0, 0.0, 70, 35, 4, 135, 0.002, 0, 0.000, 150, 0.002, 0.003
878, 149.3, 35, 2, 34, 1522.0, 1452, 0.0, 0.0, 70, 35, 4, 135, 0.002, 0, 0.000, 150, 0.002, 0.003
880, 150.0, 35, 2, 34, 5690.0, 5618, 0.0, 0.0, 72, 35, 4, 135, 0.002, 0, 0.000, 151, 0.002, 0.003
881, 201.4, 35, 2, 34, 998.0, 926, 0.0, 0.0, 72, 35, 4, 135, 0.002, 0, 0.000, 155, 0.002, 0.003
883, 148.1, 35, 2, 34, 998.0, 926, 0.0, 0.0, 72, 35, 4, 135, 0.002, 0, 0.000, 155, 0.002, 0.003
884, 149.3, 35, 2, 34, 998.0, 926, 0.0, 0.0, 72, 35, 4, 135, 0.002, 0, 0.000, 155, 0.002, 0.003
885, 150.3, 35, 2, 34, 998.0, 926, 0.0, 0.0, 72, 35, 4, 135, 0.002, 0, 0.000, 155, 0.002, 0.003
887, 150.1, 35, 2, 34, 6650.0, 6586, 0.0, 0.0, 64, 35, 4, 136, 0.002, 0, 0.000, 155, 0.002, 0.003
888, 204.0, 35, 2, 34, 1504.0, 1440, 0.0, 0.0, 64, 35, 4, 138, 0.002, 0, 0.000, 155, 0.002, 0.004
889, 149.7, 35, 2, 34, 1504.0, 1440, 0.0, 0.0, 64, 35, 4, 138, 0.002, 0, 0.000, 155, 0.002, 0.004
891, 149.7, 35, 2, 34, 1504.0, 1440, 0.0, 0.0, 64, 35, 4, 138, 0.002, 0, 0.000, 155, 0.002, 0.004
892, 149.7, 35, 2, 34, 1504.0, 1440, 0.0, 0.0, 64, 35, 4, 138, 0.002, 0, 0.000, 155, 0.002, 0.004
893, 149.8, 35, 2, 34, 1504.0, 1440, 0.0, 0.0, 64, 35, 4, 138, 0.002, 0, 0.000, 155, 0.002, 0.004
895, 211.6, 35, 2, 34, 1518.0, 1452, 0.0, 0.0, 66, 35, 4, 141, 0.002, 0, 0.000, 155, 0.002, 0.004
896, 150.3, 35, 2, 34, 1518.0, 1452, 0.0, 0.0, 66, 35, 4, 141, 0.002, 0, 0.000, 155, 0.002, 0.004
897, 151.1, 35, 2, 34, 1518.0, 1452, 0.0, 0.0, 66, 35, 4, 141, 0.002, 0, 0.000, 155, 0.002, 0.004
899, 151.7, 35, 2, 34, 1518.0, 1452, 0.0, 0.0, 66, 35, 4, 141, 0.002, 0, 0.000, 155, 0.002, 0.004
900, 153.1, 35, 2, 34, 1518.0, 1452, 0.0, 0.0, 66, 35, 4, 141, 0.002, 0, 0.000, 155, 0.002, 0.004
901, 151.3, 35, 2, 34, 6976.0, 6908, 0.0, 0.0, 68, 35, 4, 142, 0.002, 0, 0.000, 155, 0.002, 0.004
903, 184.3, 35, 2, 34, 1662.0, 1594, 0.0, 0.0, 68, 35, 4, 144, 0.002, 0, 0.000, 155, 0.002, 0.004
904, 149.9, 35, 2, 34, 1662.0, 1594, 0.0, 0.0, 68, 35, 4, 144, 0.002, 0, 0.000, 155, 0.002, 0.004
906, 149.7, 35, 2, 34, 1662.0, 1594, 0.0, 0.0, 68, 35, 4, 144, 0.002, 0, 0.000, 155, 0.002, 0.004
907, 150.5, 35, 2, 34, 1662.0, 1594, 0.0, 0.0, 68, 35, 4, 144, 0.002, 0, 0.000, 155, 0.002, 0.004
908, 151.8, 35, 2, 34, 1662.0, 1594, 0.0, 0.0, 68, 35, 4, 144, 0.002, 0, 0.000, 155, 0.002, 0.004
910, 211.9, 35, 2, 34, 1528.0, 1458, 0.0, 0.0, 70, 35, 4, 147, 0.002, 0, 0.000, 155, 0.002, 0.004
911, 151.3, 35, 2, 34, 1528.0, 1458, 0.0, 0.0, 70, 35, 4, 147, 0.002, 0, 0.000, 155, 0.002, 0.004
912, 150.4, 35, 2, 34, 1528.0, 1458, 0.0, 0.0, 70, 35, 4, 147, 0.002, 0, 0.000, 155, 0.002, 0.004
914, 150.7, 35, 2, 34, 1528.0, 1458, 0.0, 0.0, 70, 35, 4, 147, 0.002, 0, 0.000, 155, 0.002, 0.004
915, 150.9, 35, 2, 34, 1528.0, 1458, 0.0, 0.0, 70, 35, 4, 147, 0.002, 0, 0.000, 155, 0.002, 0.004
916, 181.4, 35, 2, 34, 1628.0, 1558, 0.0, 0.0, 70, 35, 4, 150, 0.002, 0, 0.000, 155, 0.002, 0.004
918, 148.9, 35, 2, 34, 1628.0, 1558, 0.0, 0.0, 70, 35, 4, 150, 0.002, 0, 0.000, 155, 0.002, 0.004
919, 148.9, 35, 2, 34, 1628.0, 1558, 0.0, 0.0, 70, 35, 4, 150, 0.002, 0, 0.000, 155, 0.002, 0.004
921, 150.2, 35, 2, 34, 1628.0, 1558, 0.0, 0.0, 70, 35, 4, 150, 0.002, 0, 0.000, 155, 0.002, 0.004
922, 151.4, 35, 2, 34, 1628.0, 1558, 0.0, 0.0, 70, 35, 4, 150, 0.002, 0, 0.000, 155, 0.002, 0.004
923, 151.0, 35, 2, 34, 6882.0, 6810, 0.0, 0.0, 72, 35, 4, 151, 0.002, 0, 0.000, 155, 0.002, 0.004
925, 196.9, 35, 2, 34, 1510.0, 1438, 0.0, 0.0, 72, 35, 4, 153, 0.002, 0, 0.000, 155, 0.002, 0.004
926, 230.2, 35, 2, 34, 942.0, 858, 0.0, 0.0, 84, 35, 4, 153, 0.002, 0, 0.000, 160, 0.002, 0.004
927, 149.2, 35, 2, 34, 942.0, 858, 0.0, 0.0, 84, 35, 4, 153, 0.002, 0, 0.000, 160, 0.002, 0.004
929, 149.3, 35, 2, 34, 942.0, 858, 0.0, 0.0, 84, 35, 4, 153, 0.002, 0, 0.000, 160, 0.002, 0.004
930, 150.1, 35, 2, 34, 942.0, 858, 0.0, 0.0, 84, 35, 4, 153, 0.002, 0, 0.000, 160, 0.002, 0.004
931, 150.1, 35, 2, 34, 942.0, 858, 0.0, 0.0, 84, 35, 4, 153, 0.002, 0, 0.000, 160, 0.002, 0.004
933, 172.8, 35, 2, 34, 1564.0, 1496, 0.0, 0.0, 68, 35, 4, 156, 0.002, 0, 0.000, 160, 0.002, 0.004
934, 148.3, 35, 2, 34, 1564.0, 1496, 0.0, 0.0, 68, 35, 4, 156, 0.002, 0, 0.000, 160, 0.002, 0.004
936, 148.7, 35, 2, 34, 1564.0, 1496, 0.0, 0.0, 68, 35, 4, 156, 0.002, 0, 0.000, 160, 0.002, 0.004
937, 148.8, 35, 2, 34, 1564.0, 1496, 0.0, 0.0, 68, 35, 4, 156, 0.002, 0, 0.000, 160, 0.002, 0.004
938, 148.4, 35, 2, 34, 1564.0, 1496, 0.0, 0.0, 68, 35, 4, 156, 0.002, 0, 0.000, 160, 0.002, 0.004
940, 149.8, 35, 2, 34, 6826.0, 6754, 0.0, 0.0, 72, 35, 4, 157, 0.002, 0, 0.000, 160, 0.002, 0.004
941, 203.1, 35, 2, 34, 1498.0, 1426, 0.0, 0.0, 72, 35, 4, 159, 0.002, 0, 0.000, 160, 0.002, 0.004
942, 149.5, 35, 2, 34, 1498.0, 1426, 0.0, 0.0, 72, 35, 4, 159, 0.002, 0, 0.000, 160, 0.002, 0.004
944, 150.2, 35, 2, 34, 1498.0, 1426, 0.0, 0.0, 72, 35, 4, 159, 0.002, 0, 0.000, 160, 0.002, 0.004
945, 151.6, 35, 2, 34, 1498.0, 1426, 0.0, 0.0, 72, 35, 4, 159, 0.002, 0, 0.000, 160, 0.002, 0.004
946, 151.0, 35, 2, 34, 1498.0, 1426, 0.0, 0.0, 72, 35, 4, 159, 0.002, 0, 0.000, 160, 0.002, 0.004
948, 206.5, 35, 2, 34, 1476.0, 1404, 0.0, 0.0, 72, 35, 4, 162, 0.002, 0, 0.000, 160, 0.002, 0.004
949, 150.9, 35, 2, 34, 1476.0, 1404, 0.0, 0.0, 72, 35, 4, 162, 0.002, 0, 0.000, 160, 0.002, 0.004
950, 150.6, 35, 2, 34, 1476.0, 1404, 0.0, 0.0, 72, 35, 4, 162, 0.002, 0, 0.000, 160, 0.002, 0.004
952, 151.8, 35, 2, 34, 1476.0, 1404, 0.0, 0.0, 72, 35, 4, 162, 0.002, 0, 0.000, 160, 0.002, 0.004
953, 150.7, 35, 2, 34, 1476.0, 1404, 0.0, 0.0, 72, 35, 4, 162, 0.002, 0, 0.000, 160, 0.002, 0.004
954, 150.6, 35, 2, 34, 7008.0, 6934, 0.0, 0.0, 74, 35, 4, 163, 0.002, 0, 0.000, 160, 0.002, 0.004
956, 199.3, 35, 2, 34, 1578.0, 1504, 0.0, 0.0, 74, 35, 4, 165, 0.002, 0, 0.000, 160, 0.002, 0.004
957, 150.9, 35, 2, 34, 1578.0, 1504, 0.0, 0.0, 74, 35, 4, 165, 0.002, 0, 0.000, 160, 0.002, 0.004
958, 152.0, 35, 2, 34, 1578.0, 1504, 0.0, 0.0, 74, 35, 4, 165, 0.002, 0, 0.000, 160, 0.002, 0.004
960, 150.5, 35, 2, 34, 1578.0, 1504, 0.0, 0.0, 74, 35, 4, 165, 0.002, 0, 0.000, 160, 0.002, 0.004
961, 151.0, 35, 2, 34, 1578.0, 1504, 0.0, 0.0, 74, 35, 4, 165, 0.002, 0, 0.000, 160, 0.002, 0.004
962, 180.4, 35, 2, 34, 1494.0, 1420, 0.0, 0.0, 74, 35, 4, 168, 0.002, 0, 0.000, 160, 0.002, 0.004
964, 150.2, 35, 2, 34, 1494.0, 1420, 0.0, 0.0, 74, 35, 4, 168, 0.002, 0, 0.000, 160, 0.002, 0.004
965, 150.7, 35, 2, 34, 1494.0, 1420, 0.0, 0.0, 74, 35, 4, 168, 0.002, 0, 0.000, 160, 0.002, 0.004
967, 151.5, 35, 2, 34, 1494.0, 1420, 0.0, 0.0, 74, 35, 4, 168, 0.002, 0, 0.000, 160, 0.002, 0.004
968, 151.7, 35, 2, 34, 5494.0, 5420, 0.0, 0.0, 74, 35, 4, 168, 0.002, 0, 0.000, 161, 0.002, 0.004
969, 203.1, 35, 2, 34, 1026.0, 952, 0.0, 0.0, 74, 35, 4, 168, 0.002, 0, 0.000, 165, 0.002, 0.004
971, 150.3, 35, 2, 34, 1026.0, 952, 0.0, 0.0, 74, 35, 4, 168, 0.002, 0, 0.000, 165, 0.002, 0.004
972, 150.3, 35, 2, 34, 1026.0, 952, 0.0, 0.0, 74, 35, 4, 168, 0.002, 0, 0.000, 165, 0.002, 0.004
973, 150.9, 35, 2, 34, 1026.0, 952, 0.0, 0.0, 74, 35, 4, 168, 0.002, 0, 0.000, 165, 0.002, 0.004
975, 149.9, 35, 2, 34, 6726.0, 6664, 0.0, 0.0, 62, 35, 4, 169, 0.002, 0, 0.000, 165, 0.002, 0.004
976, 207.4, 35, 2, 34, 1580.0, 1518, 0.0, 0.0, 62, 35, 4, 171, 0.002, 0, 0.000, 165, 0.002, 0.004
977, 151.3, 35, 2, 34, 1580.0, 1518, 0.0, 0.0, 62, 35, 4, 171, 0.002, 0, 0.000, 165, 0.002, 0.004
979, 150.1, 35, 2, 34, 1580.0, 1518, 0.0, 0.0, 62, 35, 4, 171, 0.002, 0, 0.000, 165, 0.002, 0.004
980, 143.7, 35, 2, 34, 1580.0, 1518, 0.0, 0.0, 62, 35, 4, 171, 0.002, 0, 0.000, 165, 0.002, 0.004
982, 140.1, 35, 2, 34, 1580.0, 1518, 0.0, 0.0, 62, 35, 4, 171, 0.002, 0, 0.000, 165, 0.002, 0.004
983, 186.2, 35, 2, 34, 1450.0, 1384, 0.0, 0.0, 66, 35, 4, 174, 0.002, 0, 0.000, 165, 0.002, 0.004
984, 140.6, 35, 2, 34, 1450.0, 1384, 0.0, 0.0, 66, 35, 4, 174, 0.002, 0, 0.000, 165, 0.002, 0.004
986, 142.3, 35, 2, 34, 1450.0, 1384, 0.0, 0.0, 66, 35, 4, 174, 0.002, 0, 0.000, 165, 0.002, 0.004
987, 144.7, 35, 2, 34, 1450.0, 1384, 0.0, 0.0, 66, 35, 4, 174, 0.002, 0, 0.000, 165, 0.002, 0.004
988, 143.2, 35, 2, 34, 1450.0, 1384, 0.0, 0.0, 66, 35, 4, 174, 0.002, 0, 0.000, 165, 0.002, 0.004
990, 144.2, 35, 2, 34, 6876.0, 6808, 0.0, 0.0, 68, 35, 4, 175, 0.002, 0, 0.000, 165, 0.002, 0.004
991, 178.5, 35, 2, 34, 1288.0, 1220, 0.0, 0.0, 68, 35, 4, 177, 0.002, 0, 0.000, 165, 0.002, 0.004
992, 143.8, 35, 2, 34, 1288.0, 1220, 0.0, 0.0, 68, 35, 4, 177, 0.002, 0, 0.000, 165, 0.002, 0.004
994, 144.5, 35, 2, 34, 1288.0, 1220, 0.0, 0.0, 68, 35, 4, 177, 0.002, 0, 0.000, 165, 0.002, 0.004
995, 147.1, 35, 2, 34, 1288.0, 1220, 0.0, 0.0, 68, 35, 4, 177, 0.002, 0, 0.000, 165, 0.002, 0.004
996, 145.8, 35, 2, 34, 1288.0, 1220, 0.0, 0.0, 68, 35, 4, 177, 0.002, 0, 0.000, 165, 0.002, 0.004
998, 200.2, 35, 2, 34, 1300.0, 1226, 0.0, 0.0, 74, 35, 4, 180, 0.002, 0, 0.000, 165, 0.002, 0.004
999, 147.2, 35, 2, 34, 1300.0, 1226, 0.0, 0.0, 74, 35, 4, 180, 0.002, 0, 0.000, 165, 0.002, 0.004
1000, 145.8, 35, 2, 34, 1300.0, 1226, 0.0, 0.0, 74, 35, 4, 180, 0.002, 0, 0.000, 165, 0.002, 0.004
1002, 146.1, 35, 2, 34, 1300.0, 1226, 0.0, 0.0, 74, 35, 4, 180, 0.002, 0, 0.000, 165, 0.002, 0.004
1003, 147.7, 35, 2, 34, 1300.0, 1226, 0.0, 0.0, 74, 35, 4, 180, 0.002, 0, 0.000, 165, 0.002, 0.004
1004, 146.7, 35, 2, 34, 1300.0, 1226, 0.0, 0.0, 74, 35, 4, 181, 0.002, 0, 0.000, 165, 0.002, 0.004
1006, 199.8, 35, 2, 34, 1408.0, 1332, 0.0, 0.0, 76, 35, 4, 183, 0.002, 0, 0.000, 165, 0.002, 0.004
1007, 217.5, 35, 2, 34, 762.0, 684, 0.0, 0.0, 78, 35, 4, 183, 0.002, 0, 0.000, 170, 0.002, 0.004
1008, 145.4, 35, 2, 34, 762.0, 684, 0.0, 0.0, 78, 35, 4, 183, 0.002, 0, 0.000, 170, 0.002, 0.004
1010, 147.0, 35, 2, 34, 762.0, 684, 0.0, 0.0, 78, 35, 4, 183, 0.002, 0, 0.000, 170, 0.002, 0.004
1011, 147.7, 35, 2, 34, 762.0, 684, 0.0, 0.0, 78, 35, 4, 183, 0.002, 0, 0.000, 170, 0.002, 0.004
1012, 145.4, 35, 2, 34, 762.0, 684, 0.0, 0.0, 78, 35, 4, 183, 0.002, 0, 0.000, 170, 0.002, 0.004
1014, 147.9, 35, 2, 34, 762.0, 684, 0.0, 0.0, 78, 35, 4, 183, 0.002, 0, 0.000, 170, 0.002, 0.004
1015, 199.3, 35, 2, 34, 1580.0, 1518, 0.0, 0.0, 62, 35, 4, 186, 0.002, 0, 0.000, 170, 0.002, 0.004
1016, 146.2, 35, 2, 34, 1580.0, 1518, 0.0, 0.0, 62, 35, 4, 186, 0.002, 0, 0.000, 170, 0.002, 0.004
1018, 147.2, 35, 2, 34, 1580.0, 1518, 0.0, 0.0, 62, 35, 4, 186, 0.002, 0, 0.000, 170, 0.002, 0.004
1019, 147.8, 35, 2, 34, 1580.0, 1518, 0.0, 0.0, 62, 35, 4, 186, 0.002, 0, 0.000, 170, 0.002, 0.004
1020, 147.2, 35, 2, 34, 1580.0, 1518, 0.0, 0.0, 62, 35, 4, 186, 0.002, 0, 0.000, 170, 0.002, 0.004
1022, 154.6, 35, 2, 34, 1408.0, 1342, 0.0, 0.0, 66, 35, 4, 189, 0.002, 0, 0.000, 170, 0.002, 0.004
1023, 156.5, 35, 2, 34, 1408.0, 1342, 0.0, 0.0, 66, 35, 4, 189, 0.002, 0, 0.000, 170, 0.002, 0.004
1024, 145.4, 35, 2, 34, 1408.0, 1342, 0.0, 0.0, 66, 35, 4, 189, 0.002, 0, 0.000, 170, 0.002, 0.004
1026, 147.0, 35, 2, 34, 1408.0, 1342, 0.0, 0.0, 66, 35, 4, 189, 0.002, 0, 0.000, 170, 0.002, 0.004
1027, 148.6, 35, 2, 34, 1408.0, 1342, 0.0, 0.0, 66, 35, 4, 189, 0.002, 0, 0.000, 170, 0.002, 0.004
1028, 147.2, 35, 2, 34, 1408.0, 1342, 0.0, 0.0, 66, 35, 4, 189, 0.002, 0, 0.000, 170, 0.002, 0.004
1030, 200.1, 35, 2, 34, 1250.0, 1184, 0.0, 0.0, 66, 35, 4, 192, 0.002, 0, 0.000, 170, 0.002, 0.004
1031, 147.6, 35, 2, 34, 1250.0, 1184, 0.0, 0.0, 66, 35, 4, 192, 0.002, 0, 0.000, 170, 0.002, 0.004
1032, 147.2, 35, 2, 34, 1250.0, 1184, 0.0, 0.0, 66, 35, 4, 192, 0.002, 0, 0.000, 170, 0.002, 0.004
1034, 147.6, 35, 2, 34, 1250.0, 1184, 0.0, 0.0, 66, 35, 4, 192, 0.002, 0, 0.000, 170, 0.002, 0.004
1035, 148.2, 35, 2, 34, 1250.0, 1184, 0.0, 0.0, 66, 35, 4, 192, 0.002, 0, 0.000, 170, 0.002, 0.004
1036, 158.0, 35, 2, 34, 1374.0, 1308, 0.0, 0.0, 66, 35, 4, 195, 0.002, 0, 0.000, 170, 0.002, 0.004
1038, 144.3, 35, 2, 34, 1374.0, 1308, 0.0, 0.0, 66, 35, 4, 195, 0.002, 0, 0.000, 170, 0.002, 0.004
1039, 145.8, 35, 2, 34, 1374.0, 1308, 0.0, 0.0, 66, 35, 4, 195, 0.002, 0, 0.000, 170, 0.002, 0.004
1040, 147.3, 35, 2, 34, 1374.0, 1308, 0.0, 0.0, 66, 35, 4, 195, 0.002, 0, 0.000, 170, 0.002, 0.004
1042, 146.9, 35, 2, 34, 1374.0, 1308, 0.0, 0.0, 66, 35, 4, 195, 0.002, 0, 0.000, 170, 0.002, 0.004
1043, 147.8, 35, 2, 34, 1374.0, 1308, 0.0, 0.0, 66, 35, 4, 195, 0.002, 0, 0.000, 170, 0.002, 0.004
1044, 202.6, 35, 2, 34, 1512.0, 1446, 0.0, 0.0, 66, 35, 4, 198, 0.002, 0, 0.000, 170, 0.002, 0.004
1046, 147.8, 35, 2, 34, 1512.0, 1446, 0.0, 0.0, 66, 35, 4, 198, 0.002, 0, 0.000, 170, 0.002, 0.004
1047, 149.6, 35, 2, 34, 1512.0, 1446, 0.0, 0.0, 66, 35, 4, 198, 0.002, 0, 0.000, 170, 0.002, 0.004
1048, 173.2, 35, 2, 34, 1204.0, 1138, 0.0, 0.0, 66, 35, 4, 198, 0.002, 0, 0.000, 173, 0.002, 0.005
1050, 158.9, 35, 2, 34, 912.0, 846, 0.0, 0.0, 66, 35, 4, 198, 0.002, 0, 0.000, 175, 0.002, 0.005
1051, 145.6, 35, 2, 34, 912.0, 846, 0.0, 0.0, 66, 35, 4, 198, 0.002, 0, 0.000, 175, 0.002, 0.005
1053, 147.6, 35, 2, 34, 912.0, 846, 0.0, 0.0, 66, 35, 4, 198, 0.002, 0, 0.000, 175, 0.002, 0.005
1054, 148.8, 35, 2, 34, 912.0, 846, 0.0, 0.0, 66, 35, 4, 198, 0.002, 0, 0.000, 175, 0.002, 0.005
1055, 145.2, 35, 2, 34, 6730.0, 6660, 0.0, 0.0, 70, 35, 4, 199, 0.002, 0, 0.000, 175, 0.002, 0.005
1057, 182.8, 35, 2, 34, 1576.0, 1506, 0.0, 0.0, 70, 35, 4, 201, 0.002, 0, 0.000, 175, 0.002, 0.005
1058, 146.9, 35, 2, 34, 1576.0, 1506, 0.0, 0.0, 70, 35, 4, 201, 0.002, 0, 0.000, 175, 0.002, 0.005
1059, 147.6, 35, 2, 34, 1576.0, 1506, 0.0, 0.0, 70, 35, 4, 201, 0.002, 0, 0.000, 175, 0.002, 0.005
1061, 148.3, 35, 2, 34, 1576.0, 1506, 0.0, 0.0, 70, 35, 4, 201, 0.002, 0, 0.000, 175, 0.002, 0.005
1062, 149.0, 35, 2, 34, 1576.0, 1506, 0.0, 0.0, 70, 35, 4, 201, 0.002, 0, 0.000, 175, 0.002, 0.005
1063, 206.9, 35, 2, 34, 1308.0, 1236, 0.0, 0.0, 72, 35, 4, 204, 0.003, 0, 0.000, 175, 0.002, 0.005
1065, 148.4, 35, 2, 34, 1308.0, 1236, 0.0, 0.0, 72, 35, 4, 204, 0.003, 0, 0.000, 175, 0.002, 0.005
1066, 149.7, 35, 2, 34, 1308.0, 1236, 0.0, 0.0, 72, 35, 4, 204, 0.003, 0, 0.000, 175, 0.002, 0.005
1067, 148.2, 35, 2, 34, 1308.0, 1236, 0.0, 0.0, 72, 35, 4, 204, 0.003, 0, 0.000, 175, 0.002, 0.005
1069, 148.5, 35, 2, 34, 1308.0, 1236, 0.0, 0.0, 72, 35, 4, 204, 0.003, 0, 0.000, 175, 0.002, 0.005
1070, 149.2, 35, 2, 34, 6964.0, 6888, 0.0, 0.0, 76, 35, 4, 205, 0.003, 0, 0.000, 175, 0.002, 0.005
1071, 183.9, 35, 2, 34, 1584.0, 1508, 0.0, 0.0, 76, 35, 4, 207, 0.003, 0, 0.000, 175, 0.002, 0.005
1073, 148.5, 35, 2, 34, 1584.0, 1508, 0.0, 0.0, 76, 35, 4, 207, 0.003, 0, 0.000, 175, 0.002, 0.005
1074, 148.9, 35, 2, 34, 1584.0, 1508, 0.0, 0.0, 76, 35, 4, 207, 0.003, 0, 0.000, 175, 0.002, 0.005
1075, 148.2, 35, 2, 34, 1584.0, 1508, 0.0, 0.0, 76, 35, 4, 207, 0.003, 0, 0.000, 175, 0.002, 0.005
1077, 147.4, 35, 2, 34, 1584.0, 1508, 0.0, 0.0, 76, 35, 4, 207, 0.003, 0, 0.000, 175, 0.002, 0.005
1078, 203.8, 35, 2, 34, 1536.0, 1458, 0.0, 0.0, 78, 35, 4, 210, 0.003, 0, 0.000, 175, 0.002, 0.005
1079, 149.7, 35, 2, 34, 1536.0, 1458, 0.0, 0.0, 78, 35, 4, 210, 0.003, 0, 0.000, 175, 0.002, 0.005
1081, 148.6, 35, 2, 34, 1536.0, 1458, 0.0, 0.0, 78, 35, 4, 210, 0.003, 0, 0.000, 175, 0.002, 0.005
1082, 148.7, 35, 2, 34, 1536.0, 1458, 0.0, 0.0, 78, 35, 4, 210, 0.003, 0, 0.000, 175, 0.002, 0.005
1083, 149.9, 35, 2, 34, 1536.0, 1458, 0.0, 0.0, 78, 35, 4, 210, 0.003, 0, 0.000, 175, 0.002, 0.005
1085, 165.0, 35, 2, 34, 1392.0, 1314, 0.0, 0.0, 78, 35, 4, 213, 0.003, 0, 0.000, 175, 0.002, 0.005
1086, 150.8, 35, 2, 34, 1392.0, 1314, 0.0, 0.0, 78, 35, 4, 213, 0.003, 0, 0.000, 175, 0.002, 0.005
1088, 147.2, 35, 2, 34, 1392.0, 1314, 0.0, 0.0, 78, 35, 4, 213, 0.003, 0, 0.000, 175, 0.002, 0.005
1089, 148.7, 35, 2, 34, 1392.0, 1314, 0.0, 0.0, 78, 35, 4, 213, 0.003, 0, 0.000, 175, 0.002, 0.005
1090, 147.7, 35, 2, 34, 1392.0, 1314, 0.0, 0.0, 78, 35, 4, 213, 0.003, 0, 0.000, 175, 0.002, 0.005
1092, 148.2, 35, 2, 34, 6566.0, 6486, 0.0, 0.0, 80, 35, 4, 214, 0.003, 0, 0.000, 175, 0.002, 0.005
1093, 177.3, 35, 2, 34, 1408.0, 1328, 0.0, 0.0, 80, 35, 4, 216, 0.003, 0, 0.000, 175, 0.002, 0.005
1094, 146.7, 35, 2, 34, 1408.0, 1328, 0.0, 0.0, 80, 35, 4, 216, 0.003, 0, 0.000, 175, 0.002, 0.005
1096, 148.7, 35, 2, 34, 4034.0, 3954, 0.0, 0.0, 80, 35, 4, 216, 0.003, 0, 0.000, 176, 0.002, 0.005
1097, 202.7, 35, 2, 34, 956.0, 872, 0.0, 0.0, 84, 35, 4, 216, 0.003, 0, 0.000, 180, 0.002, 0.005
1098, 150.7, 35, 2, 34, 956.0, 872, 0.0, 0.0, 84, 35, 4, 216, 0.003, 0, 0.000, 180, 0.002, 0.005
1100, 148.5, 35, 2, 34, 956.0, 872, 0.0, 0.0, 84, 35, 4, 216, 0.003, 0, 0.000, 180, 0.002, 0.005
1101, 149.0, 35, 2, 34, 956.0, 872, 0.0, 0.0, 84, 35, 4, 216, 0.003, 0, 0.000, 180, 0.002, 0.005
1102, 148.8, 35, 2, 34, 956.0, 872, 0.0, 0.0, 84, 35, 4, 216, 0.003, 0, 0.000, 180, 0.002, 0.005
1104, 208.6, 35, 2, 34, 1480.0, 1406, 0.0, 0.0, 74, 35, 4, 219, 0.003, 0, 0.000, 180, 0.002, 0.005
1105, 150.3, 35, 2, 34, 1480.0, 1406, 0.0, 0.0, 74, 35, 4, 219, 0.003, 0, 0.000, 180, 0.002, 0.005
1107, 150.4, 35, 2, 34, 1480.0, 1406, 0.0, 0.0, 74, 35, 4, 219, 0.003, 0, 0.000, 180, 0.002, 0.005
1108, 150.2, 35, 2, 34, 1480.0, 1406, 0.0, 0.0, 74, 35, 4, 219, 0.003, 0, 0.000, 180, 0.002, 0.005
1109, 151.4, 35, 2, 34, 1480.0, 1406, 0.0, 0.0, 74, 35, 4, 219, 0.003, 0, 0.000, 180, 0.002, 0.005
1111, 172.6, 35, 2, 34, 1496.0, 1420, 0.0, 0.0, 76, 35, 4, 222, 0.003, 0, 0.000, 180, 0.002, 0.005
1112, 149.1, 35, 2, 34, 1496.0, 1420, 0.0, 0.0, 76, 35, 4, 222, 0.003, 0, 0.000, 180, 0.002, 0.005
1113, 148.2, 35, 2, 34, 1496.0, 1420, 0.0, 0.0, 76, 35, 4, 222, 0.003, 0, 0.000, 180, 0.002, 0.005
1115, 150.2, 35, 2, 34, 1496.0, 1420, 0.0, 0.0, 76, 35, 4, 222, 0.003, 0, 0.000, 180, 0.002, 0.005
1116, 150.3, 35, 2, 34, 1496.0, 1420, 0.0, 0.0, 76, 35, 4, 222, 0.003, 0, 0.000, 180, 0.002, 0.005
1117, 150.2, 35, 2, 34, 6832.0, 6752, 0.0, 0.0, 80, 35, 4, 223, 0.003, 0, 0.000, 180, 0.002, 0.005
1119, 201.9, 35, 2, 34, 1382.0, 1302, 0.0, 0.0, 80, 35, 4, 225, 0.003, 0, 0.000, 180, 0.002, 0.005
1120, 151.0, 35, 2, 34, 1382.0, 1302, 0.0, 0.0, 80, 35, 4, 225, 0.003, 0, 0.000, 180, 0.002, 0.005
1121, 149.9, 35, 2, 34, 1382.0, 1302, 0.0, 0.0, 80, 35, 4, 225, 0.003, 0, 0.000, 180, 0.002, 0.005
1123, 150.2, 35, 2, 34, 1382.0, 1302, 0.0, 0.0, 80, 35, 4, 225, 0.003, 0, 0.000, 180, 0.002, 0.005
1124, 151.0, 35, 2, 34, 1382.0, 1302, 0.0, 0.0, 80, 35, 4, 225, 0.003, 0, 0.000, 180, 0.002, 0.005
1125, 193.9, 35, 2, 34, 1516.0, 1434, 0.0, 0.0, 82, 35, 4, 228, 0.003, 0, 0.000, 180, 0.002, 0.005
1127, 147.9, 35, 2, 34, 1516.0, 1434, 0.0, 0.0, 82, 35, 4, 228, 0.003, 0, 0.000, 180, 0.002, 0.005
1128, 150.3, 35, 2, 34, 1516.0, 1434, 0.0, 0.0, 82, 35, 4, 228, 0.003, 0, 0.000, 180, 0.002, 0.005
1130, 150.8, 35, 2, 34, 1516.0, 1434, 0.0, 0.0, 82, 35, 4, 228, 0.003, 0, 0.000, 180, 0.002, 0.005
1131, 150.3, 35, 2, 34, 1516.0, 1434, 0.0, 0.0, 82, 35, 4, 228, 0.003, 0, 0.000, 180, 0.002, 0.005
1132, 150.0, 35, 2, 34, 1516.0, 1434, 0.0, 0.0, 82, 35, 4, 228, 0.003, 0, 0.000, 180, 0.002, 0.005
1134, 209.8, 35, 2, 34, 1576.0, 1492, 0.0, 0.0, 84, 35, 4, 231, 0.003, 0, 0.000, 180, 0.002, 0.005
1135, 151.0, 35, 2, 34, 1576.0, 1492, 0.0, 0.0, 84, 35, 4, 231, 0.003, 0, 0.000, 180, 0.002, 0.005
1136, 185.9, 35, 2, 34, 1176.0, 1092, 0.0, 0.0, 84, 35, 4, 231, 0.003, 0, 0.000, 183, 0.002, 0.005
1138, 153.7, 35, 2, 34, 1048.0, 960, 0.0, 0.0, 88, 35, 4, 231, 0.003, 0, 0.000, 185, 0.002, 0.005
1139, 148.1, 35, 2, 34, 1048.0, 960, 0.0, 0.0, 88, 35, 4, 231, 0.003, 0, 0.000, 185, 0.002, 0.005
1140, 149.2, 35, 2, 34, 1048.0, 960, 0.0, 0.0, 88, 35, 4, 231, 0.003, 0, 0.000, 185, 0.002, 0.005
1142, 149.0, 35, 2, 34, 1048.0, 960, 0.0, 0.0, 88, 35, 4, 231, 0.003, 0, 0.000, 185, 0.002, 0.005
1143, 150.3, 35, 2, 34, 6898.0, 6822, 0.0, 0.0, 76, 35, 4, 232, 0.003, 0, 0.000, 185, 0.002, 0.005
1144, 190.8, 35, 2, 34, 1488.0, 1412, 0.0, 0.0, 76, 35, 4, 234, 0.003, 0, 0.000, 185, 0.002, 0.005
1146, 149.7, 35, 2, 34, 1488.0, 1412, 0.0, 0.0, 76, 35, 4, 234, 0.003, 0, 0.000, 185, 0.002, 0.005
1147, 150.6, 35, 2, 34, 1488.0, 1412, 0.0, 0.0, 76, 35, 4, 234, 0.003, 0, 0.000, 185, 0.002, 0.005
1148, 150.1, 35, 2, 34, 1488.0, 1412, 0.0, 0.0, 76, 35, 4, 234, 0.003, 0, 0.000, 185, 0.002, 0.005
1150, 150.4, 35, 2, 34, 1488.0, 1412, 0.0, 0.0, 76, 35, 4, 234, 0.003, 0, 0.000, 185, 0.002, 0.005
1151, 206.4, 35, 2, 34, 1470.0, 1390, 0.0, 0.0, 80, 35, 4, 237, 0.003, 0, 0.000, 185, 0.002, 0.005
1152, 148.3, 35, 2, 34, 1470.0, 1390, 0.0, 0.0, 80, 35, 4, 237, 0.003, 0, 0.000, 185, 0.002, 0.005
1154, 145.8, 35, 2, 34, 1470.0, 1390, 0.0, 0.0, 80, 35, 4, 237, 0.003, 0, 0.000, 185, 0.002, 0.005
1155, 148.0, 35, 2, 34, 1470.0, 1390, 0.0, 0.0, 80, 35, 4, 237, 0.003, 0, 0.000, 185, 0.002, 0.005
1156, 147.4, 35, 2, 34, 1470.0, 1390, 0.0, 0.0, 80, 35, 4, 237, 0.003, 0, 0.000, 185, 0.002, 0.005
1158, 147.5, 35, 2, 34, 7006.0, 6924, 0.0, 0.0, 82, 35, 4, 238, 0.003, 0, 0.000, 185, 0.002, 0.005
1159, 187.1, 35, 2, 34, 1384.0, 1302, 0.0, 0.0, 82, 35, 4, 240, 0.003, 0, 0.000, 185, 0.002, 0.005
1161, 146.1, 35, 2, 34, 1384.0, 1302, 0.0, 0.0, 82, 35, 4, 240, 0.003, 0, 0.000, 185, 0.002, 0.005
1162, 147.4, 35, 2, 34, 1384.0, 1302, 0.0, 0.0, 82, 35, 4, 240, 0.003, 0, 0.000, 185, 0.002, 0.005
1163, 147.8, 35, 2, 34, 1384.0, 1302, 0.0, 0.0, 82, 35, 4, 240, 0.003, 0, 0.000, 185, 0.002, 0.005
1165, 148.2, 35, 2, 34, 1384.0, 1302, 0.0, 0.0, 82, 35, 4, 240, 0.003, 0, 0.000, 185, 0.002, 0.005
1166, 186.2, 35, 2, 34, 1472.0, 1388, 0.0, 0.0, 84, 35, 4, 243, 0.003, 0, 0.000, 185, 0.002, 0.005
1167, 145.7, 35, 2, 34, 1472.0, 1388, 0.0, 0.0, 84, 35, 4, 243, 0.003, 0, 0.000, 185, 0.002, 0.005
1169, 146.8, 35, 2, 34, 1472.0, 1388, 0.0, 0.0, 84, 35, 4, 243, 0.003, 0, 0.000, 185, 0.002, 0.005
1170, 147.6, 35, 2, 34, 1472.0, 1388, 0.0, 0.0, 84, 35, 4, 243, 0.003, 0, 0.000, 185, 0.002, 0.005
1171, 148.0, 35, 2, 34, 1472.0, 1388, 0.0, 0.0, 84, 35, 4, 243, 0.003, 0, 0.000, 185, 0.002, 0.005
1173, 149.2, 35, 2, 34, 1472.0, 1388, 0.0, 0.0, 84, 35, 4, 243, 0.003, 0, 0.000, 185, 0.002, 0.005
1174, 209.3, 35, 2, 34, 1512.0, 1426, 0.0, 0.0, 86, 35, 4, 246, 0.003, 0, 0.000, 185, 0.002, 0.005
1175, 150.4, 35, 2, 34, 1512.0, 1426, 0.0, 0.0, 86, 35, 4, 246, 0.003, 0, 0.000, 185, 0.002, 0.005
1177, 153.4, 35, 2, 34, 1512.0, 1426, 0.0, 0.0, 86, 35, 4, 246, 0.003, 0, 0.000, 185, 0.002, 0.005
1178, 151.6, 35, 2, 34, 1512.0, 1426, 0.0, 0.0, 86, 35, 4, 246, 0.003, 0, 0.000, 185, 0.002, 0.005
1179, 151.5, 35, 2, 34, 1512.0, 1426, 0.0, 0.0, 86, 35, 4, 246, 0.003, 0, 0.000, 185, 0.002, 0.005
1181, 234.0, 35, 2, 34, 1008.0, 920, 0.0, 0.0, 88, 35, 4, 246, 0.003, 0, 0.000, 190, 0.002, 0.005
1182, 152.0, 35, 2, 34, 1008.0, 920, 0.0, 0.0, 88, 35, 4, 246, 0.003, 0, 0.000, 190, 0.002, 0.005
1184, 150.5, 35, 2, 34, 1008.0, 920, 0.0, 0.0, 88, 35, 4, 246, 0.003, 0, 0.000, 190, 0.002, 0.005
1185, 150.9, 35, 2, 34, 1008.0, 920, 0.0, 0.0, 88, 35, 4, 246, 0.003, 0, 0.000, 190, 0.002, 0.005
1186, 150.2, 35, 2, 34, 1008.0, 920, 0.0, 0.0, 88, 35, 4, 246, 0.003, 0, 0.000, 190, 0.002, 0.005
1188, 172.8, 35, 2, 34, 1598.0, 1522, 0.0, 0.0, 76, 35, 4, 249, 0.003, 0, 0.000, 190, 0.002, 0.005
1189, 149.8, 35, 2, 34, 1598.0, 1522, 0.0, 0.0, 76, 35, 4, 249, 0.003, 0, 0.000, 190, 0.002, 0.005
1190, 150.0, 35, 2, 34, 1598.0, 1522, 0.0, 0.0, 76, 35, 4, 249, 0.003, 0, 0.000, 190, 0.002, 0.005
1192, 151.4, 35, 2, 34, 1598.0, 1522, 0.0, 0.0, 76, 35, 4, 249, 0.003, 0, 0.000, 190, 0.002, 0.005
1193, 150.7, 35, 2, 34, 1598.0, 1522, 0.0, 0.0, 76, 35, 4, 249, 0.003, 0, 0.000, 190, 0.002, 0.005
1194, 152.5, 35, 2, 34, 6752.0, 6672, 0.0, 0.0, 80, 35, 4, 250, 0.003, 0, 0.000, 190, 0.002, 0.005
1196, 180.9, 35, 2, 34, 1580.0, 1500, 0.0, 0.0, 80, 35, 4, 252, 0.003, 0, 0.000, 190, 0.002, 0.005
1197, 150.4, 35, 2, 34, 1580.0, 1500, 0.0, 0.0, 80, 35, 4, 252, 0.003, 0, 0.000, 190, 0.002, 0.005
1199, 150.9, 35, 2, 34, 1580.0, 1500, 0.0, 0.0, 80, 35, 4, 252, 0.003, 0, 0.000, 190, 0.002, 0.005
1200, 152.8, 35, 2, 34, 1580.0, 1500, 0.0, 0.0, 80, 35, 4, 252, 0.003, 0, 0.000, 190, 0.002, 0.005
1201, 152.2, 35, 2, 34, 1580.0, 1500, 0.0, 0.0, 80, 35, 4, 252, 0.003, 0, 0.000, 190, 0.002, 0.005
1203, 211.9, 35, 2, 34, 1664.0, 1582, 0.0, 0.0, 82, 35, 4, 255, 0.003, 0, 0.000, 190, 0.002, 0.005
1204, 152.5, 35, 2, 34, 1664.0, 1582, 0.0, 0.0, 82, 35, 4, 255, 0.003, 0, 0.000, 190, 0.002, 0.005
1205, 153.1, 35, 2, 34, 1664.0, 1582, 0.0, 0.0, 82, 35, 4, 255, 0.003, 0, 0.000, 190, 0.002, 0.005
1207, 152.4, 35, 2, 34, 1664.0, 1582, 0.0, 0.0, 82, 35, 4, 255, 0.003, 0, 0.000, 190, 0.002, 0.005
1208, 152.0, 35, 2, 34, 1664.0, 1582, 0.0, 0.0, 82, 35, 4, 255, 0.003, 0, 0.000, 190, 0.002, 0.005
1209, 190.3, 35, 2, 34, 1640.0, 1556, 0.0, 0.0, 84, 35, 4, 258, 0.003, 0, 0.000, 190, 0.002, 0.005
1211, 148.9, 35, 2, 34, 1640.0, 1556, 0.0, 0.0, 84, 35, 4, 258, 0.003, 0, 0.000, 190, 0.002, 0.005
1212, 149.8, 35, 2, 34, 1640.0, 1556, 0.0, 0.0, 84, 35, 4, 258, 0.003, 0, 0.000, 190, 0.002, 0.005
1213, 152.5, 35, 2, 34, 1640.0, 1556, 0.0, 0.0, 84, 35, 4, 258, 0.003, 0, 0.000, 190, 0.002, 0.005
1215, 152.5, 35, 2, 34, 1640.0, 1556, 0.0, 0.0, 84, 35, 4, 258, 0.003, 0, 0.000, 190, 0.002, 0.005
1216, 154.2, 35, 2, 34, 1622.0, 1536, 0.0, 0.0, 86, 35, 4, 261, 0.003, 0, 0.000, 190, 0.002, 0.006
1218, 170.2, 35, 2, 34, 1622.0, 1536, 0.0, 0.0, 86, 35, 4, 261, 0.003, 0, 0.000, 190, 0.002, 0.006
1219, 150.0, 35, 2, 34, 1622.0, 1536, 0.0, 0.0, 86, 35, 4, 261, 0.003, 0, 0.000, 190, 0.002, 0.006
1220, 151.1, 35, 2, 34, 1622.0, 1536, 0.0, 0.0, 86, 35, 4, 261, 0.003, 0, 0.000, 190, 0.002, 0.006
1222, 151.2, 35, 2, 34, 1622.0, 1536, 0.0, 0.0, 86, 35, 4, 261, 0.003, 0, 0.000, 190, 0.002, 0.006
1223, 151.8, 35, 2, 34, 1622.0, 1536, 0.0, 0.0, 86, 35, 4, 261, 0.003, 0, 0.000, 190, 0.002, 0.006
1224, 213.1, 35, 2, 34, 1554.0, 1466, 0.0, 0.0, 88, 35, 4, 264, 0.003, 0, 0.000, 190, 0.002, 0.006
1226, 151.8, 35, 2, 34, 1554.0, 1466, 0.0, 0.0, 88, 35, 4, 264, 0.003, 0, 0.000, 190, 0.002, 0.006
1227, 151.8, 35, 2, 34, 1554.0, 1466, 0.0, 0.0, 88, 35, 4, 264, 0.003, 0, 0.000, 190, 0.002, 0.006
1228, 152.2, 35, 2, 34, 1554.0, 1466, 0.0, 0.0, 88, 35, 4, 264, 0.003, 0, 0.000, 190, 0.002, 0.006
1230, 218.7, 35, 2, 34, 1018.0, 918, 0.0, 0.0, 100, 35, 4, 264, 0.003, 0, 0.000, 195, 0.002, 0.006
1231, 155.5, 35, 2, 34, 1018.0, 918, 0.0, 0.0, 100, 35, 4, 264, 0.003, 0, 0.000, 195, 0.002, 0.006
1232, 152.8, 35, 2, 34, 1018.0, 918, 0.0, 0.0, 100, 35, 4, 264, 0.003, 0, 0.000, 195, 0.002, 0.006
1234, 152.1, 35, 2, 34, 1018.0, 918, 0.0, 0.0, 100, 35, 4, 264, 0.003, 0, 0.000, 195, 0.002, 0.006
1235, 152.6, 35, 2, 34, 1018.0, 918, 0.0, 0.0, 100, 35, 4, 264, 0.003, 0, 0.000, 195, 0.002, 0.006
1236, 156.1, 35, 2, 34, 1740.0, 1658, 0.0, 0.0, 82, 35, 4, 267, 0.003, 0, 0.000, 195, 0.002, 0.006
1238, 172.6, 35, 2, 34, 1740.0, 1658, 0.0, 0.0, 82, 35, 4, 267, 0.003, 0, 0.000, 195, 0.002, 0.006
1239, 149.8, 35, 2, 34, 1740.0, 1658, 0.0, 0.0, 82, 35, 4, 267, 0.003, 0, 0.000, 195, 0.002, 0.006
1241, 150.8, 35, 2, 34, 1740.0, 1658, 0.0, 0.0, 82, 35, 4, 267, 0.003, 0, 0.000, 195, 0.002, 0.006
1242, 150.7, 35, 2, 34, 1740.0, 1658, 0.0, 0.0, 82, 35, 4, 267, 0.003, 0, 0.000, 195, 0.002, 0.006
1243, 150.5, 35, 2, 34, 6712.0, 6628, 0.0, 0.0, 84, 35, 4, 268, 0.003, 0, 0.000, 195, 0.002, 0.006
1245, 204.0, 35, 2, 34, 1508.0, 1424, 0.0, 0.0, 84, 35, 4, 270, 0.003, 0, 0.000, 195, 0.002, 0.006
1246, 150.2, 35, 2, 34, 1508.0, 1424, 0.0, 0.0, 84, 35, 4, 270, 0.003, 0, 0.000, 195, 0.002, 0.006
1247, 150.3, 35, 2, 34, 1508.0, 1424, 0.0, 0.0, 84, 35, 4, 270, 0.003, 0, 0.000, 195, 0.002, 0.006
1249, 151.2, 35, 2, 34, 1508.0, 1424, 0.0, 0.0, 84, 35, 4, 270, 0.003, 0, 0.000, 195, 0.002, 0.006
1250, 151.7, 35, 2, 34, 1508.0, 1424, 0.0, 0.0, 84, 35, 4, 270, 0.003, 0, 0.000, 195, 0.002, 0.006
1251, 214.1, 35, 2, 34, 1580.0, 1496, 0.0, 0.0, 84, 35, 4, 273, 0.003, 0, 0.000, 195, 0.002, 0.006
1253, 152.9, 35, 2, 34, 1580.0, 1496, 0.0, 0.0, 84, 35, 4, 273, 0.003, 0, 0.000, 195, 0.002, 0.006
1254, 153.0, 35, 2, 34, 1580.0, 1496, 0.0, 0.0, 84, 35, 4, 273, 0.003, 0, 0.000, 195, 0.002, 0.006
1255, 153.1, 35, 2, 34, 1580.0, 1496, 0.0, 0.0, 84, 35, 4, 273, 0.003, 0, 0.000, 195, 0.002, 0.006
1257, 152.7, 35, 2, 34, 1580.0, 1496, 0.0, 0.0, 84, 35, 4, 273, 0.003, 0, 0.000, 195, 0.002, 0.006
1258, 152.2, 35, 2, 34, 6962.0, 6876, 0.0, 0.0, 86, 35, 4, 274, 0.003, 0, 0.000, 195, 0.002, 0.006
1260, 182.2, 35, 2, 34, 1614.0, 1528, 0.0, 0.0, 86, 35, 4, 276, 0.003, 0, 0.000, 195, 0.002, 0.006
1261, 151.2, 35, 2, 34, 1614.0, 1528, 0.0, 0.0, 86, 35, 4, 276, 0.003, 0, 0.000, 195, 0.002, 0.006
1262, 150.7, 35, 2, 34, 1614.0, 1528, 0.0, 0.0, 86, 35, 4, 276, 0.003, 0, 0.000, 195, 0.002, 0.006
1264, 152.7, 35, 2, 34, 1614.0, 1528, 0.0, 0.0, 86, 35, 4, 276, 0.003, 0, 0.000, 195, 0.002, 0.006
1265, 152.5, 35, 2, 34, 1614.0, 1528, 0.0, 0.0, 86, 35, 4, 276, 0.003, 0, 0.000, 195, 0.002, 0.006
1266, 216.1, 35, 2, 34, 1568.0, 1480, 0.0, 0.0, 88, 35, 4, 279, 0.003, 0, 0.000, 195, 0.002, 0.006
1268, 152.1, 35, 2, 34, 1568.0, 1480, 0.0, 0.0, 88, 35, 4, 279, 0.003, 0, 0.000, 195, 0.002, 0.006
1269, 153.2, 35, 2, 34, 1568.0, 1480, 0.0, 0.0, 88, 35, 4, 279, 0.003, 0, 0.000, 195, 0.002, 0.006
1270, 152.4, 35, 2, 34, 1568.0, 1480, 0.0, 0.0, 88, 35, 4, 279, 0.003, 0, 0.000, 195, 0.002, 0.006
1272, 153.4, 35, 2, 34, 1568.0, 1480, 0.0, 0.0, 88, 35, 4, 279, 0.003, 0, 0.000, 195, 0.002, 0.006
1273, 199.3, 35, 2, 34, 1540.0, 1452, 0.0, 0.0, 88, 35, 4, 282, 0.003, 0, 0.000, 195, 0.002, 0.006
1274, 150.9, 35, 2, 34, 1956.0, 1866, 0.0, 0.0, 90, 35, 4, 282, 0.003, 0, 0.000, 196, 0.002, 0.006
1276, 212.4, 35, 2, 34, 1134.0, 1036, 0.0, 0.0, 98, 35, 4, 282, 0.003, 0, 0.000, 200, 0.002, 0.006
1277, 150.5, 35, 2, 34, 1134.0, 1036, 0.0, 0.0, 98, 35, 4, 282, 0.003, 0, 0.000, 200, 0.002, 0.006
1279, 151.9, 35, 2, 34, 1134.0, 1036, 0.0, 0.0, 98, 35, 4, 282, 0.003, 0, 0.000, 200, 0.002, 0.006
1280, 151.9, 35, 2, 34, 1134.0, 1036, 0.0, 0.0, 98, 35, 4, 282, 0.003, 0, 0.000, 200, 0.002, 0.006
1281, 151.9, 35, 2, 34, 6612.0, 6528, 0.0, 0.0, 84, 35, 4, 283, 0.003, 0, 0.000, 200, 0.002, 0.006
1283, 200.8, 35, 2, 34, 1560.0, 1476, 0.0, 0.0, 84, 35, 4, 285, 0.004, 0, 0.000, 200, 0.002, 0.006
1284, 150.3, 35, 2, 34, 1560.0, 1476, 0.0, 0.0, 84, 35, 4, 285, 0.004, 0, 0.000, 200, 0.002, 0.006
1285, 150.6, 35, 2, 34, 1560.0, 1476, 0.0, 0.0, 84, 35, 4, 285, 0.004, 0, 0.000, 200, 0.002, 0.006
1287, 152.0, 35, 2, 34, 1560.0, 1476, 0.0, 0.0, 84, 35, 4, 285, 0.004, 0, 0.000, 200, 0.002, 0.006
1288, 152.4, 35, 2, 34, 1560.0, 1476, 0.0, 0.0, 84, 35, 4, 285, 0.004, 0, 0.000, 200, 0.002, 0.006
1289, 213.6, 35, 2, 34, 1556.0, 1468, 0.0, 0.0, 88, 35, 4, 288, 0.004, 0, 0.000, 200, 0.002, 0.006
1291, 152.5, 35, 2, 34, 1556.0, 1468, 0.0, 0.0, 88, 35, 4, 288, 0.004, 0, 0.000, 200, 0.002, 0.006
1292, 152.6, 35, 2, 34, 1556.0, 1468, 0.0, 0.0, 88, 35, 4, 288, 0.004, 0, 0.000, 200, 0.002, 0.006
1293, 151.3, 35, 2, 34, 1556.0, 1468, 0.0, 0.0, 88, 35, 4, 288, 0.004, 0, 0.000, 200, 0.002, 0.006
1295, 152.6, 35, 2, 34, 1556.0, 1468, 0.0, 0.0, 88, 35, 4, 288, 0.004, 0, 0.000, 200, 0.002, 0.006
1296, 152.1, 35, 2, 34, 6910.0, 6822, 0.0, 0.0, 88, 35, 4, 289, 0.004, 0, 0.000, 200, 0.002, 0.006
1297, 176.0, 35, 2, 34, 1682.0, 1594, 0.0, 0.0, 88, 35, 4, 291, 0.004, 0, 0.000, 200, 0.002, 0.006
1299, 148.5, 35, 2, 34, 1682.0, 1594, 0.0, 0.0, 88, 35, 4, 291, 0.004, 0, 0.000, 200, 0.002, 0.006
1300, 150.6, 35, 2, 34, 1682.0, 1594, 0.0, 0.0, 88, 35, 4, 291, 0.004, 0, 0.000, 200, 0.002, 0.006
1301, 150.7, 35, 2, 34, 1682.0, 1594, 0.0, 0.0, 88, 35, 4, 291, 0.004, 0, 0.000, 200, 0.002, 0.006
1303, 150.7, 35, 2, 34, 1682.0, 1594, 0.0, 0.0, 88, 35, 4, 291, 0.004, 0, 0.000, 200, 0.002, 0.006
1304, 211.9, 35, 2, 34, 1486.0, 1398, 0.0, 0.0, 88, 35, 4, 294, 0.004, 0, 0.000, 200, 0.002, 0.006
1306, 150.4, 35, 2, 34, 1486.0, 1398, 0.0, 0.0, 88, 35, 4, 294, 0.004, 0, 0.000, 200, 0.002, 0.006
1307, 150.6, 35, 2, 34, 1486.0, 1398, 0.0, 0.0, 88, 35, 4, 294, 0.004, 0, 0.000, 200, 0.002, 0.006
1308, 152.3, 35, 2, 34, 1486.0, 1398, 0.0, 0.0, 88, 35, 4, 294, 0.004, 0, 0.000, 200, 0.002, 0.006
1310, 152.8, 35, 2, 34, 1486.0, 1398, 0.0, 0.0, 88, 35, 4, 294, 0.004, 0, 0.000, 200, 0.002, 0.006
1311, 169.6, 35, 2, 34, 1510.0, 1420, 0.0, 0.0, 90, 35, 4, 297, 0.004, 0, 0.000, 200, 0.002, 0.006
1312, 149.9, 35, 2, 34, 1510.0, 1420, 0.0, 0.0, 90, 35, 4, 297, 0.004, 0, 0.000, 200, 0.002, 0.006
1314, 150.0, 35, 2, 34, 1510.0, 1420, 0.0, 0.0, 90, 35, 4, 297, 0.004, 0, 0.000, 200, 0.002, 0.006
1315, 151.0, 35, 2, 34, 1510.0, 1420, 0.0, 0.0, 90, 35, 4, 297, 0.004, 0, 0.000, 200, 0.002, 0.006
1316, 149.6, 35, 2, 34, 1510.0, 1420, 0.0, 0.0, 90, 35, 4, 297, 0.004, 0, 0.000, 200, 0.002, 0.006
1318, 151.5, 35, 2, 34, 6760.0, 6670, 0.0, 0.0, 90, 35, 4, 298, 0.004, 0, 0.000, 200, 0.002, 0.006
1319, 186.9, 35, 2, 34, 1542.0, 1452, 0.0, 0.0, 90, 35, 4, 300, 0.004, 0, 0.000, 200, 0.002, 0.006
1321, 152.1, 35, 2, 34, 1542.0, 1452, 0.0, 0.0, 90, 35, 4, 300, 0.004, 0, 0.000, 200, 0.002, 0.006
1322, 174.4, 35, 2, 34, 1358.0, 1268, 0.0, 0.0, 90, 35, 4, 300, 0.004, 0, 0.000, 203, 0.002, 0.006
1323, 176.0, 35, 2, 34, 1138.0, 1046, 0.0, 0.0, 92, 35, 4, 300, 0.004, 0, 0.000, 205, 0.003, 0.006
1325, 148.8, 35, 2, 34, 1138.0, 1046, 0.0, 0.0, 92, 35, 4, 300, 0.004, 0, 0.000, 205, 0.003, 0.006
1326, 149.7, 35, 2, 34, 1138.0, 1046, 0.0, 0.0, 92, 35, 4, 300, 0.004, 0, 0.000, 205, 0.003, 0.006
1327, 149.9, 35, 2, 34, 1138.0, 1046, 0.0, 0.0, 92, 35, 4, 300, 0.004, 0, 0.000, 205, 0.003, 0.006
1329, 149.7, 35, 2, 34, 6672.0, 6584, 0.0, 0.0, 88, 35, 4, 301, 0.004, 0, 0.000, 205, 0.003, 0.006
1330, 175.0, 35, 2, 34, 1532.0, 1444, 0.0, 0.0, 88, 35, 4, 303, 0.004, 0, 0.000, 205, 0.003, 0.006
1331, 149.0, 35, 2, 34, 1532.0, 1444, 0.0, 0.0, 88, 35, 4, 303, 0.004, 0, 0.000, 205, 0.003, 0.006
1333, 151.1, 35, 2, 34, 1532.0, 1444, 0.0, 0.0, 88, 35, 4, 303, 0.004, 0, 0.000, 205, 0.003, 0.006
1334, 151.5, 35, 2, 34, 1532.0, 1444, 0.0, 0.0, 88, 35, 4, 303, 0.004, 0, 0.000, 205, 0.003, 0.006
1335, 151.4, 35, 2, 34, 1532.0, 1444, 0.0, 0.0, 88, 35, 4, 303, 0.004, 0, 0.000, 205, 0.003, 0.006
1337, 209.9, 35, 2, 34, 1394.0, 1304, 0.0, 0.0, 90, 35, 4, 306, 0.004, 0, 0.000, 205, 0.003, 0.006
1338, 150.7, 35, 2, 34, 1394.0, 1304, 0.0, 0.0, 90, 35, 4, 306, 0.004, 0, 0.000, 205, 0.003, 0.006
1340, 151.2, 35, 2, 34, 1394.0, 1304, 0.0, 0.0, 90, 35, 4, 306, 0.004, 0, 0.000, 205, 0.003, 0.006
1341, 150.4, 35, 2, 34, 1394.0, 1304, 0.0, 0.0, 90, 35, 4, 306, 0.004, 0, 0.000, 205, 0.003, 0.006
1342, 151.8, 35, 2, 34, 1394.0, 1304, 0.0, 0.0, 90, 35, 4, 306, 0.004, 0, 0.000, 205, 0.003, 0.006
1344, 197.2, 35, 2, 34, 1546.0, 1454, 0.0, 0.0, 92, 35, 4, 309, 0.004, 0, 0.000, 205, 0.003, 0.006
1345, 290.6, 36, 2, 35, 1546.0, 1454, 0.0, 0.0, 92, 35, 4, 309, 0.004, 0, 0.000, 205, 0.003, 0.006
1347, 308.5, 35, 2, 34, 5906.0, 5812, 0.0, 0.0, 94, 35, 4, 310, 0.004, 0, 0.000, 205, 0.003, 0.006
1348, 382.0, 35, 2, 34, 2160.0, 2064, 0.0, 0.0, 96, 35, 4, 316, 0.004, 0, 0.000, 205, 0.003, 0.006
1350, 378.7, 35, 2, 34, 1360.0, 1224, 0.0, 0.0, 136, 35, 4, 321, 0.004, 0, 0.000, 205, 0.003, 0.007
1352, 364.3, 35, 2, 34, 1830.0, 1740, 0.0, 0.0, 90, 35, 4, 321, 0.004, 0, 0.000, 210, 0.003, 0.007
1354, 342.6, 35, 2, 34, 1176.0, 1118, 0.0, 0.0, 58, 35, 4, 324, 0.004, 0, 0.000, 210, 0.003, 0.007
1355, 329.7, 35, 2, 34, 1746.0, 1686, 0.0, 0.0, 60, 35, 4, 327, 0.004, 0, 0.000, 210, 0.003, 0.007
1357, 349.8, 35, 2, 34, 1432.0, 1372, 0.0, 0.0, 60, 35, 4, 333, 0.004, 0, 0.000, 210, 0.003, 0.007
1359, 332.5, 35, 2, 34, 1474.0, 1412, 0.0, 0.0, 62, 35, 4, 336, 0.004, 0, 0.000, 210, 0.003, 0.007
1361, 316.2, 35, 2, 34, 1124.0, 1062, 0.0, 0.0, 62, 35, 4, 339, 0.004, 0, 0.000, 210, 0.003, 0.007
1363, 315.9, 35, 2, 34, 4594.0, 4532, 0.0, 0.0, 62, 35, 4, 340, 0.004, 0, 0.000, 210, 0.003, 0.007
1364, 342.0, 35, 2, 34, 3902.0, 3838, 0.0, 0.0, 64, 35, 4, 343, 0.004, 0, 0.000, 210, 0.003, 0.007
1366, 338.7, 35, 2, 34, 4246.0, 4182, 0.0, 0.0, 64, 35, 4, 346, 0.004, 0, 0.000, 210, 0.003, 0.007
1368, 343.9, 35, 2, 34, 1400.0, 1336, 0.0, 0.0, 64, 35, 4, 348, 0.004, 0, 0.000, 210, 0.003, 0.007
1370, 354.1, 35, 2, 34, 1344.0, 1278, 0.0, 0.0, 66, 35, 4, 351, 0.004, 0, 0.000, 210, 0.003, 0.007
1371, 335.1, 35, 2, 34, 1598.0, 1530, 0.0, 0.0, 68, 35, 4, 354, 0.004, 0, 0.000, 210, 0.003, 0.007
1373, 337.3, 35, 2, 34, 1742.0, 1672, 0.0, 0.0, 70, 35, 4, 357, 0.004, 0, 0.000, 210, 0.003, 0.007
1375, 356.0, 35, 2, 34, 1316.0, 1246, 0.0, 0.0, 70, 35, 4, 360, 0.004, 0, 0.000, 210, 0.003, 0.007
1376, 348.4, 35, 2, 34, 1320.0, 1248, 0.0, 0.0, 72, 35, 4, 363, 0.005, 0, 0.000, 210, 0.003, 0.007
1378, 334.0, 35, 2, 34, 1504.0, 1430, 0.0, 0.0, 74, 35, 4, 366, 0.005, 0, 0.000, 210, 0.003, 0.007
1380, 330.1, 35, 2, 34, 1330.0, 1256, 0.0, 0.0, 74, 35, 4, 369, 0.005, 0, 0.000, 210, 0.003, 0.007
1382, 320.9, 35, 2, 34, 4596.0, 4522, 0.0, 0.0, 74, 35, 4, 370, 0.005, 0, 0.000, 210, 0.003, 0.007
1384, 327.3, 35, 2, 34, 1482.0, 1406, 0.0, 0.0, 76, 35, 4, 375, 0.005, 0, 0.000, 210, 0.003, 0.007
1385, 318.1, 35, 2, 34, 1664.0, 1586, 0.0, 0.0, 78, 35, 4, 378, 0.005, 0, 0.000, 210, 0.003, 0.007
1387, 313.6, 35, 2, 34, 4274.0, 4194, 0.0, 0.0, 80, 35, 4, 379, 0.005, 0, 0.000, 210, 0.003, 0.007
1389, 333.8, 35, 2, 34, 3802.0, 3722, 0.0, 0.0, 80, 35, 4, 382, 0.005, 0, 0.000, 210, 0.003, 0.007
1391, 327.0, 35, 2, 34, 3870.0, 3790, 0.0, 0.0, 80, 35, 4, 385, 0.005, 0, 0.000, 210, 0.003, 0.007
1392, 311.7, 35, 2, 34, 1364.0, 1284, 0.0, 0.0, 80, 35, 4, 387, 0.005, 0, 0.000, 210, 0.003, 0.007
1394, 338.6, 35, 2, 34, 1180.0, 1098, 0.0, 0.0, 82, 35, 4, 390, 0.005, 0, 0.000, 210, 0.003, 0.007
1396, 349.4, 35, 2, 34, 1322.0, 1240, 0.0, 0.0, 82, 35, 4, 393, 0.005, 0, 0.000, 210, 0.003, 0.007
1398, 325.8, 35, 2, 34, 4820.0, 4736, 0.0, 0.0, 84, 35, 4, 394, 0.005, 0, 0.000, 210, 0.003, 0.008
1400, 364.3, 35, 2, 34, 1368.0, 1284, 0.0, 0.0, 84, 35, 4, 399, 0.005, 0, 0.000, 210, 0.003, 0.008
1401, 349.0, 35, 2, 34, 1266.0, 1182, 0.0, 0.0, 84, 35, 4, 402, 0.005, 0, 0.000, 210, 0.003, 0.008
1403, 332.1, 35, 2, 34, 1294.0, 1208, 0.0, 0.0, 86, 35, 4, 405, 0.005, 0, 0.000, 210, 0.003, 0.008
1405, 315.1, 35, 2, 34, 4480.0, 4394, 0.0, 0.0, 86, 35, 4, 405, 0.005, 0, 0.000, 211, 0.003, 0.008
1406, 378.2, 35, 2, 34, 1316.0, 1252, 0.0, 0.0, 64, 35, 4, 408, 0.005, 0, 0.000, 215, 0.003, 0.008
1408, 347.5, 35, 2, 34, 1304.0, 1240, 0.0, 0.0, 64, 35, 4, 411, 0.005, 0, 0.000, 215, 0.003, 0.008
1410, 345.0, 35, 2, 34, 1316.0, 1250, 0.0, 0.0, 66, 35, 4, 414, 0.005, 0, 0.000, 215, 0.003, 0.008
1412, 321.4, 35, 2, 34, 1526.0, 1460, 0.0, 0.0, 66, 35, 4, 417, 0.005, 0, 0.000, 215, 0.003, 0.008
1413, 326.1, 35, 2, 34, 1860.0, 1794, 0.0, 0.0, 66, 35, 4, 420, 0.005, 0, 0.000, 215, 0.003, 0.008
1415, 362.2, 35, 2, 34, 1352.0, 1286, 0.0, 0.0, 66, 35, 4, 423, 0.005, 0, 0.000, 215, 0.003, 0.008
1417, 349.4, 35, 2, 34, 1276.0, 1208, 0.0, 0.0, 68, 35, 4, 426, 0.005, 0, 0.000, 215, 0.003, 0.008
1419, 354.6, 35, 2, 34, 1232.0, 1162, 0.0, 0.0, 70, 35, 4, 429, 0.005, 0, 0.000, 215, 0.003, 0.008
1420, 336.3, 35, 2, 34, 1406.0, 1336, 0.0, 0.0, 70, 35, 4, 432, 0.005, 0, 0.000, 215, 0.003, 0.008
1422, 328.5, 35, 2, 34, 1396.0, 1326, 0.0, 0.0, 70, 35, 4, 435, 0.005, 0, 0.000, 215, 0.003, 0.008
1424, 319.4, 35, 2, 34, 1816.0, 1744, 0.0, 0.0, 72, 35, 4, 438, 0.005, 0, 0.000, 215, 0.003, 0.008
1426, 343.5, 35, 2, 34, 1252.0, 1178, 0.0, 0.0, 74, 35, 4, 441, 0.006, 0, 0.000, 215, 0.003, 0.008
1428, 326.0, 35, 2, 34, 1204.0, 1130, 0.0, 0.0, 74, 35, 4, 444, 0.006, 0, 0.000, 215, 0.003, 0.008
1429, 351.0, 35, 2, 34, 1328.0, 1254, 0.0, 0.0, 74, 35, 4, 447, 0.006, 0, 0.000, 215, 0.003, 0.008
1431, 297.5, 35, 2, 34, 1454.0, 1378, 0.0, 0.0, 76, 35, 4, 450, 0.006, 0, 0.000, 215, 0.003, 0.008
1433, 309.7, 35, 2, 34, 1232.0, 1154, 0.0, 0.0, 78, 35, 4, 453, 0.006, 0, 0.000, 215, 0.003, 0.008
1435, 309.8, 35, 2, 34, 4456.0, 4378, 0.0, 0.0, 78, 35, 4, 454, 0.006, 0, 0.000, 215, 0.003, 0.008
1436, 347.1, 35, 2, 34, 1682.0, 1604, 0.0, 0.0, 78, 35, 4, 456, 0.006, 0, 0.000, 215, 0.003, 0.008
1438, 343.9, 35, 2, 34, 1248.0, 1170, 0.0, 0.0, 78, 35, 4, 459, 0.006, 0, 0.000, 215, 0.003, 0.008
1440, 348.7, 35, 2, 34, 1350.0, 1272, 0.0, 0.0, 78, 35, 4, 462, 0.006, 0, 0.000, 215, 0.003, 0.008
1442, 345.3, 35, 2, 34, 1438.0, 1358, 0.0, 0.0, 80, 35, 4, 465, 0.006, 0, 0.000, 215, 0.003, 0.008
1443, 351.2, 35, 2, 34, 1314.0, 1234, 0.0, 0.0, 80, 35, 4, 468, 0.006, 0, 0.000, 215, 0.003, 0.009
1445, 337.5, 35, 2, 34, 1260.0, 1180, 0.0, 0.0, 80, 35, 4, 471, 0.006, 0, 0.000, 215, 0.003, 0.009
1447, 314.2, 35, 2, 34, 1580.0, 1498, 0.0, 0.0, 82, 35, 4, 474, 0.006, 0, 0.000, 215, 0.003, 0.009
1448, 333.3, 35, 2, 34, 1242.0, 1158, 0.0, 0.0, 84, 35, 4, 477, 0.006, 0, 0.000, 215, 0.003, 0.009
1450, 340.2, 35, 2, 34, 1268.0, 1184, 0.0, 0.0, 84, 35, 4, 480, 0.006, 0, 0.000, 215, 0.003, 0.009
1452, 320.5, 35, 2, 34, 1768.0, 1682, 0.0, 0.0, 86, 35, 4, 483, 0.006, 0, 0.000, 215, 0.003, 0.009
1454, 352.0, 35, 2, 34, 1226.0, 1140, 0.0, 0.0, 86, 35, 4, 486, 0.006, 0, 0.000, 215, 0.003, 0.009
1456, 343.6, 35, 2, 34, 2054.0, 1966, 0.0, 0.0, 88, 35, 4, 486, 0.006, 0, 0.000, 220, 0.003, 0.009
1457, 326.6, 35, 2, 34, 1386.0, 1322, 0.0, 0.0, 64, 35, 4, 489, 0.006, 0, 0.000, 220, 0.003, 0.009
1459, 320.4, 35, 2, 34, 4534.0, 4470, 0.0, 0.0, 64, 35, 4, 490, 0.006, 0, 0.000, 220, 0.003, 0.009
1461, 334.5, 35, 2, 34, 4360.0, 4296, 0.0, 0.0, 64, 35, 4, 493, 0.006, 0, 0.000, 220, 0.003, 0.009
1463, 326.7, 35, 2, 34, 1428.0, 1364, 0.0, 0.0, 64, 35, 4, 495, 0.006, 0, 0.000, 220, 0.003, 0.009
1464, 351.7, 35, 2, 34, 1232.0, 1168, 0.0, 0.0, 64, 35, 4, 498, 0.006, 0, 0.000, 220, 0.003, 0.009
1466, 350.5, 35, 2, 34, 1346.0, 1280, 0.0, 0.0, 66, 35, 4, 501, 0.006, 0, 0.000, 220, 0.003, 0.009
1468, 325.9, 35, 2, 34, 1628.0, 1560, 0.0, 0.0, 68, 35, 4, 504, 0.006, 0, 0.000, 220, 0.003, 0.009
1470, 338.0, 35, 2, 34, 2908.0, 2838, 0.0, 0.0, 70, 35, 4, 508, 0.006, 0, 0.000, 220, 0.003, 0.009
1471, 341.6, 35, 2, 34, 4018.0, 3946, 0.0, 0.0, 72, 35, 4, 511, 0.006, 0, 0.000, 220, 0.003, 0.009
1473, 353.1, 35, 2, 34, 1256.0, 1184, 0.0, 0.0, 72, 35, 4, 513, 0.006, 0, 0.000, 220, 0.003, 0.009
1475, 340.9, 35, 2, 34, 1230.0, 1156, 0.0, 0.0, 74, 35, 4, 516, 0.006, 0, 0.000, 220, 0.003, 0.009
1477, 322.7, 35, 2, 34, 1688.0, 1614, 0.0, 0.0, 74, 35, 4, 519, 0.007, 0, 0.000, 220, 0.003, 0.009
1478, 338.2, 35, 2, 34, 1232.0, 1158, 0.0, 0.0, 74, 35, 4, 522, 0.007, 0, 0.000, 220, 0.003, 0.009
1480, 353.7, 35, 2, 34, 1228.0, 1154, 0.0, 0.0, 74, 35, 4, 525, 0.007, 0, 0.000, 220, 0.003, 0.009
1482, 354.5, 35, 2, 34, 1274.0, 1198, 0.0, 0.0, 76, 35, 4, 528, 0.007, 0, 0.000, 220, 0.003, 0.009
1483, 310.6, 35, 2, 34, 5770.0, 5692, 0.0, 0.0, 78, 35, 4, 530, 0.007, 0, 0.000, 220, 0.003, 0.009
1485, 327.8, 35, 2, 34, 1490.0, 1412, 0.0, 0.0, 78, 35, 4, 534, 0.007, 0, 0.000, 220, 0.003, 0.009
1487, 324.6, 35, 2, 34, 4358.0, 4278, 0.0, 0.0, 80, 35, 4, 535, 0.007, 0, 0.000, 220, 0.003, 0.009
1489, 328.3, 35, 2, 34, 1450.0, 1370, 0.0, 0.0, 80, 35, 4, 537, 0.007, 0, 0.000, 220, 0.003, 0.009
1490, 353.4, 35, 2, 34, 1284.0, 1204, 0.0, 0.0, 80, 35, 4, 540, 0.007, 0, 0.000, 220, 0.003, 0.009
1492, 352.5, 35, 2, 34, 1198.0, 1116, 0.0, 0.0, 82, 35, 4, 543, 0.007, 0, 0.000, 220, 0.003, 0.010
1494, 339.1, 35, 2, 34, 1562.0, 1480, 0.0, 0.0, 82, 35, 4, 546, 0.007, 0, 0.000, 220, 0.003, 0.010
1496, 343.1, 35, 2, 34, 1276.0, 1192, 0.0, 0.0, 84, 35, 4, 549, 0.007, 0, 0.000, 220, 0.003, 0.010
1497, 345.2, 35, 2, 34, 1324.0, 1240, 0.0, 0.0, 84, 35, 4, 552, 0.007, 0, 0.000, 220, 0.003, 0.010
1499, 321.2, 35, 2, 34, 1712.0, 1626, 0.0, 0.0, 86, 35, 4, 555, 0.007, 0, 0.000, 220, 0.003, 0.010
1501, 346.0, 35, 2, 34, 2698.0, 2612, 0.0, 0.0, 86, 35, 4, 559, 0.007, 0, 0.000, 220, 0.003, 0.010
1503, 336.7, 35, 2, 34, 3576.0, 3488, 0.0, 0.0, 88, 35, 4, 562, 0.007, 0, 0.000, 220, 0.003, 0.010
1505, 329.1, 35, 2, 34, 3900.0, 3812, 0.0, 0.0, 88, 35, 4, 565, 0.007, 0, 0.000, 220, 0.003, 0.010
1506, 337.2, 35, 2, 34, 3960.0, 3872, 0.0, 0.0, 88, 35, 4, 568, 0.007, 0, 0.000, 220, 0.003, 0.010
1508, 333.9, 35, 2, 34, 4170.0, 4082, 0.0, 0.0, 88, 35, 4, 571, 0.007, 0, 0.000, 220, 0.003, 0.010
1510, 325.1, 35, 2, 34, 3810.0, 3722, 0.0, 0.0, 88, 35, 4, 574, 0.007, 0, 0.000, 220, 0.003, 0.010
1512, 334.2, 35, 2, 34, 4410.0, 4320, 0.0, 0.0, 90, 35, 4, 577, 0.007, 0, 0.000, 220, 0.003, 0.010
1513, 356.6, 35, 2, 34, 1356.0, 1266, 0.0, 0.0, 90, 35, 4, 579, 0.007, 0, 0.000, 220, 0.003, 0.010
1515, 353.1, 35, 2, 34, 1390.0, 1298, 0.0, 0.0, 92, 35, 4, 582, 0.007, 0, 0.000, 220, 0.003, 0.010
1517, 325.6, 35, 2, 34, 1362.0, 1268, 0.0, 0.0, 94, 35, 4, 585, 0.007, 0, 0.000, 220, 0.003, 0.010
1519, 324.8, 35, 2, 34, 1704.0, 1608, 0.0, 0.0, 96, 35, 4, 585, 0.007, 0, 0.000, 223, 0.003, 0.010
1521, 355.6, 35, 2, 34, 1234.0, 1172, 0.0, 0.0, 62, 35, 4, 588, 0.007, 0, 0.000, 225, 0.003, 0.010
1522, 355.9, 35, 2, 34, 1324.0, 1260, 0.0, 0.0, 64, 35, 4, 591, 0.007, 0, 0.000, 225, 0.003, 0.010
1524, 347.8, 35, 2, 34, 1310.0, 1244, 0.0, 0.0, 66, 35, 4, 594, 0.007, 0, 0.000, 225, 0.003, 0.010
1526, 341.4, 35, 2, 34, 1454.0, 1386, 0.0, 0.0, 68, 35, 4, 597, 0.007, 0, 0.000, 225, 0.003, 0.010
1527, 308.4, 35, 2, 34, 1304.0, 1236, 0.0, 0.0, 68, 35, 4, 600, 0.008, 0, 0.000, 225, 0.003, 0.010
1529, 328.8, 35, 2, 34, 4838.0, 4770, 0.0, 0.0, 68, 35, 4, 601, 0.008, 0, 0.000, 225, 0.003, 0.010
1531, 336.0, 35, 2, 34, 4220.0, 4150, 0.0, 0.0, 70, 35, 4, 604, 0.008, 0, 0.000, 225, 0.003, 0.010
1533, 328.9, 35, 2, 34, 1268.0, 1198, 0.0, 0.0, 70, 35, 4, 606, 0.008, 0, 0.000, 225, 0.003, 0.010
1535, 341.3, 35, 2, 34, 1150.0, 1080, 0.0, 0.0, 70, 35, 4, 609, 0.008, 0, 0.000, 225, 0.003, 0.010
1536, 340.8, 35, 2, 34, 1524.0, 1452, 0.0, 0.0, 72, 35, 4, 612, 0.008, 0, 0.000, 225, 0.003, 0.010
1538, 352.9, 35, 2, 34, 1364.0, 1290, 0.0, 0.0, 74, 35, 4, 615, 0.008, 0, 0.000, 225, 0.003, 0.010
1540, 337.8, 35, 2, 34, 1342.0, 1268, 0.0, 0.0, 74, 35, 4, 618, 0.008, 0, 0.000, 225, 0.003, 0.011
1542, 321.8, 35, 2, 34, 4796.0, 4720, 0.0, 0.0, 76, 35, 4, 619, 0.008, 0, 0.000, 225, 0.003, 0.011
1543, 328.4, 35, 2, 34, 1710.0, 1632, 0.0, 0.0, 78, 35, 4, 624, 0.008, 0, 0.000, 225, 0.003, 0.011
1545, 337.8, 35, 2, 34, 1266.0, 1188, 0.0, 0.0, 78, 35, 4, 627, 0.008, 0, 0.000, 225, 0.003, 0.011
1547, 336.2, 35, 2, 34, 1322.0, 1242, 0.0, 0.0, 80, 35, 4, 630, 0.008, 0, 0.000, 225, 0.003, 0.011
1549, 320.3, 35, 2, 34, 5658.0, 5578, 0.0, 0.0, 80, 35, 4, 632, 0.008, 0, 0.000, 225, 0.003, 0.011
1550, 341.0, 35, 2, 34, 1228.0, 1148, 0.0, 0.0, 80, 35, 4, 636, 0.008, 0, 0.000, 225, 0.003, 0.011
1552, 328.3, 35, 2, 34, 1570.0, 1488, 0.0, 0.0, 82, 35, 4, 639, 0.008, 0, 0.000, 225, 0.003, 0.011
1554, 325.0, 35, 2, 34, 1430.0, 1346, 0.0, 0.0, 84, 35, 4, 642, 0.008, 0, 0.000, 225, 0.003, 0.011
1556, 320.4, 35, 2, 34, 1830.0, 1746, 0.0, 0.0, 84, 35, 4, 645, 0.008, 0, 0.000, 225, 0.003, 0.011
1557, 350.1, 35, 2, 34, 1340.0, 1256, 0.0, 0.0, 84, 35, 4, 648, 0.008, 0, 0.000, 225, 0.003, 0.011
1559, 363.3, 35, 2, 34, 1340.0, 1256, 0.0, 0.0, 84, 35, 4, 651, 0.008, 0, 0.000, 225, 0.003, 0.011
1561, 345.2, 35, 2, 34, 1438.0, 1352, 0.0, 0.0, 86, 35, 4, 654, 0.008, 0, 0.000, 225, 0.003, 0.011
1563, 310.5, 35, 2, 34, 1478.0, 1390, 0.0, 0.0, 88, 35, 4, 657, 0.008, 0, 0.000, 225, 0.003, 0.011
1564, 320.0, 35, 2, 34, 4928.0, 4840, 0.0, 0.0, 88, 35, 4, 658, 0.008, 0, 0.000, 225, 0.003, 0.011
1566, 342.7, 35, 2, 34, 1564.0, 1476, 0.0, 0.0, 88, 35, 4, 660, 0.008, 0, 0.000, 225, 0.003, 0.011
1568, 360.5, 35, 2, 34, 1356.0, 1268, 0.0, 0.0, 88, 35, 4, 663, 0.008, 0, 0.000, 225, 0.003, 0.011
1569, 355.2, 35, 2, 34, 1262.0, 1174, 0.0, 0.0, 88, 35, 4, 666, 0.008, 0, 0.000, 225, 0.003, 0.011
1571, 310.0, 35, 2, 34, 5036.0, 4946, 0.0, 0.0, 90, 35, 4, 668, 0.008, 0, 0.000, 225, 0.003, 0.011
1573, 339.8, 35, 2, 34, 1268.0, 1176, 0.0, 0.0, 92, 35, 4, 672, 0.008, 0, 0.000, 225, 0.003, 0.011
1575, 322.2, 35, 2, 34, 1252.0, 1160, 0.0, 0.0, 92, 35, 4, 675, 0.008, 0, 0.000, 225, 0.003, 0.011
1576, 309.2, 35, 2, 34, 4652.0, 4560, 0.0, 0.0, 92, 35, 4, 676, 0.008, 0, 0.000, 225, 0.003, 0.011
1578, 327.4, 35, 2, 34, 1494.0, 1402, 0.0, 0.0, 92, 35, 4, 678, 0.008, 0, 0.000, 225, 0.003, 0.011
1580, 346.5, 35, 2, 34, 1156.0, 1062, 0.0, 0.0, 94, 35, 4, 681, 0.009, 0, 0.000, 225, 0.003, 0.011
1582, 360.3, 35, 2, 34, 1470.0, 1376, 0.0, 0.0, 94, 35, 4, 684, 0.009, 0, 0.000, 225, 0.003, 0.011
1583, 340.5, 35, 2, 34, 1412.0, 1316, 0.0, 0.0, 96, 35, 4, 687, 0.009, 0, 0.000, 225, 0.003, 0.011
1585, 319.6, 35, 2, 34, 1512.0, 1416, 0.0, 0.0, 96, 35, 4, 690, 0.009, 0, 0.000, 225, 0.003, 0.011
1587, 318.7, 35, 2, 34, 4310.0, 4212, 0.0, 0.0, 98, 35, 4, 691, 0.009, 0, 0.000, 225, 0.003, 0.011
1589, 357.4, 35, 2, 34, 1346.0, 1246, 0.0, 0.0, 100, 35, 4, 696, 0.009, 0, 0.000, 225, 0.003, 0.011
1591, 354.2, 35, 2, 34, 2346.0, 2244, 0.0, 0.0, 102, 35, 4, 696, 0.009, 0, 0.000, 230, 0.003, 0.012
1592, 335.5, 35, 2, 34, 1268.0, 1204, 0.0, 0.0, 64, 35, 4, 699, 0.009, 0, 0.000, 230, 0.003, 0.012
1594, 318.3, 35, 2, 34, 4718.0, 4654, 0.0, 0.0, 64, 35, 4, 700, 0.009, 0, 0.000, 230, 0.003, 0.012
1596, 331.7, 35, 2, 34, 3772.0, 3708, 0.0, 0.0, 64, 35, 4, 703, 0.009, 0, 0.000, 230, 0.003, 0.012
1598, 340.3, 35, 2, 34, 1532.0, 1466, 0.0, 0.0, 66, 35, 4, 708, 0.009, 0, 0.000, 230, 0.003, 0.012
1599, 322.6, 35, 2, 34, 1248.0, 1180, 0.0, 0.0, 68, 35, 4, 711, 0.009, 0, 0.000, 230, 0.003, 0.012
1601, 352.9, 35, 2, 34, 1192.0, 1122, 0.0, 0.0, 70, 35, 4, 714, 0.009, 0, 0.000, 230, 0.003, 0.012
1603, 328.3, 35, 2, 34, 1376.0, 1306, 0.0, 0.0, 70, 35, 4, 717, 0.009, 0, 0.000, 230, 0.003, 0.012
1605, 343.5, 35, 2, 34, 1330.0, 1258, 0.0, 0.0, 72, 35, 4, 720, 0.009, 0, 0.000, 230, 0.003, 0.012
1606, 319.4, 35, 2, 34, 1706.0, 1634, 0.0, 0.0, 72, 35, 4, 723, 0.009, 0, 0.000, 230, 0.003, 0.012
1608, 359.1, 35, 2, 34, 1376.0, 1304, 0.0, 0.0, 72, 35, 4, 726, 0.009, 0, 0.000, 230, 0.003, 0.012
1610, 355.2, 35, 2, 34, 1284.0, 1212, 0.0, 0.0, 72, 35, 4, 729, 0.009, 0, 0.000, 230, 0.003, 0.012
1612, 356.6, 35, 2, 34, 1328.0, 1254, 0.0, 0.0, 74, 35, 4, 732, 0.009, 0, 0.000, 230, 0.003, 0.012
1613, 320.1, 35, 2, 34, 1298.0, 1224, 0.0, 0.0, 74, 35, 4, 735, 0.009, 0, 0.000, 230, 0.003, 0.012
1615, 325.9, 35, 2, 34, 4628.0, 4554, 0.0, 0.0, 74, 35, 4, 736, 0.009, 0, 0.000, 230, 0.003, 0.012
1617, 342.4, 35, 2, 34, 4268.0, 4194, 0.0, 0.0, 74, 35, 4, 740, 0.009, 0, 0.000, 230, 0.003, 0.012
1619, 329.4, 35, 2, 34, 4144.0, 4070, 0.0, 0.0, 74, 35, 4, 742, 0.009, 0, 0.000, 230, 0.003, 0.012
1621, 332.0, 35, 2, 34, 4426.0, 4350, 0.0, 0.0, 76, 35, 4, 745, 0.009, 0, 0.000, 230, 0.003, 0.012
1622, 350.5, 35, 2, 34, 1166.0, 1090, 0.0, 0.0, 76, 35, 4, 747, 0.009, 0, 0.000, 230, 0.003, 0.012
1624, 356.0, 35, 2, 34, 1298.0, 1222, 0.0, 0.0, 76, 35, 4, 750, 0.009, 0, 0.000, 230, 0.003, 0.012
1626, 343.9, 35, 2, 34, 1580.0, 1504, 0.0, 0.0, 76, 35, 4, 753, 0.009, 0, 0.000, 230, 0.003, 0.012
1627, 342.1, 35, 2, 34, 1270.0, 1192, 0.0, 0.0, 78, 35, 4, 756, 0.009, 0, 0.000, 230, 0.003, 0.012
1629, 358.6, 35, 2, 34, 1396.0, 1318, 0.0, 0.0, 78, 35, 4, 759, 0.009, 0, 0.000, 230, 0.003, 0.012
1631, 335.5, 35, 2, 34, 1296.0, 1216, 0.0, 0.0, 80, 35, 4, 762, 0.009, 0, 0.000, 230, 0.003, 0.012
1633, 320.2, 35, 2, 34, 4834.0, 4754, 0.0, 0.0, 80, 35, 4, 763, 0.009, 0, 0.000, 230, 0.003, 0.012
1634, 336.9, 35, 2, 34, 3850.0, 3770, 0.0, 0.0, 80, 35, 4, 766, 0.010, 0, 0.000, 230, 0.003, 0.012
1636, 321.1, 35, 2, 34, 4290.0, 4210, 0.0, 0.0, 80, 35, 4, 769, 0.010, 0, 0.000, 230, 0.003, 0.012
1638, 335.3, 35, 2, 34, 1354.0, 1274, 0.0, 0.0, 80, 35, 4, 771, 0.010, 0, 0.000, 230, 0.003, 0.012
1640, 347.9, 35, 2, 34, 1222.0, 1140, 0.0, 0.0, 82, 35, 4, 774, 0.010, 0, 0.000, 230, 0.003, 0.012
1641, 346.8, 35, 2, 34, 1462.0, 1380, 0.0, 0.0, 82, 35, 4, 777, 0.010, 0, 0.000, 230, 0.003, 0.013
1643, 318.3, 35, 2, 34, 1550.0, 1466, 0.0, 0.0, 84, 35, 4, 780, 0.010, 0, 0.000, 230, 0.003, 0.013
1645, 331.4, 35, 2, 34, 1662.0, 1578, 0.0, 0.0, 84, 35, 4, 783, 0.010, 0, 0.000, 230, 0.003, 0.013
1647, 331.1, 35, 2, 34, 1454.0, 1368, 0.0, 0.0, 86, 35, 4, 786, 0.010, 0, 0.000, 230, 0.003, 0.013
1649, 330.4, 35, 2, 34, 1488.0, 1400, 0.0, 0.0, 88, 35, 4, 789, 0.010, 0, 0.000, 230, 0.003, 0.013
1650, 325.1, 35, 2, 34, 1680.0, 1590, 0.0, 0.0, 90, 35, 4, 792, 0.010, 0, 0.000, 230, 0.003, 0.013
1652, 331.4, 35, 2, 34, 1310.0, 1218, 0.0, 0.0, 92, 35, 4, 795, 0.010, 0, 0.000, 230, 0.003, 0.013
1654, 356.7, 35, 2, 34, 1328.0, 1236, 0.0, 0.0, 92, 35, 4, 798, 0.010, 0, 0.000, 230, 0.003, 0.013
1656, 329.3, 35, 2, 34, 1528.0, 1436, 0.0, 0.0, 92, 35, 4, 801, 0.010, 0, 0.000, 230, 0.003, 0.013
1657, 316.8, 35, 2, 34, 1242.0, 1148, 0.0, 0.0, 94, 35, 4, 804, 0.010, 0, 0.000, 230, 0.003, 0.013
1659, 344.1, 35, 2, 34, 1680.0, 1584, 0.0, 0.0, 96, 35, 4, 804, 0.010, 0, 0.000, 233, 0.003, 0.013
1661, 361.0, 35, 2, 34, 1256.0, 1190, 0.0, 0.0, 66, 35, 4, 807, 0.010, 0, 0.000, 235, 0.003, 0.013
1663, 366.9, 35, 2, 34, 1414.0, 1346, 0.0, 0.0, 68, 35, 4, 810, 0.010, 0, 0.000, 235, 0.003, 0.013
1664, 339.7, 35, 2, 34, 1420.0, 1350, 0.0, 0.0, 70, 35, 4, 813, 0.010, 0, 0.000, 235, 0.003, 0.013
1666, 324.3, 35, 2, 34, 1676.0, 1606, 0.0, 0.0, 70, 35, 4, 816, 0.010, 0, 0.000, 235, 0.003, 0.013
1668, 351.4, 35, 2, 34, 1408.0, 1338, 0.0, 0.0, 70, 35, 4, 819, 0.010, 0, 0.000, 235, 0.003, 0.013
1670, 360.2, 35, 2, 34, 1364.0, 1292, 0.0, 0.0, 72, 35, 4, 822, 0.010, 0, 0.000, 235, 0.003, 0.013
1671, 351.7, 35, 2, 34, 1508.0, 1434, 0.0, 0.0, 74, 35, 4, 825, 0.010, 0, 0.000, 235, 0.003, 0.013
1673, 322.1, 35, 2, 34, 1404.0, 1330, 0.0, 0.0, 74, 35, 4, 828, 0.010, 0, 0.000, 235, 0.003, 0.013
1675, 322.1, 35, 2, 34, 1730.0, 1656, 0.0, 0.0, 74, 35, 4, 831, 0.010, 0, 0.000, 235, 0.003, 0.013
1677, 321.1, 35, 2, 34, 1784.0, 1708, 0.0, 0.0, 76, 35, 4, 834, 0.010, 0, 0.000, 235, 0.003, 0.013
1679, 330.4, 35, 2, 34, 1554.0, 1476, 0.0, 0.0, 78, 35, 4, 837, 0.010, 0, 0.000, 235, 0.003, 0.013
1681, 324.1, 35, 2, 34, 1404.0, 1326, 0.0, 0.0, 78, 35, 4, 840, 0.010, 0, 0.000, 235, 0.003, 0.013
1683, 318.0, 35, 2, 34, 1494.0, 1416, 0.0, 0.0, 78, 35, 4, 843, 0.011, 0, 0.000, 235, 0.003, 0.013
1684, 325.6, 35, 2, 34, 4334.0, 4254, 0.0, 0.0, 80, 35, 4, 844, 0.011, 0, 0.000, 235, 0.003, 0.013
1686, 340.5, 35, 2, 34, 1518.0, 1438, 0.0, 0.0, 80, 35, 4, 846, 0.011, 0, 0.000, 235, 0.003, 0.013
1688, 354.1, 35, 2, 34, 1440.0, 1358, 0.0, 0.0, 82, 35, 4, 849, 0.011, 0, 0.000, 235, 0.003, 0.013
1690, 348.2, 35, 2, 34, 1318.0, 1234, 0.0, 0.0, 84, 35, 4, 852, 0.011, 0, 0.000, 235, 0.003, 0.014
1691, 345.4, 35, 2, 34, 1460.0, 1376, 0.0, 0.0, 84, 35, 4, 855, 0.011, 0, 0.000, 235, 0.003, 0.014
1693, 334.0, 35, 2, 34, 1568.0, 1482, 0.0, 0.0, 86, 35, 4, 858, 0.011, 0, 0.000, 235, 0.003, 0.014
1695, 340.4, 35, 2, 34, 1472.0, 1384, 0.0, 0.0, 88, 35, 4, 861, 0.011, 0, 0.000, 235, 0.003, 0.014
1696, 315.4, 35, 2, 34, 1646.0, 1558, 0.0, 0.0, 88, 35, 4, 864, 0.011, 0, 0.000, 235, 0.003, 0.014
1698, 346.1, 35, 2, 34, 1494.0, 1404, 0.0, 0.0, 90, 35, 4, 867, 0.011, 0, 0.000, 235, 0.003, 0.014
1700, 328.1, 35, 2, 34, 1526.0, 1436, 0.0, 0.0, 90, 35, 4, 870, 0.011, 0, 0.000, 235, 0.003, 0.014
1702, 320.2, 35, 2, 34, 1628.0, 1536, 0.0, 0.0, 92, 35, 4, 873, 0.011, 0, 0.000, 235, 0.003, 0.014
1704, 315.6, 35, 2, 34, 4296.0, 4204, 0.0, 0.0, 92, 35, 4, 874, 0.011, 0, 0.000, 235, 0.003, 0.014
1705, 331.9, 35, 2, 34, 1448.0, 1356, 0.0, 0.0, 92, 35, 4, 876, 0.011, 0, 0.000, 235, 0.003, 0.014
1707, 355.0, 35, 2, 34, 1256.0, 1164, 0.0, 0.0, 92, 35, 4, 879, 0.011, 0, 0.000, 235, 0.003, 0.014
1709, 352.2, 35, 2, 34, 1428.0, 1334, 0.0, 0.0, 94, 35, 4, 882, 0.011, 0, 0.000, 235, 0.003, 0.014
1710, 351.2, 35, 2, 34, 1352.0, 1256, 0.0, 0.0, 96, 35, 4, 885, 0.011, 0, 0.000, 235, 0.003, 0.014
1712, 317.0, 35, 2, 34, 1612.0, 1516, 0.0, 0.0, 96, 35, 4, 888, 0.011, 0, 0.000, 235, 0.003, 0.014
1714, 338.0, 35, 2, 34, 1622.0, 1524, 0.0, 0.0, 98, 35, 4, 891, 0.011, 0, 0.000, 235, 0.003, 0.014
1716, 346.3, 35, 2, 34, 1252.0, 1154, 0.0, 0.0, 98, 35, 4, 894, 0.011, 0, 0.000, 235, 0.003, 0.014
1717, 350.8, 35, 2, 34, 1254.0, 1154, 0.0, 0.0, 100, 35, 4, 897, 0.011, 0, 0.000, 235, 0.003, 0.014
1719, 333.6, 35, 2, 34, 1582.0, 1480, 0.0, 0.0, 102, 35, 4, 900, 0.011, 0, 0.000, 235, 0.003, 0.014
1721, 332.9, 35, 2, 34, 1358.0, 1254, 0.0, 0.0, 104, 35, 4, 903, 0.011, 0, 0.000, 235, 0.003, 0.014
1723, 320.1, 35, 2, 34, 4532.0, 4428, 0.0, 0.0, 104, 35, 4, 904, 0.011, 0, 0.000, 235, 0.003, 0.014
1724, 333.0, 35, 2, 34, 4092.0, 3988, 0.0, 0.0, 104, 35, 4, 907, 0.011, 0, 0.000, 235, 0.003, 0.014
1726, 336.1, 35, 2, 34, 1600.0, 1496, 0.0, 0.0, 104, 35, 4, 909, 0.011, 0, 0.000, 238, 0.003, 0.014
1728, 347.8, 35, 2, 34, 3966.0, 3900, 0.0, 0.0, 66, 35, 4, 910, 0.011, 0, 0.000, 240, 0.003, 0.014
1730, 340.2, 35, 2, 34, 4288.0, 4220, 0.0, 0.0, 68, 35, 4, 913, 0.011, 0, 0.000, 240, 0.003, 0.014
1732, 314.9, 35, 2, 34, 3706.0, 3638, 0.0, 0.0, 68, 35, 4, 916, 0.011, 0, 0.000, 240, 0.003, 0.014
1733, 346.0, 35, 2, 34, 1304.0, 1236, 0.0, 0.0, 68, 35, 4, 918, 0.012, 0, 0.000, 240, 0.003, 0.014
1735, 358.2, 35, 2, 34, 1372.0, 1304, 0.0, 0.0, 68, 35, 4, 921, 0.012, 0, 0.000, 240, 0.003, 0.015
1737, 323.7, 35, 2, 34, 1472.0, 1402, 0.0, 0.0, 70, 35, 4, 924, 0.012, 0, 0.000, 240, 0.003, 0.015
1738, 361.1, 35, 2, 34, 1394.0, 1322, 0.0, 0.0, 72, 35, 4, 927, 0.012, 0, 0.000, 240, 0.003, 0.015
1740, 342.9, 35, 2, 34, 1304.0, 1232, 0.0, 0.0, 72, 35, 4, 930, 0.012, 0, 0.000, 240, 0.003, 0.015
1742, 320.8, 35, 2, 34, 4668.0, 4594, 0.0, 0.0, 74, 35, 4, 931, 0.012, 0, 0.000, 240, 0.003, 0.015
1744, 360.4, 35, 2, 34, 1312.0, 1236, 0.0, 0.0, 76, 35, 4, 936, 0.012, 0, 0.000, 240, 0.003, 0.015
1745, 355.9, 35, 2, 34, 1312.0, 1236, 0.0, 0.0, 76, 35, 4, 939, 0.012, 0, 0.000, 240, 0.003, 0.015
1747, 330.5, 35, 2, 34, 1510.0, 1432, 0.0, 0.0, 78, 35, 4, 942, 0.012, 0, 0.000, 240, 0.003, 0.015
1749, 320.8, 35, 2, 34, 1210.0, 1132, 0.0, 0.0, 78, 35, 4, 945, 0.012, 0, 0.000, 240, 0.003, 0.015
1751, 326.3, 35, 2, 34, 4596.0, 4518, 0.0, 0.0, 78, 35, 4, 946, 0.012, 0, 0.000, 240, 0.003, 0.015
1752, 328.4, 35, 2, 34, 1536.0, 1458, 0.0, 0.0, 78, 35, 4, 948, 0.012, 0, 0.000, 240, 0.003, 0.015
1754, 353.5, 35, 2, 34, 1348.0, 1270, 0.0, 0.0, 78, 35, 4, 951, 0.012, 0, 0.000, 240, 0.003, 0.015
1756, 347.8, 35, 2, 34, 1520.0, 1442, 0.0, 0.0, 78, 35, 4, 954, 0.012, 0, 0.000, 240, 0.003, 0.015
1758, 310.1, 35, 2, 34, 1168.0, 1088, 0.0, 0.0, 80, 35, 4, 957, 0.012, 0, 0.000, 240, 0.003, 0.015
1759, 321.0, 35, 2, 34, 4596.0, 4516, 0.0, 0.0, 80, 35, 4, 958, 0.012, 0, 0.000, 240, 0.003, 0.015
1761, 336.9, 35, 2, 34, 3960.0, 3878, 0.0, 0.0, 82, 35, 4, 961, 0.012, 0, 0.000, 240, 0.003, 0.015
1763, 338.7, 35, 2, 34, 4532.0, 4448, 0.0, 0.0, 84, 35, 4, 965, 0.012, 0, 0.000, 240, 0.003, 0.015
1765, 309.3, 35, 2, 34, 4350.0, 4266, 0.0, 0.0, 84, 35, 4, 967, 0.012, 0, 0.000, 240, 0.003, 0.015
1766, 345.0, 35, 2, 34, 1470.0, 1386, 0.0, 0.0, 84, 35, 4, 969, 0.012, 0, 0.000, 240, 0.003, 0.015
1768, 348.7, 35, 2, 34, 1302.0, 1216, 0.0, 0.0, 86, 35, 4, 972, 0.012, 0, 0.000, 240, 0.003, 0.015
1770, 337.6, 35, 2, 34, 1268.0, 1182, 0.0, 0.0, 86, 35, 4, 975, 0.012, 0, 0.000, 240, 0.003, 0.015
1772, 319.9, 35, 2, 34, 5164.0, 5078, 0.0, 0.0, 86, 35, 4, 976, 0.012, 0, 0.000, 240, 0.003, 0.015
1773, 323.8, 35, 2, 34, 4016.0, 3928, 0.0, 0.0, 88, 35, 4, 979, 0.012, 0, 0.000, 240, 0.003, 0.015
1775, 325.3, 35, 2, 34, 1178.0, 1090, 0.0, 0.0, 88, 35, 4, 981, 0.012, 0, 0.000, 240, 0.003, 0.015
1777, 353.4, 35, 2, 34, 1376.0, 1288, 0.0, 0.0, 88, 35, 4, 984, 0.012, 0, 0.000, 240, 0.003, 0.015
1779, 331.7, 35, 2, 34, 1420.0, 1330, 0.0, 0.0, 90, 35, 4, 987, 0.012, 0, 0.000, 240, 0.003, 0.015
1780, 327.7, 35, 2, 34, 1354.0, 1264, 0.0, 0.0, 90, 35, 4, 990, 0.012, 0, 0.000, 240, 0.003, 0.015
1782, 320.8, 35, 2, 34, 4844.0, 4754, 0.0, 0.0, 90, 35, 4, 991, 0.012, 0, 0.000, 240, 0.003, 0.015
1784, 326.9, 35, 2, 34, 1438.0, 1348, 0.0, 0.0, 90, 35, 4, 996, 0.013, 0, 0.000, 240, 0.003, 0.016
1786, 316.5, 35, 2, 34, 1620.0, 1530, 0.0, 0.0, 90, 35, 4, 999, 0.013, 0, 0.000, 240, 0.003, 0.016
1788, 307.9, 35, 2, 34, 1678.0, 1586, 0.0, 0.0, 92, 35, 4, 1002, 0.013, 0, 0.000, 240, 0.003, 0.016
1790, 322.0, 35, 2, 34, 1576.0, 1484, 0.0, 0.0, 92, 35, 4, 1005, 0.013, 0, 0.000, 240, 0.003, 0.016
1792, 317.9, 35, 2, 34, 4236.0, 4144, 0.0, 0.0, 92, 35, 4, 1006, 0.013, 0, 0.000, 240, 0.003, 0.016
1793, 325.9, 35, 2, 34, 4394.0, 4300, 0.0, 0.0, 94, 35, 4, 1009, 0.013, 0, 0.000, 240, 0.003, 0.016
1795, 351.9, 35, 2, 34, 1606.0, 1512, 0.0, 0.0, 94, 35, 4, 1011, 0.013, 0, 0.000, 240, 0.003, 0.016
1797, 346.9, 35, 2, 34, 3482.0, 3386, 0.0, 0.0, 96, 35, 4, 1015, 0.013, 0, 0.000, 240, 0.003, 0.016
1799, 330.9, 35, 2, 34, 3816.0, 3720, 0.0, 0.0, 96, 35, 4, 1017, 0.013, 0, 0.000, 241, 0.003, 0.016
1800, 350.6, 35, 2, 34, 1882.0, 1784, 0.0, 0.0, 98, 35, 4, 1017, 0.013, 0, 0.000, 245, 0.003, 0.016
1802, 335.7, 35, 2, 34, 1254.0, 1186, 0.0, 0.0, 68, 35, 4, 1020, 0.013, 0, 0.000, 245, 0.003, 0.016
1804, 323.4, 35, 2, 34, 4996.0, 4928, 0.0, 0.0, 68, 35, 4, 1021, 0.013, 0, 0.000, 245, 0.003, 0.016
1805, 330.7, 35, 2, 34, 1318.0, 1250, 0.0, 0.0, 68, 35, 4, 1023, 0.013, 0, 0.000, 245, 0.003, 0.016
1807, 354.9, 35, 2, 34, 1330.0, 1262, 0.0, 0.0, 68, 35, 4, 1026, 0.013, 0, 0.000, 245, 0.003, 0.016
1808, 293.9, 35, 2, 34, 5100.0, 5032, 0.0, 0.0, 68, 35, 4, 1027, 0.013, 0, 0.000, 245, 0.003, 0.016
1810, 324.3, 35, 2, 34, 4094.0, 4024, 0.0, 0.0, 70, 35, 4, 1030, 0.013, 0, 0.000, 245, 0.003, 0.016
1812, 333.5, 35, 2, 34, 1298.0, 1228, 0.0, 0.0, 70, 35, 4, 1032, 0.013, 0, 0.000, 245, 0.003, 0.016
1814, 343.6, 35, 2, 34, 1314.0, 1242, 0.0, 0.0, 72, 35, 4, 1035, 0.013, 0, 0.000, 245, 0.003, 0.016
1815, 351.0, 35, 2, 34, 1292.0, 1218, 0.0, 0.0, 74, 35, 4, 1038, 0.013, 0, 0.000, 245, 0.003, 0.016
1817, 320.9, 35, 2, 34, 1658.0, 1584, 0.0, 0.0, 74, 35, 4, 1041, 0.013, 0, 0.000, 245, 0.003, 0.016
1819, 327.3, 35, 2, 34, 1272.0, 1196, 0.0, 0.0, 76, 35, 4, 1044, 0.013, 0, 0.000, 245, 0.003, 0.016
1821, 322.4, 35, 2, 34, 1310.0, 1234, 0.0, 0.0, 76, 35, 4, 1047, 0.013, 0, 0.000, 245, 0.003, 0.016
1822, 328.2, 35, 2, 34, 4548.0, 4472, 0.0, 0.0, 76, 35, 4, 1048, 0.013, 0, 0.000, 245, 0.003, 0.016
1824, 349.1, 35, 2, 34, 1546.0, 1470, 0.0, 0.0, 76, 35, 4, 1050, 0.013, 0, 0.000, 245, 0.003, 0.016
1826, 355.5, 35, 2, 34, 1446.0, 1368, 0.0, 0.0, 78, 35, 4, 1053, 0.013, 0, 0.000, 245, 0.003, 0.016
1828, 355.9, 35, 2, 34, 1376.0, 1298, 0.0, 0.0, 78, 35, 4, 1056, 0.013, 0, 0.000, 245, 0.003, 0.016
1829, 323.9, 35, 2, 34, 1306.0, 1226, 0.0, 0.0, 80, 35, 4, 1059, 0.013, 0, 0.000, 245, 0.003, 0.016
1831, 325.0, 35, 2, 34, 5100.0, 5020, 0.0, 0.0, 80, 35, 4, 1060, 0.013, 0, 0.000, 245, 0.003, 0.016
1833, 322.2, 35, 2, 34, 1296.0, 1216, 0.0, 0.0, 80, 35, 4, 1062, 0.013, 0, 0.000, 245, 0.003, 0.016
1835, 339.8, 35, 2, 34, 1288.0, 1208, 0.0, 0.0, 80, 35, 4, 1065, 0.013, 0, 0.000, 245, 0.003, 0.016
1836, 310.2, 35, 2, 34, 5532.0, 5450, 0.0, 0.0, 82, 35, 4, 1066, 0.013, 0, 0.000, 245, 0.003, 0.016
1838, 344.7, 35, 2, 34, 1440.0, 1358, 0.0, 0.0, 82, 35, 4, 1068, 0.013, 0, 0.000, 245, 0.003, 0.017
1840, 352.9, 35, 2, 34, 1284.0, 1200, 0.0, 0.0, 84, 35, 4, 1071, 0.013, 0, 0.000, 245, 0.003, 0.017
1841, 353.7, 35, 2, 34, 1300.0, 1216, 0.0, 0.0, 84, 35, 4, 1074, 0.014, 0, 0.000, 245, 0.003, 0.017
1843, 322.9, 35, 2, 34, 6310.0, 6224, 0.0, 0.0, 86, 35, 4, 1076, 0.014, 0, 0.000, 245, 0.003, 0.017
1845, 349.7, 35, 2, 34, 1240.0, 1154, 0.0, 0.0, 86, 35, 4, 1080, 0.014, 0, 0.000, 245, 0.003, 0.017
1847, 339.1, 35, 2, 34, 1494.0, 1406, 0.0, 0.0, 88, 35, 4, 1083, 0.014, 0, 0.000, 245, 0.003, 0.017
1848, 286.5, 35, 2, 34, 4560.0, 4470, 0.0, 0.0, 90, 35, 4, 1084, 0.014, 0, 0.000, 245, 0.003, 0.017
1850, 329.1, 35, 2, 34, 4524.0, 4434, 0.0, 0.0, 90, 35, 4, 1087, 0.014, 0, 0.000, 245, 0.003, 0.017
1852, 353.4, 35, 2, 34, 1574.0, 1484, 0.0, 0.0, 90, 35, 4, 1089, 0.014, 0, 0.000, 245, 0.003, 0.017
1853, 359.1, 35, 2, 34, 1280.0, 1190, 0.0, 0.0, 90, 35, 4, 1092, 0.014, 0, 0.000, 245, 0.003, 0.017
1855, 351.6, 35, 2, 34, 1330.0, 1238, 0.0, 0.0, 92, 35, 4, 1095, 0.014, 0, 0.000, 245, 0.003, 0.017
1857, 355.2, 35, 2, 34, 2164.0, 2064, 0.0, 0.0, 100, 35, 4, 1095, 0.014, 0, 0.000, 250, 0.003, 0.017
1859, 320.0, 35, 2, 34, 1708.0, 1642, 0.0, 0.0, 66, 35, 4, 1098, 0.014, 0, 0.000, 250, 0.003, 0.017
1860, 339.8, 35, 2, 34, 1236.0, 1168, 0.0, 0.0, 68, 35, 4, 1101, 0.014, 0, 0.000, 250, 0.003, 0.017
1862, 352.4, 35, 2, 34, 1356.0, 1288, 0.0, 0.0, 68, 35, 4, 1104, 0.014, 0, 0.000, 250, 0.003, 0.017
1864, 338.0, 35, 2, 34, 1338.0, 1270, 0.0, 0.0, 68, 35, 4, 1107, 0.014, 0, 0.000, 250, 0.003, 0.017
1866, 325.9, 35, 2, 34, 1666.0, 1598, 0.0, 0.0, 68, 35, 4, 1110, 0.014, 0, 0.000, 250, 0.003, 0.017
1868, 315.9, 35, 2, 34, 1360.0, 1290, 0.0, 0.0, 70, 35, 4, 1113, 0.014, 0, 0.000, 250, 0.003, 0.017
1869, 323.3, 35, 2, 34, 1714.0, 1644, 0.0, 0.0, 70, 35, 4, 1116, 0.014, 0, 0.000, 250, 0.003, 0.017
1871, 351.7, 35, 2, 34, 1366.0, 1292, 0.0, 0.0, 74, 35, 4, 1119, 0.014, 0, 0.000, 250, 0.003, 0.017
1873, 342.8, 35, 2, 34, 1396.0, 1320, 0.0, 0.0, 76, 35, 4, 1122, 0.014, 0, 0.000, 250, 0.003, 0.017
1875, 316.6, 35, 2, 34, 1632.0, 1554, 0.0, 0.0, 78, 35, 4, 1125, 0.014, 0, 0.000, 250, 0.003, 0.017
1877, 339.1, 35, 2, 34, 1338.0, 1260, 0.0, 0.0, 78, 35, 4, 1128, 0.014, 0, 0.000, 250, 0.003, 0.017
1878, 326.9, 35, 2, 34, 1198.0, 1120, 0.0, 0.0, 78, 35, 4, 1131, 0.014, 0, 0.000, 250, 0.003, 0.017
1880, 322.7, 35, 2, 34, 1518.0, 1438, 0.0, 0.0, 80, 35, 4, 1134, 0.014, 0, 0.000, 250, 0.003, 0.017
1882, 326.6, 35, 2, 34, 1634.0, 1552, 0.0, 0.0, 82, 35, 4, 1137, 0.014, 0, 0.000, 250, 0.003, 0.017
1884, 346.0, 35, 2, 34, 1280.0, 1198, 0.0, 0.0, 82, 35, 4, 1140, 0.014, 0, 0.000, 250, 0.003, 0.018
1886, 326.4, 35, 2, 34, 1482.0, 1398, 0.0, 0.0, 84, 35, 4, 1143, 0.014, 0, 0.000, 250, 0.003, 0.018
1887, 317.0, 35, 2, 34, 1494.0, 1408, 0.0, 0.0, 86, 35, 4, 1146, 0.014, 0, 0.000, 250, 0.003, 0.018
1889, 319.8, 35, 2, 34, 1466.0, 1380, 0.0, 0.0, 86, 35, 4, 1149, 0.015, 0, 0.000, 250, 0.003, 0.018
1891, 316.2, 35, 2, 34, 1490.0, 1402, 0.0, 0.0, 88, 35, 4, 1152, 0.015, 0, 0.000, 250, 0.003, 0.018
1893, 321.4, 35, 2, 34, 4404.0, 4316, 0.0, 0.0, 88, 35, 4, 1153, 0.015, 0, 0.000, 250, 0.003, 0.018
1895, 351.6, 35, 2, 34, 3802.0, 3712, 0.0, 0.0, 90, 35, 4, 1156, 0.015, 0, 0.000, 250, 0.003, 0.018
1896, 334.5, 35, 2, 34, 4196.0, 4104, 0.0, 0.0, 92, 35, 4, 1159, 0.015, 0, 0.000, 250, 0.003, 0.018
1898, 355.0, 35, 2, 34, 1470.0, 1378, 0.0, 0.0, 92, 35, 4, 1161, 0.015, 0, 0.000, 250, 0.003, 0.018
1900, 353.1, 35, 2, 34, 1438.0, 1346, 0.0, 0.0, 92, 35, 4, 1164, 0.015, 0, 0.000, 250, 0.003, 0.018
1902, 349.3, 35, 2, 34, 1456.0, 1362, 0.0, 0.0, 94, 35, 4, 1167, 0.015, 0, 0.000, 250, 0.003, 0.018
1903, 319.7, 35, 2, 34, 6066.0, 5970, 0.0, 0.0, 96, 35, 4, 1169, 0.015, 0, 0.000, 250, 0.003, 0.018
1905, 331.7, 35, 2, 34, 3916.0, 3820, 0.0, 0.0, 96, 35, 4, 1171, 0.015, 0, 0.000, 250, 0.003, 0.018
1907, 350.7, 35, 2, 34, 1544.0, 1446, 0.0, 0.0, 98, 35, 4, 1176, 0.015, 0, 0.000, 250, 0.003, 0.018
1909, 334.6, 35, 2, 34, 1378.0, 1278, 0.0, 0.0, 100, 35, 4, 1179, 0.015, 0, 0.000, 250, 0.003, 0.018
1910, 335.1, 35, 2, 34, 1702.0, 1600, 0.0, 0.0, 102, 35, 4, 1182, 0.015, 0, 0.000, 250, 0.003, 0.018
1912, 353.7, 35, 2, 34, 1262.0, 1158, 0.0, 0.0, 104, 35, 4, 1185, 0.015, 0, 0.000, 250, 0.003, 0.018
1914, 356.8, 35, 2, 34, 1426.0, 1322, 0.0, 0.0, 104, 35, 4, 1188, 0.015, 0, 0.000, 250, 0.003, 0.018
1916, 341.1, 35, 2, 34, 1370.0, 1264, 0.0, 0.0, 106, 35, 4, 1191, 0.015, 0, 0.000, 250, 0.003, 0.018
1917, 323.3, 35, 2, 34, 4960.0, 4854, 0.0, 0.0, 106, 35, 4, 1192, 0.015, 0, 0.000, 250, 0.003, 0.018
1919, 338.1, 35, 2, 34, 1370.0, 1264, 0.0, 0.0, 106, 35, 4, 1197, 0.015, 0, 0.000, 250, 0.003, 0.018
1921, 318.7, 35, 2, 34, 1672.0, 1566, 0.0, 0.0, 106, 35, 4, 1200, 0.015, 0, 0.000, 250, 0.003, 0.018
1923, 323.7, 35, 2, 34, 1236.0, 1128, 0.0, 0.0, 108, 35, 4, 1203, 0.015, 0, 0.000, 250, 0.003, 0.018
1925, 328.5, 35, 2, 34, 1788.0, 1680, 0.0, 0.0, 108, 35, 4, 1206, 0.015, 0, 0.000, 250, 0.003, 0.018
1927, 338.8, 35, 2, 34, 2280.0, 2170, 0.0, 0.0, 110, 35, 4, 1206, 0.015, 0, 0.000, 255, 0.003, 0.018
1928, 346.7, 35, 2, 34, 1508.0, 1442, 0.0, 0.0, 66, 35, 4, 1209, 0.015, 0, 0.000, 255, 0.003, 0.018
1930, 326.1, 35, 2, 34, 1596.0, 1528, 0.0, 0.0, 68, 35, 4, 1212, 0.015, 0, 0.000, 255, 0.003, 0.018
1932, 349.2, 35, 2, 34, 1316.0, 1248, 0.0, 0.0, 68, 35, 4, 1215, 0.015, 0, 0.000, 255, 0.003, 0.019
1934, 354.3, 35, 2, 34, 1238.0, 1170, 0.0, 0.0, 68, 35, 4, 1218, 0.015, 0, 0.000, 255, 0.003, 0.019
1935, 342.3, 35, 2, 34, 1332.0, 1262, 0.0, 0.0, 70, 35, 4, 1221, 0.015, 0, 0.000, 255, 0.003, 0.019
1937, 328.6, 35, 2, 34, 1408.0, 1334, 0.0, 0.0, 74, 35, 4, 1224, 0.015, 0, 0.000, 255, 0.003, 0.019
1939, 306.9, 35, 2, 34, 1266.0, 1192, 0.0, 0.0, 74, 35, 4, 1227, 0.015, 0, 0.000, 255, 0.003, 0.019
1941, 305.9, 35, 2, 34, 4786.0, 4712, 0.0, 0.0, 74, 35, 4, 1228, 0.015, 0, 0.000, 255, 0.003, 0.019
1943, 348.8, 35, 2, 34, 3976.0, 3900, 0.0, 0.0, 76, 35, 4, 1231, 0.016, 0, 0.000, 255, 0.003, 0.019
1944, 343.9, 36, 2, 35, 1472.0, 1396, 0.0, 0.0, 76, 35, 4, 1233, 0.016, 0, 0.000, 255, 0.003, 0.019
1946, 383.2, 36, 2, 35, 1822.0, 1744, 0.0, 0.0, 78, 35, 4, 1236, 0.016, 0, 0.000, 255, 0.003, 0.019
1948, 395.1, 36, 2, 35, 1996.0, 1918, 0.0, 0.0, 78, 35, 4, 1239, 0.016, 0, 0.000, 255, 0.003, 0.019
1950, 394.2, 35, 2, 34, 3182.0, 3076, 0.0, 0.0, 106, 35, 4, 1243, 0.016, 0, 0.000, 255, 0.003, 0.019
1952, 390.9, 35, 2, 34, 1956.0, 1844, 0.0, 0.0, 112, 35, 4, 1249, 0.016, 0, 0.000, 255, 0.003, 0.019
1954, 343.3, 35, 2, 34, 1732.0, 1640, 0.0, 0.0, 92, 35, 4, 1251, 0.016, 0, 0.000, 260, 0.003, 0.019
1956, 392.9, 35, 2, 34, 1670.0, 1616, 0.0, 0.0, 54, 35, 4, 1254, 0.016, 0, 0.000, 260, 0.003, 0.019
1958, 397.0, 35, 2, 34, 1460.0, 1406, 0.0, 0.0, 54, 35, 4, 1257, 0.016, 0, 0.000, 260, 0.003, 0.019
1959, 394.3, 35, 2, 34, 3986.0, 3924, 0.0, 0.0, 62, 35, 4, 1261, 0.016, 0, 0.000, 260, 0.003, 0.019
1961, 397.2, 35, 2, 34, 1512.0, 1450, 0.0, 0.0, 62, 35, 4, 1263, 0.016, 0, 0.000, 260, 0.003, 0.019
1963, 395.0, 35, 2, 34, 1708.0, 1646, 0.0, 0.0, 62, 35, 4, 1266, 0.016, 0, 0.000, 260, 0.003, 0.019
1965, 398.2, 35, 2, 34, 1452.0, 1388, 0.0, 0.0, 64, 35, 4, 1269, 0.016, 0, 0.000, 260, 0.003, 0.019
1967, 398.5, 35, 2, 34, 1858.0, 1794, 0.0, 0.0, 64, 35, 4, 1272, 0.016, 0, 0.000, 260, 0.003, 0.019
1969, 396.7, 35, 2, 34, 4272.0, 4208, 0.0, 0.0, 64, 35, 4, 1276, 0.016, 0, 0.000, 260, 0.003, 0.019
1971, 389.3, 35, 2, 34, 4252.0, 4188, 0.0, 0.0, 64, 35, 4, 1279, 0.016, 0, 0.000, 260, 0.003, 0.019
1973, 395.4, 35, 2, 34, 3812.0, 3748, 0.0, 0.0, 64, 35, 4, 1282, 0.016, 0, 0.000, 260, 0.003, 0.020
1975, 386.2, 35, 2, 34, 1424.0, 1360, 0.0, 0.0, 64, 35, 4, 1287, 0.016, 0, 0.000, 260, 0.003, 0.020
1977, 395.6, 35, 2, 34, 1668.0, 1604, 0.0, 0.0, 64, 35, 4, 1293, 0.016, 0, 0.000, 260, 0.003, 0.020
1979, 394.8, 35, 2, 34, 1338.0, 1274, 0.0, 0.0, 64, 35, 4, 1296, 0.016, 0, 0.000, 260, 0.003, 0.020
1981, 389.9, 35, 2, 34, 1786.0, 1722, 0.0, 0.0, 64, 35, 4, 1299, 0.016, 0, 0.000, 260, 0.003, 0.020
1983, 395.0, 35, 2, 34, 1358.0, 1292, 0.0, 0.0, 66, 35, 4, 1302, 0.017, 0, 0.000, 260, 0.003, 0.020
1984, 399.0, 35, 2, 34, 1530.0, 1464, 0.0, 0.0, 66, 35, 4, 1305, 0.017, 0, 0.000, 260, 0.003, 0.020
1986, 394.1, 35, 2, 34, 3556.0, 3490, 0.0, 0.0, 66, 35, 4, 1309, 0.017, 0, 0.000, 260, 0.003, 0.020
1988, 396.0, 35, 2, 34, 1404.0, 1336, 0.0, 0.0, 68, 35, 4, 1314, 0.017, 0, 0.000, 260, 0.003, 0.020
1990, 392.9, 35, 2, 34, 1488.0, 1420, 0.0, 0.0, 68, 35, 4, 1317, 0.017, 0, 0.000, 260, 0.003, 0.020
1992, 392.9, 35, 2, 34, 1382.0, 1314, 0.0, 0.0, 68, 35, 4, 1320, 0.017, 0, 0.000, 260, 0.003, 0.020
1994, 399.7, 35, 2, 34, 1382.0, 1314, 0.0, 0.0, 68, 35, 4, 1323, 0.017, 0, 0.000, 260, 0.003, 0.020
1996, 394.5, 35, 2, 34, 2340.0, 2270, 0.0, 0.0, 70, 35, 4, 1327, 0.017, 0, 0.000, 260, 0.003, 0.020
1998, 396.6, 35, 2, 34, 3224.0, 3154, 0.0, 0.0, 70, 35, 4, 1333, 0.017, 0, 0.000, 260, 0.003, 0.020
1999, 394.4, 35, 2, 34, 4438.0, 4366, 0.0, 0.0, 72, 35, 4, 1336, 0.017, 0, 0.000, 260, 0.003, 0.020
2001, 397.3, 35, 2, 34, 2406.0, 2332, 0.0, 0.0, 74, 35, 4, 1341, 0.017, 0, 0.000, 261, 0.003, 0.020
2003, 397.1, 35, 2, 34, 1592.0, 1534, 0.0, 0.0, 58, 35, 4, 1344, 0.017, 0, 0.000, 265, 0.003, 0.020
2005, 396.0, 35, 2, 34, 1374.0, 1316, 0.0, 0.0, 58, 35, 4, 1347, 0.017, 0, 0.000, 265, 0.003, 0.020
2007, 384.5, 35, 2, 34, 1094.0, 1034, 0.0, 0.0, 60, 35, 4, 1350, 0.017, 0, 0.000, 265, 0.003, 0.020
2009, 395.1, 35, 2, 34, 1578.0, 1518, 0.0, 0.0, 60, 35, 4, 1353, 0.017, 0, 0.000, 265, 0.003, 0.020
2011, 395.0, 35, 2, 34, 1410.0, 1348, 0.0, 0.0, 62, 35, 4, 1359, 0.017, 0, 0.000, 265, 0.003, 0.021
2013, 395.3, 35, 2, 34, 1748.0, 1686, 0.0, 0.0, 62, 35, 4, 1362, 0.017, 0, 0.000, 265, 0.003, 0.021
2015, 394.3, 35, 2, 34, 1560.0, 1498, 0.0, 0.0, 62, 35, 4, 1365, 0.017, 0, 0.000, 265, 0.003, 0.021
2017, 392.8, 35, 2, 34, 1224.0, 1162, 0.0, 0.0, 62, 35, 4, 1368, 0.017, 0, 0.000, 265, 0.003, 0.021
2019, 396.3, 35, 2, 34, 1124.0, 1062, 0.0, 0.0, 62, 35, 4, 1374, 0.017, 0, 0.000, 265, 0.003, 0.021
2021, 394.3, 35, 2, 34, 1446.0, 1384, 0.0, 0.0, 62, 35, 4, 1377, 0.017, 0, 0.000, 265, 0.003, 0.021
2022, 395.6, 35, 2, 34, 4266.0, 4202, 0.0, 0.0, 64, 35, 4, 1381, 0.017, 0, 0.000, 265, 0.003, 0.021
2024, 396.9, 35, 2, 34, 1284.0, 1220, 0.0, 0.0, 64, 35, 4, 1383, 0.018, 0, 0.000, 265, 0.003, 0.021
2026, 397.9, 35, 2, 34, 3952.0, 3884, 0.0, 0.0, 68, 35, 4, 1387, 0.018, 0, 0.000, 265, 0.003, 0.021
2028, 398.2, 35, 2, 34, 4558.0, 4490, 0.0, 0.0, 68, 35, 4, 1390, 0.018, 0, 0.000, 265, 0.003, 0.021
2030, 396.3, 35, 2, 34, 4950.0, 4882, 0.0, 0.0, 68, 35, 4, 1393, 0.018, 0, 0.000, 265, 0.003, 0.021
2032, 397.8, 35, 2, 34, 1242.0, 1174, 0.0, 0.0, 68, 35, 4, 1395, 0.018, 0, 0.000, 265, 0.003, 0.021
2034, 398.6, 35, 2, 34, 1520.0, 1452, 0.0, 0.0, 68, 35, 4, 1398, 0.018, 0, 0.000, 265, 0.003, 0.021
2036, 396.7, 35, 2, 34, 1508.0, 1440, 0.0, 0.0, 68, 35, 4, 1404, 0.018, 0, 0.000, 265, 0.003, 0.021
2038, 392.4, 35, 2, 34, 1368.0, 1300, 0.0, 0.0, 68, 35, 4, 1407, 0.018, 0, 0.000, 265, 0.003, 0.021
2040, 393.5, 35, 2, 34, 1342.0, 1274, 0.0, 0.0, 68, 35, 4, 1410, 0.018, 0, 0.000, 265, 0.003, 0.021
2042, 386.0, 35, 2, 34, 1768.0, 1700, 0.0, 0.0, 68, 35, 4, 1413, 0.018, 0, 0.000, 265, 0.003, 0.021
2043, 387.4, 35, 2, 34, 1464.0, 1394, 0.0, 0.0, 70, 35, 4, 1416, 0.018, 0, 0.000, 265, 0.003, 0.021
2045, 398.1, 35, 2, 34, 1828.0, 1758, 0.0, 0.0, 70, 35, 4, 1419, 0.018, 0, 0.000, 265, 0.003, 0.021
2047, 393.1, 35, 2, 34, 3754.0, 3682, 0.0, 0.0, 72, 35, 4, 1423, 0.018, 0, 0.000, 265, 0.003, 0.021
2049, 395.9, 35, 2, 34, 4234.0, 4162, 0.0, 0.0, 72, 35, 4, 1426, 0.018, 0, 0.000, 265, 0.003, 0.021
2051, 396.8, 35, 2, 34, 1110.0, 1038, 0.0, 0.0, 72, 35, 4, 1431, 0.018, 0, 0.000, 265, 0.003, 0.021
2053, 390.8, 35, 2, 34, 1646.0, 1574, 0.0, 0.0, 72, 35, 4, 1434, 0.018, 0, 0.000, 265, 0.003, 0.021
2055, 394.5, 35, 2, 34, 1412.0, 1340, 0.0, 0.0, 72, 35, 4, 1437, 0.018, 0, 0.000, 265, 0.003, 0.022
2057, 395.0, 35, 2, 34, 1616.0, 1544, 0.0, 0.0, 72, 35, 4, 1440, 0.018, 0, 0.000, 265, 0.003, 0.022
2059, 391.2, 35, 2, 34, 1662.0, 1590, 0.0, 0.0, 72, 35, 4, 1443, 0.018, 0, 0.000, 265, 0.003, 0.022
2061, 395.3, 35, 2, 34, 1716.0, 1644, 0.0, 0.0, 72, 35, 4, 1446, 0.018, 0, 0.000, 265, 0.003, 0.022
2063, 393.7, 35, 2, 34, 3130.0, 3058, 0.0, 0.0, 72, 35, 4, 1449, 0.018, 0, 0.000, 266, 0.003, 0.022
2065, 395.1, 35, 2, 34, 2176.0, 2110, 0.0, 0.0, 66, 35, 4, 1449, 0.018, 0, 0.000, 270, 0.003, 0.022
2067, 395.7, 35, 2, 34, 4480.0, 4418, 0.0, 0.0, 62, 35, 4, 1453, 0.018, 0, 0.000, 270, 0.003, 0.022
2069, 396.9, 35, 2, 34, 1574.0, 1512, 0.0, 0.0, 62, 35, 4, 1455, 0.018, 0, 0.000, 270, 0.003, 0.022
2070, 397.0, 35, 2, 34, 1768.0, 1706, 0.0, 0.0, 62, 35, 4, 1458, 0.018, 0, 0.000, 270, 0.003, 0.022
2072, 397.2, 35, 2, 34, 1280.0, 1216, 0.0, 0.0, 64, 35, 4, 1461, 0.019, 0, 0.000, 270, 0.003, 0.022
2074, 396.6, 35, 2, 34, 1416.0, 1352, 0.0, 0.0, 64, 35, 4, 1464, 0.019, 0, 0.000, 270, 0.003, 0.022
2076, 397.3, 35, 2, 34, 1436.0, 1372, 0.0, 0.0, 64, 35, 4, 1467, 0.019, 0, 0.000, 270, 0.003, 0.022
2078, 396.4, 35, 2, 34, 1136.0, 1072, 0.0, 0.0, 64, 35, 4, 1470, 0.019, 0, 0.000, 270, 0.003, 0.022
2080, 397.2, 35, 2, 34, 1332.0, 1268, 0.0, 0.0, 64, 35, 4, 1473, 0.019, 0, 0.000, 270, 0.003, 0.022
2082, 396.0, 35, 2, 34, 1380.0, 1316, 0.0, 0.0, 64, 35, 4, 1476, 0.019, 0, 0.000, 270, 0.003, 0.022
2084, 395.7, 35, 2, 34, 1880.0, 1816, 0.0, 0.0, 64, 35, 4, 1480, 0.019, 0, 0.000, 270, 0.003, 0.022
2086, 396.6, 35, 2, 34, 1764.0, 1700, 0.0, 0.0, 64, 35, 4, 1485, 0.019, 0, 0.000, 270, 0.003, 0.022
2088, 397.6, 35, 2, 34, 1332.0, 1268, 0.0, 0.0, 64, 35, 4, 1491, 0.019, 0, 0.000, 270, 0.003, 0.022
2090, 388.4, 35, 2, 34, 1450.0, 1386, 0.0, 0.0, 64, 35, 4, 1494, 0.019, 0, 0.000, 270, 0.003, 0.022
2091, 393.7, 35, 2, 34, 1890.0, 1824, 0.0, 0.0, 66, 35, 4, 1498, 0.019, 0, 0.000, 270, 0.003, 0.022
2093, 395.9, 35, 2, 34, 1432.0, 1366, 0.0, 0.0, 66, 35, 4, 1503, 0.019, 0, 0.000, 270, 0.003, 0.022
2095, 395.3, 35, 2, 34, 1460.0, 1394, 0.0, 0.0, 66, 35, 4, 1506, 0.019, 0, 0.000, 270, 0.003, 0.022
2097, 395.2, 35, 2, 34, 1578.0, 1512, 0.0, 0.0, 66, 35, 4, 1509, 0.019, 0, 0.000, 270, 0.003, 0.023
2099, 395.1, 35, 2, 34, 1538.0, 1472, 0.0, 0.0, 66, 35, 4, 1512, 0.019, 0, 0.000, 270, 0.003, 0.023
2101, 393.7, 35, 2, 34, 1698.0, 1632, 0.0, 0.0, 66, 35, 4, 1515, 0.019, 0, 0.000, 270, 0.003, 0.023
2103, 397.5, 35, 2, 34, 1714.0, 1646, 0.0, 0.0, 68, 35, 4, 1518, 0.019, 0, 0.000, 270, 0.003, 0.023
2105, 397.2, 35, 2, 34, 1564.0, 1496, 0.0, 0.0, 68, 35, 4, 1521, 0.019, 0, 0.000, 270, 0.003, 0.023
2106, 397.0, 35, 2, 34, 1216.0, 1148, 0.0, 0.0, 68, 35, 4, 1524, 0.019, 0, 0.000, 270, 0.003, 0.023
2108, 396.3, 35, 2, 34, 1394.0, 1326, 0.0, 0.0, 68, 35, 4, 1527, 0.019, 0, 0.000, 270, 0.003, 0.023
2110, 396.5, 35, 2, 34, 1668.0, 1600, 0.0, 0.0, 68, 35, 4, 1530, 0.019, 0, 0.000, 270, 0.003, 0.023
2112, 395.2, 35, 2, 34, 2260.0, 2190, 0.0, 0.0, 70, 35, 4, 1534, 0.019, 0, 0.000, 270, 0.003, 0.023
2114, 398.1, 35, 2, 34, 2964.0, 2894, 0.0, 0.0, 70, 35, 4, 1540, 0.020, 0, 0.000, 270, 0.003, 0.023
2116, 393.2, 35, 2, 34, 1718.0, 1646, 0.0, 0.0, 72, 35, 4, 1545, 0.020, 0, 0.000, 270, 0.003, 0.023
2118, 395.2, 35, 2, 34, 3082.0, 3010, 0.0, 0.0, 72, 35, 4, 1549, 0.020, 0, 0.000, 270, 0.003, 0.023
2120, 394.4, 35, 2, 34, 1604.0, 1532, 0.0, 0.0, 72, 35, 4, 1554, 0.020, 0, 0.000, 270, 0.003, 0.023
2122, 389.9, 35, 2, 34, 1278.0, 1206, 0.0, 0.0, 72, 35, 4, 1557, 0.020, 0, 0.000, 270, 0.003, 0.023
2123, 397.4, 35, 2, 34, 1230.0, 1158, 0.0, 0.0, 72, 35, 4, 1560, 0.020, 0, 0.000, 270, 0.003, 0.023
2125, 394.7, 35, 2, 34, 1944.0, 1872, 0.0, 0.0, 72, 35, 4, 1563, 0.020, 0, 0.000, 270, 0.003, 0.023
2127, 397.2, 35, 2, 34, 1958.0, 1892, 0.0, 0.0, 66, 35, 4, 1566, 0.020, 0, 0.000, 275, 0.003, 0.023
2129, 394.1, 35, 2, 34, 1694.0, 1634, 0.0, 0.0, 60, 35, 4, 1569, 0.020, 0, 0.000, 275, 0.003, 0.023
2131, 394.2, 35, 2, 34, 3576.0, 3514, 0.0, 0.0, 62, 35, 4, 1573, 0.020, 0, 0.000, 275, 0.003, 0.023
2133, 394.8, 35, 2, 34, 1832.0, 1770, 0.0, 0.0, 62, 35, 4, 1578, 0.020, 0, 0.000, 275, 0.003, 0.023
2135, 386.1, 35, 2, 34, 1408.0, 1346, 0.0, 0.0, 62, 35, 4, 1581, 0.020, 0, 0.000, 275, 0.003, 0.023
2137, 396.7, 35, 2, 34, 1570.0, 1504, 0.0, 0.0, 66, 35, 4, 1588, 0.020, 0, 0.000, 275, 0.003, 0.024
2139, 396.0, 35, 2, 34, 1398.0, 1332, 0.0, 0.0, 66, 35, 4, 1593, 0.020, 0, 0.000, 275, 0.003, 0.024
2141, 394.6, 35, 2, 34, 1688.0, 1620, 0.0, 0.0, 68, 35, 4, 1596, 0.020, 0, 0.000, 275, 0.003, 0.024
2143, 399.1, 35, 2, 34, 1544.0, 1476, 0.0, 0.0, 68, 35, 4, 1599, 0.020, 0, 0.000, 275, 0.003, 0.024
2145, 394.6, 35, 2, 34, 1646.0, 1576, 0.0, 0.0, 70, 35, 4, 1602, 0.020, 0, 0.000, 275, 0.003, 0.024
2147, 396.4, 35, 2, 34, 4132.0, 4060, 0.0, 0.0, 72, 35, 4, 1606, 0.020, 0, 0.000, 275, 0.003, 0.024
2149, 396.0, 35, 2, 34, 4160.0, 4088, 0.0, 0.0, 72, 35, 4, 1609, 0.020, 0, 0.000, 275, 0.003, 0.024
2151, 393.5, 35, 2, 34, 4602.0, 4530, 0.0, 0.0, 72, 35, 4, 1612, 0.020, 0, 0.000, 275, 0.003, 0.024
2153, 394.7, 35, 2, 34, 1494.0, 1422, 0.0, 0.0, 72, 35, 4, 1617, 0.020, 0, 0.000, 275, 0.003, 0.024
2155, 393.9, 35, 2, 34, 4740.0, 4668, 0.0, 0.0, 72, 35, 4, 1618, 0.020, 0, 0.000, 275, 0.003, 0.024
2157, 397.7, 35, 2, 34, 2624.0, 2552, 0.0, 0.0, 72, 35, 4, 1624, 0.021, 0, 0.000, 275, 0.003, 0.024
2159, 389.8, 35, 2, 34, 1464.0, 1390, 0.0, 0.0, 74, 35, 4, 1629, 0.021, 0, 0.000, 275, 0.003, 0.024
2160, 395.7, 35, 2, 34, 1452.0, 1376, 0.0, 0.0, 76, 35, 4, 1632, 0.021, 0, 0.000, 275, 0.003, 0.024
2162, 389.3, 35, 2, 34, 1664.0, 1588, 0.0, 0.0, 76, 35, 4, 1635, 0.021, 0, 0.000, 275, 0.003, 0.024
2164, 399.1, 35, 2, 34, 1544.0, 1468, 0.0, 0.0, 76, 35, 4, 1638, 0.021, 0, 0.000, 275, 0.003, 0.024
2166, 387.8, 35, 2, 34, 1684.0, 1608, 0.0, 0.0, 76, 35, 4, 1641, 0.021, 0, 0.000, 275, 0.003, 0.024
2168, 396.5, 35, 2, 34, 1902.0, 1826, 0.0, 0.0, 76, 35, 4, 1644, 0.021, 0, 0.000, 275, 0.003, 0.024
2170, 387.2, 35, 2, 34, 1916.0, 1840, 0.0, 0.0, 76, 35, 4, 1651, 0.021, 0, 0.000, 275, 0.003, 0.024
2172, 393.4, 35, 2, 34, 1568.0, 1490, 0.0, 0.0, 78, 35, 4, 1656, 0.021, 0, 0.000, 278, 0.004, 0.024
2174, 396.9, 35, 2, 34, 1634.0, 1560, 0.0, 0.0, 74, 35, 4, 1660, 0.021, 0, 0.000, 279, 0.004, 0.025
2176, 387.9, 35, 2, 34, 4202.0, 4140, 0.0, 0.0, 62, 35, 4, 1664, 0.021, 0, 0.000, 279, 0.004, 0.025
2178, 398.0, 35, 2, 34, 1524.0, 1462, 0.0, 0.0, 62, 35, 4, 1666, 0.021, 0, 0.000, 279, 0.004, 0.025
2180, 398.3, 35, 2, 34, 1638.0, 1576, 0.0, 0.0, 62, 35, 4, 1669, 0.021, 0, 0.000, 279, 0.004, 0.025
2182, 396.0, 35, 2, 34, 1502.0, 1440, 0.0, 0.0, 62, 35, 4, 1672, 0.021, 0, 0.000, 279, 0.004, 0.025
2184, 393.7, 35, 2, 34, 2752.0, 2690, 0.0, 0.0, 62, 35, 4, 1676, 0.021, 0, 0.000, 279, 0.004, 0.025
2186, 390.4, 35, 2, 34, 1428.0, 1366, 0.0, 0.0, 62, 35, 4, 1681, 0.021, 0, 0.000, 279, 0.004, 0.025
2188, 394.2, 35, 2, 34, 1436.0, 1374, 0.0, 0.0, 62, 35, 4, 1684, 0.021, 0, 0.000, 279, 0.004, 0.025
2190, 392.8, 35, 2, 34, 1526.0, 1464, 0.0, 0.0, 62, 35, 4, 1687, 0.021, 0, 0.000, 279, 0.004, 0.025
2191, 395.3, 35, 2, 34, 1592.0, 1530, 0.0, 0.0, 62, 35, 4, 1690, 0.021, 0, 0.000, 279, 0.004, 0.025
2193, 397.4, 35, 2, 34, 1896.0, 1834, 0.0, 0.0, 62, 35, 4, 1693, 0.021, 0, 0.000, 279, 0.004, 0.025
2195, 395.5, 35, 2, 34, 1870.0, 1806, 0.0, 0.0, 64, 35, 4, 1700, 0.022, 0, 0.000, 279, 0.004, 0.025
2197, 396.7, 35, 2, 34, 1972.0, 1906, 0.0, 0.0, 66, 35, 4, 1706, 0.022, 0, 0.000, 279, 0.004, 0.025
2199, 395.0, 35, 2, 34, 1338.0, 1270, 0.0, 0.0, 68, 35, 4, 1711, 0.022, 0, 0.000, 279, 0.004, 0.025
2201, 392.0, 35, 2, 34, 1342.0, 1274, 0.0, 0.0, 68, 35, 4, 1714, 0.022, 0, 0.000, 279, 0.004, 0.025
2203, 395.9, 35, 2, 34, 3338.0, 3270, 0.0, 0.0, 68, 35, 4, 1718, 0.022, 0, 0.000, 279, 0.004, 0.025
2205, 392.8, 35, 2, 34, 1688.0, 1620, 0.0, 0.0, 68, 35, 4, 1723, 0.022, 0, 0.000, 279, 0.004, 0.025
2207, 394.2, 35, 2, 34, 1438.0, 1370, 0.0, 0.0, 68, 35, 4, 1726, 0.022, 0, 0.000, 279, 0.004, 0.025
2209, 396.6, 35, 2, 34, 1680.0, 1612, 0.0, 0.0, 68, 35, 4, 1729, 0.022, 0, 0.000, 279, 0.004, 0.025
2211, 397.8, 35, 2, 34, 1676.0, 1606, 0.0, 0.0, 70, 35, 4, 1732, 0.022, 0, 0.000, 279, 0.004, 0.025
2213, 394.4, 35, 2, 34, 1610.0, 1540, 0.0, 0.0, 70, 35, 4, 1735, 0.022, 0, 0.000, 279, 0.004, 0.025
2215, 395.2, 35, 2, 34, 1630.0, 1560, 0.0, 0.0, 70, 35, 4, 1738, 0.022, 0, 0.000, 279, 0.004, 0.026
2217, 394.3, 35, 2, 34, 1588.0, 1518, 0.0, 0.0, 70, 35, 4, 1741, 0.022, 0, 0.000, 279, 0.004, 0.026
2218, 397.0, 35, 2, 34, 1632.0, 1562, 0.0, 0.0, 70, 35, 4, 1744, 0.022, 0, 0.000, 279, 0.004, 0.026
2220, 397.9, 35, 2, 34, 1476.0, 1406, 0.0, 0.0, 70, 35, 4, 1747, 0.022, 0, 0.000, 279, 0.004, 0.026
2222, 382.1, 35, 2, 34, 1440.0, 1370, 0.0, 0.0, 70, 35, 4, 1750, 0.022, 0, 0.000, 279, 0.004, 0.026
2224, 396.5, 35, 2, 34, 1920.0, 1850, 0.0, 0.0, 70, 35, 4, 1753, 0.022, 0, 0.000, 279, 0.004, 0.026
2226, 397.7, 35, 2, 34, 1422.0, 1352, 0.0, 0.0, 70, 35, 4, 1759, 0.022, 0, 0.000, 279, 0.004, 0.026
2228, 396.4, 35, 2, 34, 1098.0, 1028, 0.0, 0.0, 70, 35, 4, 1762, 0.022, 0, 0.000, 279, 0.004, 0.026
2230, 393.3, 35, 2, 34, 1558.0, 1488, 0.0, 0.0, 70, 35, 4, 1765, 0.022, 0, 0.000, 279, 0.004, 0.026
2232, 395.4, 35, 2, 34, 1556.0, 1484, 0.0, 0.0, 72, 35, 4, 1768, 0.022, 0, 0.000, 279, 0.004, 0.026
2233, 399.4, 35, 2, 34, 1764.0, 1690, 0.0, 0.0, 74, 35, 4, 1771, 0.022, 0, 0.000, 279, 0.004, 0.026
2235, 397.8, 35, 2, 34, 3410.0, 3334, 0.0, 0.0, 76, 35, 4, 1775, 0.022, 0, 0.000, 279, 0.004, 0.026
2237, 396.7, 35, 2, 34, 1520.0, 1444, 0.0, 0.0, 76, 35, 4, 1780, 0.022, 0, 0.000, 279, 0.004, 0.026
2239, 389.7, 35, 2, 34, 1932.0, 1856, 0.0, 0.0, 76, 35, 4, 1783, 0.023, 0, 0.000, 279, 0.004, 0.026
2241, 392.3, 35, 2, 34, 1530.0, 1454, 0.0, 0.0, 76, 35, 4, 1786, 0.023, 0, 0.000, 279, 0.004, 0.026
2243, 394.3, 35, 2, 34, 1260.0, 1184, 0.0, 0.0, 76, 35, 4, 1789, 0.023, 0, 0.000, 279, 0.004, 0.026
2245, 394.2, 35, 2, 34, 3198.0, 3120, 0.0, 0.0, 78, 35, 4, 1793, 0.023, 0, 0.000, 279, 0.004, 0.026
2247, 398.8, 35, 2, 34, 1366.0, 1286, 0.0, 0.0, 80, 35, 4, 1798, 0.023, 0, 0.000, 279, 0.004, 0.026
2249, 397.5, 35, 2, 34, 1522.0, 1442, 0.0, 0.0, 80, 35, 4, 1801, 0.023, 0, 0.000, 279, 0.004, 0.026
2251, 397.4, 35, 2, 34, 1682.0, 1602, 0.0, 0.0, 80, 35, 4, 1804, 0.023, 0, 0.000, 279, 0.004, 0.026
2253, 398.0, 35, 2, 34, 1686.0, 1606, 0.0, 0.0, 80, 35, 4, 1807, 0.023, 0, 0.000, 279, 0.004, 0.026
2254, 398.1, 35, 2, 34, 1242.0, 1162, 0.0, 0.0, 80, 35, 4, 1810, 0.023, 0, 0.000, 279, 0.004, 0.026
2256, 395.9, 35, 2, 34, 1634.0, 1554, 0.0, 0.0, 80, 35, 4, 1813, 0.023, 0, 0.000, 279, 0.004, 0.026
2258, 396.6, 35, 2, 34, 1668.0, 1586, 0.0, 0.0, 82, 35, 4, 1816, 0.023, 0, 0.000, 279, 0.004, 0.026
2260, 398.2, 35, 2, 34, 1674.0, 1592, 0.0, 0.0, 82, 35, 4, 1822, 0.023, 0, 0.000, 279, 0.004, 0.027
2262, 398.7, 35, 2, 34, 3700.0, 3618, 0.0, 0.0, 82, 35, 4, 1826, 0.023, 0, 0.000, 279, 0.004, 0.027
2264, 396.2, 35, 2, 34, 3946.0, 3862, 0.0, 0.0, 84, 35, 4, 1829, 0.023, 0, 0.000, 279, 0.004, 0.027
2266, 396.9, 35, 2, 34, 3076.0, 2992, 0.0, 0.0, 84, 35, 4, 1835, 0.023, 0, 0.000, 279, 0.004, 0.027
2268, 395.9, 35, 2, 34, 4218.0, 4134, 0.0, 0.0, 84, 35, 4, 1838, 0.023, 0, 0.000, 279, 0.004, 0.027
2270, 396.8, 35, 2, 34, 1222.0, 1136, 0.0, 0.0, 86, 35, 4, 1843, 0.023, 0, 0.000, 279, 0.004, 0.027
2272, 393.3, 35, 2, 34, 1616.0, 1528, 0.0, 0.0, 88, 35, 4, 1846, 0.023, 0, 0.000, 279, 0.004, 0.027
2274, 391.5, 35, 2, 34, 1188.0, 1098, 0.0, 0.0, 90, 35, 4, 1852, 0.023, 0, 0.000, 279, 0.004, 0.027
2276, 395.3, 35, 2, 34, 1718.0, 1628, 0.0, 0.0, 90, 35, 4, 1855, 0.023, 0, 0.000, 279, 0.004, 0.027
2278, 395.2, 35, 2, 34, 3352.0, 3262, 0.0, 0.0, 90, 35, 4, 1859, 0.024, 0, 0.000, 279, 0.004, 0.027
2279, 394.7, 35, 2, 34, 1640.0, 1548, 0.0, 0.0, 92, 35, 4, 1864, 0.024, 0, 0.000, 279, 0.004, 0.027
2281, 395.7, 35, 2, 34, 1806.0, 1714, 0.0, 0.0, 92, 35, 4, 1867, 0.024, 0, 0.000, 279, 0.004, 0.027
2283, 396.2, 35, 2, 34, 1424.0, 1330, 0.0, 0.0, 94, 35, 4, 1870, 0.024, 0, 0.000, 279, 0.004, 0.027
2285, 395.5, 35, 2, 34, 1696.0, 1602, 0.0, 0.0, 94, 35, 4, 1873, 0.024, 0, 0.000, 282, 0.004, 0.027
2287, 397.6, 35, 2, 34, 1304.0, 1244, 0.0, 0.0, 60, 35, 4, 1876, 0.024, 0, 0.000, 284, 0.004, 0.027
2289, 391.5, 35, 2, 34, 1676.0, 1616, 0.0, 0.0, 60, 35, 4, 1880, 0.024, 0, 0.000, 284, 0.004, 0.027
2291, 393.7, 35, 2, 34, 1452.0, 1392, 0.0, 0.0, 60, 35, 4, 1885, 0.024, 0, 0.000, 284, 0.004, 0.027
2293, 391.8, 35, 2, 34, 1508.0, 1448, 0.0, 0.0, 60, 35, 4, 1888, 0.024, 0, 0.000, 284, 0.004, 0.028
2295, 396.1, 35, 2, 34, 1570.0, 1508, 0.0, 0.0, 62, 35, 4, 1891, 0.024, 0, 0.000, 284, 0.004, 0.028
2297, 396.2, 35, 2, 34, 1742.0, 1680, 0.0, 0.0, 62, 35, 4, 1894, 0.024, 0, 0.000, 284, 0.004, 0.028
2299, 396.2, 35, 2, 34, 1434.0, 1370, 0.0, 0.0, 64, 35, 4, 1897, 0.024, 0, 0.000, 284, 0.004, 0.028
2301, 395.7, 35, 2, 34, 1612.0, 1548, 0.0, 0.0, 64, 35, 4, 1900, 0.024, 0, 0.000, 284, 0.004, 0.028
2303, 395.7, 35, 2, 34, 1094.0, 1028, 0.0, 0.0, 66, 35, 4, 1906, 0.024, 0, 0.000, 284, 0.004, 0.028
2304, 395.8, 35, 2, 34, 1286.0, 1220, 0.0, 0.0, 66, 35, 4, 1912, 0.024, 0, 0.000, 284, 0.004, 0.028
2306, 394.1, 35, 2, 34, 1590.0, 1522, 0.0, 0.0, 68, 35, 4, 1915, 0.024, 0, 0.000, 284, 0.004, 0.028
2308, 393.5, 35, 2, 34, 1394.0, 1326, 0.0, 0.0, 68, 35, 4, 1918, 0.024, 0, 0.000, 284, 0.004, 0.028
2310, 393.7, 35, 2, 34, 4122.0, 4054, 0.0, 0.0, 68, 35, 4, 1922, 0.024, 0, 0.000, 284, 0.004, 0.028
2312, 395.4, 35, 2, 34, 4498.0, 4430, 0.0, 0.0, 68, 35, 4, 1925, 0.024, 0, 0.000, 284, 0.004, 0.028
2314, 397.6, 35, 2, 34, 4858.0, 4790, 0.0, 0.0, 68, 35, 4, 1928, 0.024, 0, 0.000, 284, 0.004, 0.028
2316, 396.4, 35, 2, 34, 1422.0, 1352, 0.0, 0.0, 70, 35, 4, 1933, 0.025, 0, 0.000, 284, 0.004, 0.028
2318, 395.7, 35, 2, 34, 1844.0, 1774, 0.0, 0.0, 70, 35, 4, 1936, 0.025, 0, 0.000, 284, 0.004, 0.028
2320, 397.5, 35, 2, 34, 1480.0, 1410, 0.0, 0.0, 70, 35, 4, 1939, 0.025, 0, 0.000, 284, 0.004, 0.028
2321, 396.4, 35, 2, 34, 1420.0, 1350, 0.0, 0.0, 70, 35, 4, 1945, 0.025, 0, 0.000, 284, 0.004, 0.028
2323, 390.0, 35, 2, 34, 1504.0, 1434, 0.0, 0.0, 70, 35, 4, 1948, 0.025, 0, 0.000, 284, 0.004, 0.028
2325, 394.7, 35, 2, 34, 1408.0, 1338, 0.0, 0.0, 70, 35, 4, 1951, 0.025, 0, 0.000, 284, 0.004, 0.028
2327, 393.5, 35, 2, 34, 1526.0, 1454, 0.0, 0.0, 72, 35, 4, 1954, 0.025, 0, 0.000, 284, 0.004, 0.028
2329, 395.1, 35, 2, 34, 1478.0, 1406, 0.0, 0.0, 72, 35, 4, 1957, 0.025, 0, 0.000, 284, 0.004, 0.028
2331, 394.6, 35, 2, 34, 1328.0, 1256, 0.0, 0.0, 72, 35, 4, 1960, 0.025, 0, 0.000, 284, 0.004, 0.028
2333, 401.1, 35, 2, 34, 1714.0, 1642, 0.0, 0.0, 72, 35, 4, 1963, 0.025, 0, 0.000, 284, 0.004, 0.028
2335, 392.1, 35, 2, 34, 1192.0, 1120, 0.0, 0.0, 72, 35, 4, 1969, 0.025, 0, 0.000, 284, 0.004, 0.029
2337, 394.0, 35, 2, 34, 1182.0, 1110, 0.0, 0.0, 72, 35, 4, 1972, 0.025, 0, 0.000, 284, 0.004, 0.029
2339, 395.4, 35, 2, 34, 5124.0, 5052, 0.0, 0.0, 72, 35, 4, 1973, 0.025, 0, 0.000, 284, 0.004, 0.029
2341, 391.4, 35, 2, 34, 1832.0, 1760, 0.0, 0.0, 72, 35, 4, 1978, 0.025, 0, 0.000, 284, 0.004, 0.029
2342, 397.7, 35, 2, 34, 1750.0, 1676, 0.0, 0.0, 74, 35, 4, 1985, 0.025, 0, 0.000, 284, 0.004, 0.029
2344, 395.4, 35, 2, 34, 1644.0, 1570, 0.0, 0.0, 74, 35, 4, 1990, 0.025, 0, 0.000, 284, 0.004, 0.029
2346, 396.7, 35, 2, 34, 3482.0, 3406, 0.0, 0.0, 76, 35, 4, 1994, 0.025, 0, 0.000, 284, 0.004, 0.029
2348, 393.6, 35, 2, 34, 1422.0, 1346, 0.0, 0.0, 76, 35, 4, 1999, 0.025, 0, 0.000, 284, 0.004, 0.029
2350, 385.7, 35, 2, 34, 1676.0, 1600, 0.0, 0.0, 76, 35, 4, 2002, 0.025, 0, 0.000, 284, 0.004, 0.029
2352, 393.4, 35, 2, 34, 1664.0, 1588, 0.0, 0.0, 76, 35, 4, 2005, 0.025, 0, 0.000, 284, 0.004, 0.029
2354, 393.7, 35, 2, 34, 1702.0, 1626, 0.0, 0.0, 76, 35, 4, 2008, 0.025, 0, 0.000, 284, 0.004, 0.029
2356, 398.1, 35, 2, 34, 1476.0, 1400, 0.0, 0.0, 76, 35, 4, 2014, 0.026, 0, 0.000, 284, 0.004, 0.029
2358, 395.0, 35, 2, 34, 1590.0, 1514, 0.0, 0.0, 76, 35, 4, 2017, 0.026, 0, 0.000, 284, 0.004, 0.029
2360, 396.5, 35, 2, 34, 1776.0, 1698, 0.0, 0.0, 78, 35, 4, 2020, 0.026, 0, 0.000, 284, 0.004, 0.029
2362, 394.5, 35, 2, 34, 3458.0, 3380, 0.0, 0.0, 78, 35, 4, 2024, 0.026, 0, 0.000, 284, 0.004, 0.029
2364, 393.2, 35, 2, 34, 4322.0, 4244, 0.0, 0.0, 78, 35, 4, 2027, 0.026, 0, 0.000, 284, 0.004, 0.029
2365, 397.0, 35, 2, 34, 4388.0, 4308, 0.0, 0.0, 80, 35, 4, 2030, 0.026, 0, 0.000, 284, 0.004, 0.029
2367, 396.8, 35, 2, 34, 4900.0, 4820, 0.0, 0.0, 80, 35, 4, 2033, 0.026, 0, 0.000, 284, 0.004, 0.029
2369, 396.1, 35, 2, 34, 1424.0, 1344, 0.0, 0.0, 80, 35, 4, 2035, 0.026, 0, 0.000, 284, 0.004, 0.029
2371, 397.1, 35, 2, 34, 1288.0, 1208, 0.0, 0.0, 80, 35, 4, 2038, 0.026, 0, 0.000, 284, 0.004, 0.029
2373, 394.2, 35, 2, 34, 2062.0, 1982, 0.0, 0.0, 80, 35, 4, 2041, 0.026, 0, 0.000, 285, 0.004, 0.029
2375, 396.4, 35, 2, 34, 1140.0, 1066, 0.0, 0.0, 74, 35, 4, 2044, 0.026, 0, 0.000, 289, 0.004, 0.030
2377, 396.4, 35, 2, 34, 1058.0, 996, 0.0, 0.0, 62, 35, 4, 2047, 0.026, 0, 0.000, 289, 0.004, 0.030
2379, 393.9, 35, 2, 34, 4102.0, 4038, 0.0, 0.0, 64, 35, 4, 2051, 0.026, 0, 0.000, 289, 0.004, 0.030
2381, 384.9, 35, 2, 34, 4684.0, 4620, 0.0, 0.0, 64, 35, 4, 2054, 0.026, 0, 0.000, 289, 0.004, 0.030
2383, 396.9, 35, 2, 34, 1480.0, 1416, 0.0, 0.0, 64, 35, 4, 2057, 0.026, 0, 0.000, 289, 0.004, 0.030
2385, 396.4, 35, 2, 34, 1298.0, 1234, 0.0, 0.0, 64, 35, 4, 2059, 0.026, 0, 0.000, 289, 0.004, 0.030
2386, 397.9, 35, 2, 34, 1324.0, 1260, 0.0, 0.0, 64, 35, 4, 2065, 0.026, 0, 0.000, 289, 0.004, 0.030
2388, 378.6, 35, 2, 34, 1468.0, 1404, 0.0, 0.0, 64, 35, 4, 2068, 0.026, 0, 0.000, 289, 0.004, 0.030
2390, 387.7, 35, 2, 34, 1360.0, 1294, 0.0, 0.0, 66, 35, 4, 2071, 0.026, 0, 0.000, 289, 0.004, 0.030
2392, 397.2, 35, 2, 34, 2042.0, 1976, 0.0, 0.0, 66, 35, 4, 2075, 0.026, 0, 0.000, 289, 0.004, 0.030
2394, 397.9, 35, 2, 34, 2164.0, 2096, 0.0, 0.0, 68, 35, 4, 2081, 0.026, 0, 0.000, 289, 0.004, 0.030
2396, 397.2, 35, 2, 34, 1626.0, 1556, 0.0, 0.0, 70, 35, 4, 2086, 0.026, 0, 0.000, 289, 0.004, 0.030
2398, 395.7, 35, 2, 34, 3732.0, 3660, 0.0, 0.0, 72, 35, 4, 2090, 0.026, 0, 0.000, 289, 0.004, 0.030
2400, 394.5, 35, 2, 34, 4414.0, 4342, 0.0, 0.0, 72, 35, 4, 2093, 0.027, 0, 0.000, 289, 0.004, 0.030
2402, 394.5, 35, 2, 34, 1336.0, 1264, 0.0, 0.0, 72, 35, 4, 2095, 0.027, 0, 0.000, 289, 0.004, 0.030
2404, 396.9, 35, 2, 34, 3750.0, 3676, 0.0, 0.0, 74, 35, 4, 2099, 0.027, 0, 0.000, 289, 0.004, 0.030
2406, 396.8, 35, 2, 34, 1658.0, 1584, 0.0, 0.0, 74, 35, 4, 2104, 0.027, 0, 0.000, 289, 0.004, 0.030
2407, 393.2, 35, 2, 34, 1330.0, 1256, 0.0, 0.0, 74, 35, 4, 2107, 0.027, 0, 0.000, 289, 0.004, 0.030
2409, 393.9, 35, 2, 34, 1488.0, 1414, 0.0, 0.0, 74, 35, 4, 2110, 0.027, 0, 0.000, 289, 0.004, 0.030
2411, 396.8, 35, 2, 34, 1698.0, 1624, 0.0, 0.0, 74, 35, 4, 2113, 0.027, 0, 0.000, 289, 0.004, 0.030
2413, 397.9, 35, 2, 34, 3936.0, 3860, 0.0, 0.0, 76, 35, 4, 2117, 0.027, 0, 0.000, 289, 0.004, 0.030
2415, 395.2, 35, 2, 34, 4366.0, 4290, 0.0, 0.0, 76, 35, 4, 2120, 0.027, 0, 0.000, 289, 0.004, 0.031
2417, 395.7, 35, 2, 34, 4512.0, 4436, 0.0, 0.0, 76, 35, 4, 2123, 0.027, 0, 0.000, 289, 0.004, 0.031
2419, 393.3, 35, 2, 34, 1500.0, 1424, 0.0, 0.0, 76, 35, 4, 2128, 0.027, 0, 0.000, 289, 0.004, 0.031
2421, 390.6, 35, 2, 34, 1554.0, 1478, 0.0, 0.0, 76, 35, 4, 2131, 0.027, 0, 0.000, 289, 0.004, 0.031
2423, 397.9, 35, 2, 34, 1800.0, 1724, 0.0, 0.0, 76, 35, 4, 2134, 0.027, 0, 0.000, 289, 0.004, 0.031
2425, 397.6, 35, 2, 34, 1394.0, 1318, 0.0, 0.0, 76, 35, 4, 2137, 0.027, 0, 0.000, 289, 0.004, 0.031
2426, 397.5, 35, 2, 34, 1632.0, 1556, 0.0, 0.0, 76, 35, 4, 2140, 0.027, 0, 0.000, 289, 0.004, 0.031
2428, 396.2, 35, 2, 34, 1780.0, 1704, 0.0, 0.0, 76, 35, 4, 2143, 0.027, 0, 0.000, 289, 0.004, 0.031
2430, 397.3, 35, 2, 34, 3542.0, 3466, 0.0, 0.0, 76, 35, 4, 2147, 0.027, 0, 0.000, 289, 0.004, 0.031
2432, 395.7, 35, 2, 34, 1386.0, 1310, 0.0, 0.0, 76, 35, 4, 2152, 0.027, 0, 0.000, 289, 0.004, 0.031
2434, 394.5, 35, 2, 34, 1690.0, 1614, 0.0, 0.0, 76, 35, 4, 2155, 0.028, 0, 0.000, 289, 0.004, 0.031
2436, 395.5, 35, 2, 34, 1496.0, 1420, 0.0, 0.0, 76, 35, 4, 2158, 0.028, 0, 0.000, 289, 0.004, 0.031
2438, 394.1, 35, 2, 34, 4252.0, 4176, 0.0, 0.0, 76, 35, 4, 2162, 0.028, 0, 0.000, 289, 0.004, 0.031
2440, 394.1, 35, 2, 34, 4646.0, 4570, 0.0, 0.0, 76, 35, 4, 2165, 0.028, 0, 0.000, 289, 0.004, 0.031
2442, 395.2, 35, 2, 34, 1662.0, 1586, 0.0, 0.0, 76, 35, 4, 2167, 0.028, 0, 0.000, 289, 0.004, 0.031
2443, 399.1, 35, 2, 34, 3972.0, 3894, 0.0, 0.0, 78, 35, 4, 2171, 0.028, 0, 0.000, 289, 0.004, 0.031
2445, 394.9, 35, 2, 34, 4532.0, 4454, 0.0, 0.0, 78, 35, 4, 2174, 0.028, 0, 0.000, 289, 0.004, 0.031
2447, 396.1, 35, 2, 34, 1632.0, 1554, 0.0, 0.0, 78, 35, 4, 2176, 0.028, 0, 0.000, 289, 0.004, 0.031
2449, 395.7, 35, 2, 34, 1608.0, 1530, 0.0, 0.0, 78, 35, 4, 2179, 0.028, 0, 0.000, 289, 0.004, 0.031
2451, 392.6, 35, 2, 34, 1364.0, 1286, 0.0, 0.0, 78, 35, 4, 2182, 0.028, 0, 0.000, 289, 0.004, 0.031
2453, 396.2, 35, 2, 34, 1698.0, 1620, 0.0, 0.0, 78, 35, 4, 2185, 0.028, 0, 0.000, 289, 0.004, 0.032
2455, 399.2, 35, 2, 34, 1560.0, 1480, 0.0, 0.0, 80, 35, 4, 2188, 0.028, 0, 0.000, 289, 0.004, 0.032
2457, 389.2, 35, 2, 34, 3836.0, 3756, 0.0, 0.0, 80, 35, 4, 2192, 0.028, 0, 0.000, 289, 0.004, 0.032
2459, 398.5, 35, 2, 34, 4292.0, 4212, 0.0, 0.0, 80, 35, 4, 2195, 0.028, 0, 0.000, 289, 0.004, 0.032
2461, 395.9, 35, 2, 34, 1380.0, 1300, 0.0, 0.0, 80, 35, 4, 2200, 0.028, 0, 0.000, 289, 0.004, 0.032
2462, 394.1, 35, 2, 34, 1598.0, 1518, 0.0, 0.0, 80, 35, 4, 2203, 0.028, 0, 0.000, 289, 0.004, 0.032
2464, 394.5, 35, 2, 34, 1308.0, 1228, 0.0, 0.0, 80, 35, 4, 2206, 0.028, 0, 0.000, 289, 0.004, 0.032
2466, 398.4, 35, 2, 34, 1470.0, 1390, 0.0, 0.0, 80, 35, 4, 2209, 0.028, 0, 0.000, 289, 0.004, 0.032
2468, 393.1, 35, 2, 34, 3568.0, 3486, 0.0, 0.0, 82, 35, 4, 2213, 0.028, 0, 0.000, 289, 0.004, 0.032
2470, 397.2, 35, 2, 34, 1310.0, 1228, 0.0, 0.0, 82, 35, 4, 2218, 0.028, 0, 0.000, 289, 0.004, 0.032
2472, 397.6, 35, 2, 34, 4686.0, 4604, 0.0, 0.0, 82, 35, 4, 2219, 0.028, 0, 0.000, 289, 0.004, 0.032
2474, 397.1, 35, 2, 34, 1156.0, 1074, 0.0, 0.0, 82, 35, 4, 2224, 0.028, 0, 0.000, 289, 0.004, 0.032
2476, 399.0, 35, 2, 34, 4210.0, 4126, 0.0, 0.0, 84, 35, 4, 2228, 0.028, 0, 0.000, 289, 0.004, 0.032
2478, 396.2, 35, 2, 34, 2324.0, 2252, 0.0, 0.0, 72, 35, 4, 2230, 0.028, 0, 0.000, 294, 0.004, 0.032
2480, 399.4, 35, 2, 34, 1688.0, 1628, 0.0, 0.0, 60, 35, 4, 2233, 0.028, 0, 0.000, 294, 0.004, 0.032
2481, 387.1, 35, 2, 34, 1586.0, 1524, 0.0, 0.0, 62, 35, 4, 2236, 0.029, 0, 0.000, 294, 0.004, 0.032
2483, 395.6, 35, 2, 34, 1788.0, 1726, 0.0, 0.0, 62, 35, 4, 2239, 0.029, 0, 0.000, 294, 0.004, 0.032
2485, 394.2, 35, 2, 34, 3610.0, 3548, 0.0, 0.0, 62, 35, 4, 2243, 0.029, 0, 0.000, 294, 0.004, 0.032
2487, 397.1, 35, 2, 34, 1742.0, 1680, 0.0, 0.0, 62, 35, 4, 2248, 0.029, 0, 0.000, 294, 0.004, 0.032
2489, 396.8, 35, 2, 34, 1684.0, 1622, 0.0, 0.0, 62, 35, 4, 2251, 0.029, 0, 0.000, 294, 0.004, 0.032
2491, 395.7, 35, 2, 34, 2386.0, 2322, 0.0, 0.0, 64, 35, 4, 2255, 0.029, 0, 0.000, 294, 0.004, 0.032
2493, 397.7, 35, 2, 34, 1380.0, 1314, 0.0, 0.0, 66, 35, 4, 2260, 0.029, 0, 0.000, 294, 0.004, 0.033
2495, 397.5, 35, 2, 34, 1470.0, 1404, 0.0, 0.0, 66, 35, 4, 2263, 0.029, 0, 0.000, 294, 0.004, 0.033
2496, 398.2, 35, 2, 34, 1614.0, 1548, 0.0, 0.0, 66, 35, 4, 2266, 0.029, 0, 0.000, 294, 0.004, 0.033
2498, 398.4, 35, 2, 34, 3892.0, 3826, 0.0, 0.0, 66, 35, 4, 2270, 0.029, 0, 0.000, 294, 0.004, 0.033
2500, 394.4, 35, 2, 34, 1526.0, 1460, 0.0, 0.0, 66, 35, 4, 2275, 0.029, 0, 0.000, 294, 0.004, 0.033
2502, 395.4, 35, 2, 34, 1626.0, 1560, 0.0, 0.0, 66, 35, 4, 2278, 0.029, 0, 0.000, 294, 0.004, 0.033
2504, 393.9, 35, 2, 34, 1402.0, 1336, 0.0, 0.0, 66, 35, 4, 2281, 0.029, 0, 0.000, 294, 0.004, 0.033
2506, 392.3, 35, 2, 34, 1616.0, 1550, 0.0, 0.0, 66, 35, 4, 2284, 0.029, 0, 0.000, 294, 0.004, 0.033
2508, 397.4, 35, 2, 34, 1688.0, 1622, 0.0, 0.0, 66, 35, 4, 2287, 0.029, 0, 0.000, 294, 0.004, 0.033
2510, 396.1, 35, 2, 34, 1702.0, 1634, 0.0, 0.0, 68, 35, 4, 2290, 0.029, 0, 0.000, 294, 0.004, 0.033
2512, 395.2, 35, 2, 34, 1038.0, 970, 0.0, 0.0, 68, 35, 4, 2296, 0.029, 0, 0.000, 294, 0.004, 0.033
2514, 395.1, 35, 2, 34, 1388.0, 1320, 0.0, 0.0, 68, 35, 4, 2302, 0.029, 0, 0.000, 294, 0.004, 0.033
2516, 394.6, 35, 2, 34, 1468.0, 1398, 0.0, 0.0, 70, 35, 4, 2305, 0.029, 0, 0.000, 294, 0.004, 0.033
2517, 393.0, 35, 2, 34, 1602.0, 1532, 0.0, 0.0, 70, 35, 4, 2308, 0.029, 0, 0.000, 294, 0.004, 0.033
2519, 394.3, 35, 2, 34, 1372.0, 1302, 0.0, 0.0, 70, 35, 4, 2311, 0.029, 0, 0.000, 294, 0.004, 0.033
2521, 395.4, 35, 2, 34, 1630.0, 1560, 0.0, 0.0, 70, 35, 4, 2314, 0.029, 0, 0.000, 294, 0.004, 0.033
2523, 395.9, 35, 2, 34, 2082.0, 2010, 0.0, 0.0, 72, 35, 4, 2318, 0.030, 0, 0.000, 294, 0.004, 0.033
2525, 393.8, 35, 2, 34, 1662.0, 1590, 0.0, 0.0, 72, 35, 4, 2323, 0.030, 0, 0.000, 294, 0.004, 0.033
2527, 395.8, 35, 2, 34, 3106.0, 3034, 0.0, 0.0, 72, 35, 4, 2327, 0.030, 0, 0.000, 294, 0.004, 0.033
2529, 396.3, 35, 2, 34, 4224.0, 4152, 0.0, 0.0, 72, 35, 4, 2330, 0.030, 0, 0.000, 294, 0.004, 0.033
2530, 397.0, 35, 2, 34, 4148.0, 4076, 0.0, 0.0, 72, 35, 4, 2333, 0.030, 0, 0.000, 294, 0.004, 0.033
2532, 395.3, 35, 2, 34, 1312.0, 1240, 0.0, 0.0, 72, 35, 4, 2338, 0.030, 0, 0.000, 294, 0.004, 0.034
2534, 394.8, 35, 2, 34, 1166.0, 1094, 0.0, 0.0, 72, 35, 4, 2341, 0.030, 0, 0.000, 294, 0.004, 0.034
2536, 391.6, 35, 2, 34, 4804.0, 4732, 0.0, 0.0, 72, 35, 4, 2342, 0.030, 0, 0.000, 294, 0.004, 0.034
2538, 397.9, 35, 2, 34, 1834.0, 1760, 0.0, 0.0, 74, 35, 4, 2347, 0.030, 0, 0.000, 294, 0.004, 0.034
2540, 394.2, 35, 2, 34, 3758.0, 3682, 0.0, 0.0, 76, 35, 4, 2351, 0.030, 0, 0.000, 294, 0.004, 0.034
2542, 394.6, 35, 2, 34, 1324.0, 1248, 0.0, 0.0, 76, 35, 4, 2356, 0.030, 0, 0.000, 294, 0.004, 0.034
2544, 393.0, 35, 2, 35, 1324.0, 1248, 0.0, 0.0, 76, 35, 4, 2356, 0.030, 0, 0.000, 294, 0.004, 0.034
2545, 0.4, 36, 2, 35, 1324.0, 1248, 0.0, 0.0, 76, 35, 4, 2356, 0.030, 0, 0.000, 294, 0.004, 0.034
2547, 0.6, 36, 2, 35, 1324.0, 1248, 0.0, 0.0, 76, 35, 4, 2356, 0.030, 0, 0.000, 294, 0.004, 0.034
2548, 0.5, 36, 2, 35, 1324.0, 1248, 0.0, 0.0, 76, 35, 4, 2356, 0.030, 0, 0.000, 294, 0.004, 0.034
2549, 0.6, 36, 2, 35, 1324.0, 1248, 0.0, 0.0, 76, 35, 4, 2356, 0.030, 0, 0.000, 294, 0.004, 0.034
2550, 0.6, 35, 2, 34, 1324.0, 1248, 0.0, 0.0, 76, 35, 4, 2356, 0.030, 0, 0.000, 294, 0.004, 0.034
2552, 0.6, 35, 2, 34, 1324.0, 1248, 0.0, 0.0, 76, 35, 4, 2356, 0.030, 0, 0.000, 294, 0.004, 0.034
2553, 0.5, 35, 2, 34, 1324.0, 1248, 0.0, 0.0, 76, 35, 4, 2356, 0.030, 0, 0.000, 294, 0.004, 0.034
2554, 0.5, 35, 2, 34, 1324.0, 1248, 0.0, 0.0, 76, 35, 4, 2356, 0.030, 0, 0.000, 294, 0.004, 0.034
2555, 0.5, 35, 2, 34, 1324.0, 1248, 0.0, 0.0, 76, 35, 4, 2356, 0.030, 0, 0.000, 294, 0.004, 0.034
2557, 0.5, 35, 2, 34, 1324.0, 1248, 0.0, 0.0, 76, 35, 4, 2356, 0.030, 0, 0.000, 294, 0.004, 0.034
2558, 0.5, 35, 2, 34, 1324.0, 1248, 0.0, 0.0, 76, 35, 4, 2356, 0.030, 0, 0.000, 294, 0.004, 0.034
2559, 0.5, 35, 2, 34, 1324.0, 1248, 0.0, 0.0, 76, 35, 4, 2356, 0.030, 0, 0.000, 294, 0.004, 0.034
2560, 0.6, 35, 2, 34, 1324.0, 1248, 0.0, 0.0, 76, 35, 4, 2356, 0.030, 0, 0.000, 294, 0.004, 0.034
2561, 0.6, 35, 2, 34, 1324.0, 1248, 0.0, 0.0, 76, 35, 4, 2356, 0.030, 0, 0.000, 294, 0.004, 0.034
2563, 0.5, 35, 2, 34, 1324.0, 1248, 0.0, 0.0, 76, 35, 4, 2356, 0.030, 0, 0.000, 294, 0.004, 0.034
2564, 0.6, 35, 2, 34, 1324.0, 1248, 0.0, 0.0, 76, 35, 4, 2356, 0.030, 0, 0.000, 294, 0.004, 0.034
2565, 0.5, 35, 2, 34, 1324.0, 1248, 0.0, 0.0, 76, 35, 4, 2356, 0.030, 0, 0.000, 294, 0.004, 0.034
2566, 0.5, 35, 2, 34, 1324.0, 1248, 0.0, 0.0, 76, 35, 4, 2356, 0.030, 0, 0.000, 294, 0.004, 0.034
2568, 0.5, 35, 2, 34, 1324.0, 1248, 0.0, 0.0, 76, 35, 4, 2356, 0.030, 0, 0.000, 294, 0.004, 0.034
2569, 0.5, 35, 2, 34, 1324.0, 1248, 0.0, 0.0, 76, 35, 4, 2356, 0.030, 0, 0.000, 294, 0.004, 0.034
2570, 0.6, 35, 2, 34, 1324.0, 1248, 0.0, 0.0, 76, 35, 4, 2356, 0.030, 0, 0.000, 294, 0.004, 0.034
2571, 0.5, 35, 2, 34, 1324.0, 1248, 0.0, 0.0, 76, 35, 4, 2356, 0.030, 0, 0.000, 294, 0.004, 0.034
2573, 0.5, 35, 2, 34, 1324.0, 1248, 0.0, 0.0, 76, 35, 4, 2356, 0.030, 0, 0.000, 294, 0.004, 0.034
2574, 0.6, 35, 2, 34, 1324.0, 1248, 0.0, 0.0, 76, 35, 4, 2356, 0.030, 0, 0.000, 294, 0.004, 0.034
2575, 6.7, 35, 2, 34, 66.0, 10, 0.0, 0.0, 56, 35, 4, 2356, 0.030, 0, 0.000, 299, 0.004, 0.034
2576, 0.5, 35, 2, 34, 66.0, 10, 0.0, 0.0, 56, 35, 4, 2356, 0.030, 0, 0.000, 299, 0.004, 0.034
2577, 0.5, 35, 2, 34, 66.0, 10, 0.0, 0.0, 56, 35, 4, 2356, 0.030, 0, 0.000, 299, 0.004, 0.034
2579, 0.5, 35, 2, 34, 66.0, 10, 0.0, 0.0, 56, 35, 4, 2356, 0.030, 0, 0.000, 299, 0.004, 0.034
2580, 0.6, 35, 2, 34, 66.0, 10, 0.0, 0.0, 56, 35, 4, 2356, 0.030, 0, 0.000, 299, 0.004, 0.034
2581, 0.5, 35, 2, 34, 66.0, 10, 0.0, 0.0, 56, 35, 4, 2356, 0.030, 0, 0.000, 299, 0.004, 0.034
2582, 0.5, 35, 2, 34, 66.0, 10, 0.0, 0.0, 56, 35, 4, 2356, 0.030, 0, 0.000, 299, 0.004, 0.034
2584, 0.5, 35, 2, 34, 66.0, 10, 0.0, 0.0, 56, 35, 4, 2356, 0.030, 0, 0.000, 299, 0.004, 0.034
2585, 0.6, 35, 2, 34, 66.0, 10, 0.0, 0.0, 56, 35, 4, 2356, 0.030, 0, 0.000, 299, 0.004, 0.034
2586, 0.5, 35, 2, 34, 66.0, 10, 0.0, 0.0, 56, 35, 4, 2356, 0.030, 0, 0.000, 299, 0.004, 0.034
2587, 0.5, 35, 2, 34, 66.0, 10, 0.0, 0.0, 56, 35, 4, 2356, 0.030, 0, 0.000, 299, 0.004, 0.034
2588, 0.5, 35, 2, 34, 66.0, 10, 0.0, 0.0, 56, 35, 4, 2356, 0.030, 0, 0.000, 299, 0.004, 0.034
2590, 0.5, 35, 2, 34, 66.0, 10, 0.0, 0.0, 56, 35, 4, 2356, 0.030, 0, 0.000, 299, 0.004, 0.034
2591, 0.5, 35, 2, 34, 66.0, 10, 0.0, 0.0, 56, 35, 4, 2356, 0.030, 0, 0.000, 299, 0.004, 0.034
2592, 0.5, 35, 2, 34, 66.0, 10, 0.0, 0.0, 56, 35, 4, 2356, 0.030, 0, 0.000, 299, 0.004, 0.034
2593, 0.6, 35, 2, 34, 66.0, 10, 0.0, 0.0, 56, 35, 4, 2356, 0.030, 0, 0.000, 299, 0.004, 0.034
2595, 0.6, 35, 2, 34, 66.0, 10, 0.0, 0.0, 56, 35, 4, 2356, 0.030, 0, 0.000, 299, 0.004, 0.034
2596, 0.5, 35, 2, 34, 66.0, 10, 0.0, 0.0, 56, 35, 4, 2356, 0.030, 0, 0.000, 299, 0.004, 0.034
2597, 0.5, 35, 2, 34, 66.0, 10, 0.0, 0.0, 56, 35, 4, 2356, 0.030, 0, 0.000, 299, 0.004, 0.034
2598, 0.5, 35, 2, 34, 66.0, 10, 0.0, 0.0, 56, 35, 4, 2356, 0.030, 0, 0.000, 299, 0.004, 0.034
2600, 0.5, 35, 2, 34, 66.0, 10, 0.0, 0.0, 56, 35, 4, 2356, 0.030, 0, 0.000, 299, 0.004, 0.034
2601, 0.6, 35, 2, 34, 66.0, 10, 0.0, 0.0, 56, 35, 4, 2356, 0.030, 0, 0.000, 299, 0.004, 0.034
2602, 0.5, 35, 2, 34, 66.0, 10, 0.0, 0.0, 56, 35, 4, 2356, 0.030, 0, 0.000, 299, 0.004, 0.034
2603, 0.5, 35, 2, 34, 66.0, 10, 0.0, 0.0, 56, 35, 4, 2356, 0.030, 0, 0.000, 299, 0.004, 0.034
2604, 0.5, 35, 2, 34, 66.0, 10, 0.0, 0.0, 56, 35, 4, 2356, 0.030, 0, 0.000, 299, 0.004, 0.034
2606, 0.6, 35, 2, 34, 66.0, 10, 0.0, 0.0, 56, 35, 4, 2356, 0.030, 0, 0.000, 299, 0.004, 0.034
2607, 0.5, 35, 2, 34, 66.0, 10, 0.0, 0.0, 56, 35, 4, 2356, 0.030, 0, 0.000, 299, 0.004, 0.034
2608, 0.5, 35, 2, 34, 66.0, 10, 0.0, 0.0, 56, 35, 4, 2356, 0.030, 0, 0.000, 299, 0.004, 0.034
2609, 0.5, 35, 2, 34, 66.0, 10, 0.0, 0.0, 56, 35, 4, 2356, 0.030, 0, 0.000, 299, 0.004, 0.034
2611, 0.5, 35, 2, 34, 66.0, 10, 0.0, 0.0, 56, 35, 4, 2356, 0.030, 0, 0.000, 299, 0.004, 0.034
2612, 0.5, 35, 2, 34, 66.0, 10, 0.0, 0.0, 56, 35, 4, 2356, 0.030, 0, 0.000, 299, 0.004, 0.034
2613, 0.5, 35, 2, 34, 66.0, 10, 0.0, 0.0, 56, 35, 4, 2356, 0.030, 0, 0.000, 299, 0.004, 0.034
2614, 0.5, 35, 2, 34, 66.0, 10, 0.0, 0.0, 56, 35, 4, 2356, 0.030, 0, 0.000, 299, 0.004, 0.034
2616, 0.5, 35, 2, 34, 66.0, 10, 0.0, 0.0, 56, 35, 4, 2356, 0.030, 0, 0.000, 299, 0.004, 0.034
2617, 0.5, 35, 2, 34, 66.0, 10, 0.0, 0.0, 56, 35, 4, 2356, 0.030, 0, 0.000, 299, 0.004, 0.034
2618, 0.4, 35, 2, 34, 66.0, 10, 0.0, 0.0, 56, 35, 4, 2356, 0.030, 0, 0.000, 299, 0.004, 0.034
2619, 0.6, 35, 2, 34, 66.0, 10, 0.0, 0.0, 56, 35, 4, 2356, 0.030, 0, 0.000, 299, 0.004, 0.034
2620, 0.5, 35, 2, 34, 66.0, 10, 0.0, 0.0, 56, 35, 4, 2356, 0.030, 0, 0.000, 299, 0.004, 0.034
2622, 0.5, 35, 2, 34, 66.0, 10, 0.0, 0.0, 56, 35, 4, 2356, 0.030, 0, 0.000, 299, 0.004, 0.034
2623, 0.6, 35, 2, 34, 66.0, 10, 0.0, 0.0, 56, 35, 4, 2356, 0.030, 0, 0.000, 299, 0.004, 0.034
2624, 0.5, 35, 2, 34, 66.0, 10, 0.0, 0.0, 56, 35, 4, 2356, 0.030, 0, 0.000, 299, 0.004, 0.034
2625, 0.6, 35, 2, 34, 66.0, 10, 0.0, 0.0, 56, 35, 4, 2356, 0.030, 0, 0.000, 299, 0.004, 0.034
2627, 0.6, 35, 2, 34, 66.0, 10, 0.0, 0.0, 56, 35, 4, 2356, 0.030, 0, 0.000, 299, 0.004, 0.034
2628, 0.5, 35, 2, 34, 66.0, 10, 0.0, 0.0, 56, 35, 4, 2356, 0.030, 0, 0.000, 299, 0.004, 0.034
2629, 0.5, 35, 2, 34, 66.0, 10, 0.0, 0.0, 56, 35, 4, 2356, 0.030, 0, 0.000, 299, 0.004, 0.034
2630, 0.5, 35, 2, 34, 66.0, 10, 0.0, 0.0, 56, 35, 4, 2356, 0.030, 0, 0.000, 299, 0.004, 0.034
2632, 0.5, 35, 2, 34, 66.0, 10, 0.0, 0.0, 56, 35, 4, 2356, 0.030, 0, 0.000, 299, 0.004, 0.034
2633, 0.5, 35, 2, 34, 66.0, 10, 0.0, 0.0, 56, 35, 4, 2356, 0.030, 0, 0.000, 299, 0.004, 0.034
2634, 0.5, 35, 2, 34, 66.0, 10, 0.0, 0.0, 56, 35, 4, 2356, 0.030, 0, 0.000, 299, 0.004, 0.034
2635, 0.5, 35, 2, 34, 66.0, 10, 0.0, 0.0, 56, 35, 4, 2356, 0.030, 0, 0.000, 299, 0.004, 0.034
2636, 0.5, 35, 2, 34, 66.0, 10, 0.0, 0.0, 56, 35, 4, 2356, 0.030, 0, 0.000, 299, 0.004, 0.034
2638, 0.5, 35, 2, 34, 66.0, 10, 0.0, 0.0, 56, 35, 4, 2356, 0.030, 0, 0.000, 299, 0.004, 0.034
2639, 0.6, 35, 2, 34, 66.0, 10, 0.0, 0.0, 56, 35, 4, 2356, 0.030, 0, 0.000, 299, 0.004, 0.034
2640, 0.5, 35, 2, 34, 66.0, 10, 0.0, 0.0, 56, 35, 4, 2356, 0.030, 0, 0.000, 299, 0.004, 0.034
2641, 0.5, 35, 2, 34, 66.0, 10, 0.0, 0.0, 56, 35, 4, 2356, 0.030, 0, 0.000, 299, 0.004, 0.034
2643, 0.5, 35, 2, 34, 66.0, 10, 0.0, 0.0, 56, 35, 4, 2356, 0.030, 0, 0.000, 299, 0.004, 0.034
2644, 0.5, 35, 2, 34, 66.0, 10, 0.0, 0.0, 56, 35, 4, 2356, 0.030, 0, 0.000, 299, 0.004, 0.034
2645, 0.6, 35, 2, 34, 66.0, 10, 0.0, 0.0, 56, 35, 4, 2356, 0.030, 0, 0.000, 299, 0.004, 0.034
2646, 0.5, 35, 2, 34, 66.0, 10, 0.0, 0.0, 56, 35, 4, 2356, 0.030, 0, 0.000, 299, 0.004, 0.034
2648, 0.5, 35, 2, 34, 66.0, 10, 0.0, 0.0, 56, 35, 4, 2356, 0.030, 0, 0.000, 299, 0.004, 0.034
2649, 0.6, 35, 2, 34, 66.0, 10, 0.0, 0.0, 56, 35, 4, 2356, 0.030, 0, 0.000, 299, 0.004, 0.034
2650, 0.5, 35, 2, 34, 66.0, 10, 0.0, 0.0, 56, 35, 4, 2356, 0.030, 0, 0.000, 299, 0.004, 0.034
2651, 0.6, 35, 2, 34, 66.0, 10, 0.0, 0.0, 56, 35, 4, 2356, 0.030, 0, 0.000, 299, 0.004, 0.034
2652, 0.5, 35, 2, 34, 66.0, 10, 0.0, 0.0, 56, 35, 4, 2356, 0.030, 0, 0.000, 299, 0.004, 0.034
2654, 0.6, 35, 2, 34, 66.0, 10, 0.0, 0.0, 56, 35, 4, 2356, 0.030, 0, 0.000, 299, 0.004, 0.034
2655, 0.5, 35, 2, 34, 66.0, 10, 0.0, 0.0, 56, 35, 4, 2356, 0.030, 0, 0.000, 299, 0.004, 0.034
2656, 0.5, 35, 2, 34, 66.0, 10, 0.0, 0.0, 56, 35, 4, 2356, 0.030, 0, 0.000, 299, 0.004, 0.034
2657, 0.5, 35, 2, 34, 66.0, 10, 0.0, 0.0, 56, 35, 4, 2356, 0.030, 0, 0.000, 299, 0.004, 0.034
2659, 0.6, 35, 2, 34, 66.0, 10, 0.0, 0.0, 56, 35, 4, 2356, 0.030, 0, 0.000, 299, 0.004, 0.034
2660, 0.5, 35, 2, 34, 66.0, 10, 0.0, 0.0, 56, 35, 4, 2356, 0.030, 0, 0.000, 299, 0.004, 0.034
2661, 0.5, 35, 2, 34, 66.0, 10, 0.0, 0.0, 56, 35, 4, 2356, 0.030, 0, 0.000, 299, 0.004, 0.034
2662, 0.6, 35, 2, 34, 66.0, 10, 0.0, 0.0, 56, 35, 4, 2356, 0.030, 0, 0.000, 299, 0.004, 0.034
2664, 0.5, 35, 2, 34, 66.0, 10, 0.0, 0.0, 56, 35, 4, 2356, 0.030, 0, 0.000, 299, 0.004, 0.034
2665, 0.5, 35, 2, 34, 66.0, 10, 0.0, 0.0, 56, 35, 4, 2356, 0.030, 0, 0.000, 299, 0.004, 0.034
2666, 0.5, 35, 2, 34, 66.0, 10, 0.0, 0.0, 56, 35, 4, 2356, 0.030, 0, 0.000, 299, 0.004, 0.034
2667, 0.4, 35, 2, 34, 66.0, 10, 0.0, 0.0, 56, 35, 4, 2356, 0.030, 0, 0.000, 299, 0.004, 0.034
2668, 0.5, 35, 2, 34, 66.0, 10, 0.0, 0.0, 56, 35, 4, 2356, 0.030, 0, 0.000, 299, 0.004, 0.034
2670, 0.6, 35, 2, 34, 66.0, 10, 0.0, 0.0, 56, 35, 4, 2356, 0.030, 0, 0.000, 299, 0.004, 0.034
2671, 0.5, 35, 2, 34, 66.0, 10, 0.0, 0.0, 56, 35, 4, 2356, 0.030, 0, 0.000, 299, 0.004, 0.034
2672, 0.5, 35, 2, 34, 66.0, 10, 0.0, 0.0, 56, 35, 4, 2356, 0.030, 0, 0.000, 299, 0.004, 0.034
2673, 0.6, 35, 2, 34, 66.0, 10, 0.0, 0.0, 56, 35, 4, 2356, 0.030, 0, 0.000, 299, 0.004, 0.034
2675, 0.5, 35, 2, 34, 66.0, 10, 0.0, 0.0, 56, 35, 4, 2356, 0.030, 0, 0.000, 299, 0.004, 0.034
2676, 0.5, 35, 2, 34, 66.0, 10, 0.0, 0.0, 56, 35, 4, 2356, 0.030, 0, 0.000, 299, 0.004, 0.034
2677, 0.5, 35, 2, 34, 66.0, 10, 0.0, 0.0, 56, 35, 4, 2356, 0.030, 0, 0.000, 299, 0.004, 0.034
2678, 0.5, 35, 2, 34, 66.0, 10, 0.0, 0.0, 56, 35, 4, 2356, 0.030, 0, 0.000, 299, 0.004, 0.034
2679, 0.6, 35, 2, 34, 66.0, 10, 0.0, 0.0, 56, 35, 4, 2356, 0.030, 0, 0.000, 299, 0.004, 0.034
2681, 0.6, 35, 2, 34, 66.0, 10, 0.0, 0.0, 56, 35, 4, 2356, 0.030, 0, 0.000, 299, 0.004, 0.034
2682, 0.5, 35, 2, 34, 66.0, 10, 0.0, 0.0, 56, 35, 4, 2356, 0.030, 0, 0.000, 299, 0.004, 0.034
2683, 0.6, 35, 2, 34, 66.0, 10, 0.0, 0.0, 56, 35, 4, 2356, 0.030, 0, 0.000, 299, 0.004, 0.034
2684, 0.5, 35, 2, 34, 66.0, 10, 0.0, 0.0, 56, 35, 4, 2356, 0.030, 0, 0.000, 299, 0.004, 0.034
2686, 0.5, 35, 2, 34, 66.0, 10, 0.0, 0.0, 56, 35, 4, 2356, 0.030, 0, 0.000, 299, 0.004, 0.034
2687, 0.6, 35, 2, 34, 66.0, 10, 0.0, 0.0, 56, 35, 4, 2356, 0.030, 0, 0.000, 299, 0.004, 0.034
2688, 0.5, 35, 2, 34, 66.0, 10, 0.0, 0.0, 56, 35, 4, 2356, 0.030, 0, 0.000, 299, 0.004, 0.034
2689, 0.5, 35, 2, 34, 66.0, 10, 0.0, 0.0, 56, 35, 4, 2356, 0.030, 0, 0.000, 299, 0.004, 0.034
2691, 0.5, 35, 2, 34, 66.0, 10, 0.0, 0.0, 56, 35, 4, 2356, 0.030, 0, 0.000, 299, 0.004, 0.034
2692, 0.6, 35, 2, 34, 66.0, 10, 0.0, 0.0, 56, 35, 4, 2356, 0.030, 0, 0.000, 299, 0.004, 0.034
2693, 0.5, 35, 2, 34, 66.0, 10, 0.0, 0.0, 56, 35, 4, 2356, 0.030, 0, 0.000, 299, 0.004, 0.034
2694, 0.5, 35, 2, 34, 66.0, 10, 0.0, 0.0, 56, 35, 4, 2356, 0.030, 0, 0.000, 299, 0.004, 0.034
2696, 0.5, 35, 2, 34, 66.0, 10, 0.0, 0.0, 56, 35, 4, 2356, 0.030, 0, 0.000, 299, 0.004, 0.034
2697, 0.5, 35, 2, 34, 66.0, 10, 0.0, 0.0, 56, 35, 4, 2356, 0.030, 0, 0.000, 299, 0.004, 0.034
2698, 0.6, 35, 2, 34, 66.0, 10, 0.0, 0.0, 56, 35, 4, 2356, 0.030, 0, 0.000, 299, 0.004, 0.034
2699, 0.5, 35, 2, 34, 66.0, 10, 0.0, 0.0, 56, 35, 4, 2356, 0.030, 0, 0.000, 299, 0.004, 0.034
2700, 0.5, 35, 2, 34, 66.0, 10, 0.0, 0.0, 56, 35, 4, 2356, 0.030, 0, 0.000, 299, 0.004, 0.034
2702, 0.5, 35, 2, 34, 66.0, 10, 0.0, 0.0, 56, 35, 4, 2356, 0.030, 0, 0.000, 299, 0.004, 0.034
2703, 0.6, 35, 2, 34, 66.0, 10, 0.0, 0.0, 56, 35, 4, 2356, 0.030, 0, 0.000, 299, 0.004, 0.034
2704, 0.5, 35, 2, 34, 66.0, 10, 0.0, 0.0, 56, 35, 4, 2356, 0.030, 0, 0.000, 299, 0.004, 0.034
2705, 0.5, 35, 2, 34, 66.0, 10, 0.0, 0.0, 56, 35, 4, 2356, 0.030, 0, 0.000, 299, 0.004, 0.034
2707, 0.5, 35, 2, 34, 66.0, 10, 0.0, 0.0, 56, 35, 4, 2356, 0.030, 0, 0.000, 299, 0.004, 0.034
2708, 0.5, 35, 2, 34, 66.0, 10, 0.0, 0.0, 56, 35, 4, 2356, 0.030, 0, 0.000, 299, 0.004, 0.034
2709, 0.6, 35, 2, 34, 66.0, 10, 0.0, 0.0, 56, 35, 4, 2356, 0.030, 0, 0.000, 299, 0.004, 0.034
2710, 0.5, 35, 2, 34, 66.0, 10, 0.0, 0.0, 56, 35, 4, 2356, 0.030, 0, 0.000, 299, 0.004, 0.034
2711, 0.6, 35, 2, 34, 66.0, 10, 0.0, 0.0, 56, 35, 4, 2356, 0.030, 0, 0.000, 299, 0.004, 0.034
2713, 0.5, 35, 2, 34, 66.0, 10, 0.0, 0.0, 56, 35, 4, 2356, 0.030, 0, 0.000, 299, 0.004, 0.034
2714, 0.5, 35, 2, 34, 66.0, 10, 0.0, 0.0, 56, 35, 4, 2356, 0.030, 0, 0.000, 299, 0.004, 0.034
2715, 0.5, 35, 2, 34, 66.0, 10, 0.0, 0.0, 56, 35, 4, 2356, 0.030, 0, 0.000, 299, 0.004, 0.034
2716, 0.5, 35, 2, 34, 66.0, 10, 0.0, 0.0, 56, 35, 4, 2356, 0.030, 0, 0.000, 299, 0.004, 0.034
2718, 0.5, 35, 2, 34, 66.0, 10, 0.0, 0.0, 56, 35, 4, 2356, 0.030, 0, 0.000, 299, 0.004, 0.034
2719, 0.5, 35, 2, 34, 66.0, 10, 0.0, 0.0, 56, 35, 4, 2356, 0.030, 0, 0.000, 299, 0.004, 0.034
2720, 0.5, 35, 2, 34, 66.0, 10, 0.0, 0.0, 56, 35, 4, 2356, 0.030, 0, 0.000, 299, 0.004, 0.034
2721, 0.5, 35, 2, 34, 66.0, 10, 0.0, 0.0, 56, 35, 4, 2356, 0.030, 0, 0.000, 299, 0.004, 0.034
2723, 0.6, 35, 2, 34, 66.0, 10, 0.0, 0.0, 56, 35, 4, 2356, 0.030, 0, 0.000, 299, 0.004, 0.034
2724, 0.5, 35, 2, 34, 66.0, 10, 0.0, 0.0, 56, 35, 4, 2356, 0.030, 0, 0.000, 299, 0.004, 0.034
2725, 0.5, 35, 2, 34, 66.0, 10, 0.0, 0.0, 56, 35, 4, 2356, 0.030, 0, 0.000, 299, 0.004, 0.034
2726, 0.6, 35, 2, 34, 66.0, 10, 0.0, 0.0, 56, 35, 4, 2356, 0.030, 0, 0.000, 299, 0.004, 0.034
2727, 0.6, 35, 2, 34, 66.0, 10, 0.0, 0.0, 56, 35, 4, 2356, 0.030, 0, 0.000, 299, 0.004, 0.034
2729, 0.5, 35, 2, 34, 66.0, 10, 0.0, 0.0, 56, 35, 4, 2356, 0.030, 0, 0.000, 299, 0.004, 0.034
2730, 0.6, 35, 2, 34, 66.0, 10, 0.0, 0.0, 56, 35, 4, 2356, 0.030, 0, 0.000, 299, 0.004, 0.034
2731, 0.6, 35, 2, 34, 66.0, 10, 0.0, 0.0, 56, 35, 4, 2356, 0.030, 0, 0.000, 299, 0.004, 0.034
2732, 0.6, 35, 2, 34, 66.0, 10, 0.0, 0.0, 56, 35, 4, 2356, 0.030, 0, 0.000, 299, 0.004, 0.034
2734, 0.6, 35, 2, 34, 66.0, 10, 0.0, 0.0, 56, 35, 4, 2356, 0.030, 0, 0.000, 299, 0.004, 0.034
2735, 0.5, 35, 2, 34, 66.0, 10, 0.0, 0.0, 56, 35, 4, 2356, 0.030, 0, 0.000, 299, 0.004, 0.034
2736, 0.6, 35, 2, 34, 66.0, 10, 0.0, 0.0, 56, 35, 4, 2356, 0.030, 0, 0.000, 299, 0.004, 0.034
2737, 0.5, 35, 2, 34, 66.0, 10, 0.0, 0.0, 56, 35, 4, 2356, 0.030, 0, 0.000, 299, 0.004, 0.034
2738, 0.5, 35, 2, 34, 66.0, 10, 0.0, 0.0, 56, 35, 4, 2356, 0.030, 0, 0.000, 299, 0.004, 0.034
2740, 0.6, 35, 2, 34, 66.0, 10, 0.0, 0.0, 56, 35, 4, 2356, 0.030, 0, 0.000, 299, 0.004, 0.034
2741, 0.6, 35, 2, 34, 66.0, 10, 0.0, 0.0, 56, 35, 4, 2356, 0.030, 0, 0.000, 299, 0.004, 0.034
2742, 0.5, 35, 2, 34, 66.0, 10, 0.0, 0.0, 56, 35, 4, 2356, 0.030, 0, 0.000, 299, 0.004, 0.034
2743, 0.5, 35, 2, 34, 66.0, 10, 0.0, 0.0, 56, 35, 4, 2356, 0.030, 0, 0.000, 299, 0.004, 0.034
2745, 0.5, 35, 2, 34, 66.0, 10, 0.0, 0.0, 56, 35, 4, 2356, 0.030, 0, 0.000, 299, 0.004, 0.034
2746, 0.5, 35, 2, 34, 66.0, 10, 0.0, 0.0, 56, 35, 4, 2356, 0.030, 0, 0.000, 299, 0.004, 0.034
2747, 0.5, 35, 2, 34, 66.0, 10, 0.0, 0.0, 56, 35, 4, 2356, 0.030, 0, 0.000, 299, 0.004, 0.034
2748, 0.5, 35, 2, 34, 66.0, 10, 0.0, 0.0, 56, 35, 4, 2356, 0.030, 0, 0.000, 299, 0.004, 0.034
2750, 0.4, 35, 2, 34, 66.0, 10, 0.0, 0.0, 56, 35, 4, 2356, 0.030, 0, 0.000, 299, 0.004, 0.034
2751, 0.5, 35, 2, 34, 66.0, 10, 0.0, 0.0, 56, 35, 4, 2356, 0.030, 0, 0.000, 299, 0.004, 0.034
2752, 0.5, 35, 2, 34, 66.0, 10, 0.0, 0.0, 56, 35, 4, 2356, 0.030, 0, 0.000, 299, 0.004, 0.034
2753, 0.5, 35, 2, 34, 66.0, 10, 0.0, 0.0, 56, 35, 4, 2356, 0.030, 0, 0.000, 299, 0.004, 0.034
2755, 0.6, 35, 2, 34, 66.0, 10, 0.0, 0.0, 56, 35, 4, 2356, 0.030, 0, 0.000, 299, 0.004, 0.034
2756, 0.6, 35, 2, 34, 66.0, 10, 0.0, 0.0, 56, 35, 4, 2356, 0.030, 0, 0.000, 299, 0.004, 0.034
2757, 0.5, 35, 2, 34, 66.0, 10, 0.0, 0.0, 56, 35, 4, 2356, 0.030, 0, 0.000, 299, 0.004, 0.034
2758, 0.6, 35, 2, 34, 66.0, 10, 0.0, 0.0, 56, 35, 4, 2356, 0.030, 0, 0.000, 299, 0.004, 0.034
2759, 0.6, 35, 2, 34, 66.0, 10, 0.0, 0.0, 56, 35, 4, 2356, 0.030, 0, 0.000, 299, 0.004, 0.034
2761, 0.5, 35, 2, 34, 66.0, 10, 0.0, 0.0, 56, 35, 4, 2356, 0.030, 0, 0.000, 299, 0.004, 0.034
2762, 0.6, 35, 2, 34, 66.0, 10, 0.0, 0.0, 56, 35, 4, 2356, 0.030, 0, 0.000, 299, 0.004, 0.034
2763, 0.5, 35, 2, 34, 66.0, 10, 0.0, 0.0, 56, 35, 4, 2356, 0.030, 0, 0.000, 299, 0.004, 0.034
2764, 0.5, 35, 2, 34, 66.0, 10, 0.0, 0.0, 56, 35, 4, 2356, 0.030, 0, 0.000, 299, 0.004, 0.034
2766, 0.6, 35, 2, 34, 66.0, 10, 0.0, 0.0, 56, 35, 4, 2356, 0.030, 0, 0.000, 299, 0.004, 0.034
2767, 0.5, 35, 2, 34, 66.0, 10, 0.0, 0.0, 56, 35, 4, 2356, 0.030, 0, 0.000, 299, 0.004, 0.034
2768, 0.5, 35, 2, 34, 66.0, 10, 0.0, 0.0, 56, 35, 4, 2356, 0.030, 0, 0.000, 299, 0.004, 0.034
2769, 0.5, 35, 2, 34, 66.0, 10, 0.0, 0.0, 56, 35, 4, 2356, 0.030, 0, 0.000, 299, 0.004, 0.034
2771, 0.5, 35, 2, 34, 66.0, 10, 0.0, 0.0, 56, 35, 4, 2356, 0.030, 0, 0.000, 299, 0.004, 0.034
2772, 0.5, 35, 2, 34, 66.0, 10, 0.0, 0.0, 56, 35, 4, 2356, 0.030, 0, 0.000, 299, 0.004, 0.034
2773, 0.6, 35, 2, 34, 66.0, 10, 0.0, 0.0, 56, 35, 4, 2356, 0.030, 0, 0.000, 299, 0.004, 0.034
2774, 0.6, 35, 2, 34, 66.0, 10, 0.0, 0.0, 56, 35, 4, 2356, 0.030, 0, 0.000, 299, 0.004, 0.034
2776, 0.5, 35, 2, 34, 66.0, 10, 0.0, 0.0, 56, 35, 4, 2356, 0.030, 0, 0.000, 299, 0.004, 0.034
2777, 0.5, 35, 2, 34, 66.0, 10, 0.0, 0.0, 56, 35, 4, 2356, 0.030, 0, 0.000, 299, 0.004, 0.034
